sku_id,week_start,units_sold,revenue,unit_price,promo_days,on_hand_units,on_order_units,lead_time_days,safety_stock,reorder_point,category,subcategory,unit_cost,list_price,is_holiday,season,promo_flag
SKU001,2024-01-01,106,388389.3,3664.05,0,16,23,11,7,18,Furniture,Chair,1758.45,3664.05,0,Winter,0
SKU001,2024-01-08,85,311444.25,3664.05,0,16,23,11,7,18,Furniture,Chair,1758.45,3664.05,0,Winter,0
SKU001,2024-01-15,117,428693.85,3664.05,0,16,23,11,7,18,Furniture,Chair,1758.45,3664.05,0,Winter,0
SKU001,2024-01-22,89,326100.45,3664.05,0,16,23,11,7,18,Furniture,Chair,1758.45,3664.05,1,Winter,0
SKU001,2024-01-29,119,436021.94999999995,3664.05,0,918,496,3,246,346,Furniture,Chair,1758.45,3664.05,0,Winter,0
SKU001,2024-02-05,112,410373.6,3664.05,0,918,496,3,246,346,Furniture,Chair,1758.45,3664.05,0,Winter,0
SKU001,2024-02-12,104,381061.2,3664.05,0,918,496,3,246,346,Furniture,Chair,1758.45,3664.05,0,Winter,0
SKU001,2024-02-19,120,439686.0,3664.05,0,918,496,3,246,346,Furniture,Chair,1758.45,3664.05,0,Winter,0
SKU001,2024-02-26,103,377397.15,3664.05,2,502,312,8,270,553,Furniture,Chair,1758.45,3664.05,0,Winter,1
SKU001,2024-03-04,119,436021.95,3664.05,2,502,312,8,270,553,Furniture,Chair,1758.45,3664.05,0,Spring,1
SKU001,2024-03-11,122,447014.1,3664.05,2,502,312,8,270,553,Furniture,Chair,1758.45,3664.05,0,Spring,1
SKU001,2024-03-18,130,476326.5,3664.05,2,502,312,8,270,553,Furniture,Chair,1758.45,3664.05,0,Spring,1
SKU001,2024-03-25,102,373733.1,3664.05,2,502,312,8,270,553,Furniture,Chair,1758.45,3664.05,0,Spring,1
SKU001,2024-04-01,122,447014.1,3664.05,0,617,58,8,316,654,Furniture,Chair,1758.45,3664.05,0,Spring,0
SKU001,2024-04-08,115,421365.75,3664.05,0,617,58,8,316,654,Furniture,Chair,1758.45,3664.05,0,Spring,0
SKU001,2024-04-15,103,377397.15,3664.05,0,617,58,8,316,654,Furniture,Chair,1758.45,3664.05,0,Spring,0
SKU001,2024-04-22,112,410373.6,3664.05,0,617,58,8,316,654,Furniture,Chair,1758.45,3664.05,0,Spring,0
SKU001,2024-04-29,110,403045.5,3664.05,0,1195,588,5,318,518,Furniture,Chair,1758.45,3664.05,0,Spring,0
SKU001,2024-05-06,117,428693.85,3664.05,0,1195,588,5,318,518,Furniture,Chair,1758.45,3664.05,0,Summer,0
SKU001,2024-05-13,115,421365.75,3664.05,0,1195,588,5,318,518,Furniture,Chair,1758.45,3664.05,0,Summer,0
SKU001,2024-05-20,115,421365.75,3664.05,0,1195,588,5,318,518,Furniture,Chair,1758.45,3664.05,0,Summer,0
SKU001,2024-05-27,108,395717.4,3664.05,2,347,499,7,262,521,Furniture,Chair,1758.45,3664.05,0,Summer,1
SKU001,2024-06-03,126,461670.3,3664.05,2,347,499,7,262,521,Furniture,Chair,1758.45,3664.05,0,Summer,1
SKU001,2024-06-10,106,388389.3,3664.05,2,347,499,7,262,521,Furniture,Chair,1758.45,3664.05,0,Summer,1
SKU001,2024-06-17,100,366405.0,3664.05,2,347,499,7,262,521,Furniture,Chair,1758.45,3664.05,0,Summer,1
SKU001,2024-06-24,124,454342.2,3664.05,2,347,499,7,262,521,Furniture,Chair,1758.45,3664.05,0,Summer,1
SKU001,2024-07-01,84,307780.2,3664.05,0,928,173,11,184,635,Furniture,Chair,1758.45,3664.05,0,Monsoon,0
SKU001,2024-07-08,101,370069.05,3664.05,0,928,173,11,184,635,Furniture,Chair,1758.45,3664.05,0,Monsoon,0
SKU001,2024-07-15,75,274803.75,3664.05,0,928,173,11,184,635,Furniture,Chair,1758.45,3664.05,0,Monsoon,0
SKU001,2024-07-22,96,351748.8,3664.05,0,928,173,11,184,635,Furniture,Chair,1758.45,3664.05,0,Monsoon,0
SKU001,2024-07-29,94,344420.7,3664.05,0,208,776,11,131,499,Furniture,Chair,1758.45,3664.05,0,Monsoon,0
SKU001,2024-08-05,82,300452.1,3664.05,0,208,776,11,131,499,Furniture,Chair,1758.45,3664.05,0,Monsoon,0
SKU001,2024-08-12,89,326100.45,3664.05,0,208,776,11,131,499,Furniture,Chair,1758.45,3664.05,1,Monsoon,0
SKU001,2024-08-19,98,359076.9,3664.05,0,208,776,11,131,499,Furniture,Chair,1758.45,3664.05,0,Monsoon,0
SKU001,2024-08-26,92,337092.6,3664.05,1,374,550,6,176,355,Furniture,Chair,1758.45,3664.05,0,Monsoon,1
SKU001,2024-09-02,96,351748.8,3664.05,2,374,550,6,176,355,Furniture,Chair,1758.45,3664.05,0,Monsoon,1
SKU001,2024-09-09,89,326100.45,3664.05,2,374,550,6,176,355,Furniture,Chair,1758.45,3664.05,0,Monsoon,1
SKU001,2024-09-16,104,381061.19999999995,3664.05,2,374,550,6,176,355,Furniture,Chair,1758.45,3664.05,0,Monsoon,1
SKU001,2024-09-23,109,399381.45,3664.05,2,374,550,6,176,355,Furniture,Chair,1758.45,3664.05,0,Monsoon,1
SKU001,2024-09-30,71,260147.55,3664.05,0,583,941,14,135,562,Furniture,Chair,1758.45,3664.05,0,Monsoon,0
SKU001,2024-10-07,82,300452.1,3664.05,0,583,941,14,135,562,Furniture,Chair,1758.45,3664.05,0,Autumn,0
SKU001,2024-10-14,88,322436.4,3664.05,0,583,941,14,135,562,Furniture,Chair,1758.45,3664.05,0,Autumn,0
SKU001,2024-10-21,89,326100.45,3664.05,0,583,941,14,135,562,Furniture,Chair,1758.45,3664.05,0,Autumn,0
SKU001,2024-10-28,83,304116.15,3664.05,2,891,598,7,188,371,Furniture,Chair,1758.45,3664.05,1,Autumn,1
SKU001,2024-11-04,99,362740.95,3664.05,2,891,598,7,188,371,Furniture,Chair,1758.45,3664.05,0,Autumn,1
SKU001,2024-11-11,80,293124.0,3664.05,2,891,598,7,188,371,Furniture,Chair,1758.45,3664.05,0,Autumn,1
SKU001,2024-11-18,88,322436.39999999997,3664.05,2,891,598,7,188,371,Furniture,Chair,1758.45,3664.05,0,Autumn,1
SKU001,2024-11-25,68,249155.4,3664.05,1,790,15,13,156,549,Furniture,Chair,1758.45,3664.05,0,Autumn,1
SKU001,2024-12-02,83,304116.15,3664.05,0,790,15,13,156,549,Furniture,Chair,1758.45,3664.05,0,Winter,0
SKU001,2024-12-09,94,344420.7,3664.05,0,790,15,13,156,549,Furniture,Chair,1758.45,3664.05,0,Winter,0
SKU001,2024-12-16,77,282131.85,3664.05,0,790,15,13,156,549,Furniture,Chair,1758.45,3664.05,0,Winter,0
SKU001,2024-12-23,105,384725.25,3664.05,0,790,15,13,156,549,Furniture,Chair,1758.45,3664.05,1,Winter,0
SKU001,2024-12-30,78,285795.9,3664.05,0,558,184,9,144,414,Furniture,Chair,1758.45,3664.05,0,Winter,0
SKU001,2025-01-06,100,366405.0,3664.05,0,558,184,9,144,414,Furniture,Chair,1758.45,3664.05,0,Winter,0
SKU001,2025-01-13,89,326100.44999999995,3664.05,0,558,184,9,144,414,Furniture,Chair,1758.45,3664.05,0,Winter,0
SKU001,2025-01-20,103,377397.15,3664.05,0,558,184,9,144,414,Furniture,Chair,1758.45,3664.05,1,Winter,0
SKU001,2025-01-27,100,366405.0,3664.05,0,686,690,9,151,438,Furniture,Chair,1758.45,3664.05,0,Winter,0
SKU001,2025-02-03,106,388389.3,3664.05,0,686,690,9,151,438,Furniture,Chair,1758.45,3664.05,0,Winter,0
SKU001,2025-02-10,124,454342.2,3664.05,0,686,690,9,151,438,Furniture,Chair,1758.45,3664.05,0,Winter,0
SKU001,2025-02-17,116,425029.8,3664.05,0,686,690,9,151,438,Furniture,Chair,1758.45,3664.05,0,Winter,0
SKU001,2025-02-24,111,406709.55,3664.05,2,549,571,9,221,544,Furniture,Chair,1758.45,3664.05,0,Winter,1
SKU001,2025-03-03,98,359076.9,3664.05,2,549,571,9,221,544,Furniture,Chair,1758.45,3664.05,0,Spring,1
SKU001,2025-03-10,133,487318.65,3664.05,2,549,571,9,221,544,Furniture,Chair,1758.45,3664.05,0,Spring,1
SKU001,2025-03-17,128,468998.4,3664.05,2,549,571,9,221,544,Furniture,Chair,1758.45,3664.05,0,Spring,1
SKU001,2025-03-24,115,421365.75,3664.05,2,549,571,9,221,544,Furniture,Chair,1758.45,3664.05,0,Spring,1
SKU001,2025-03-31,100,366405.0,3664.05,0,1244,1262,14,164,752,Furniture,Chair,1758.45,3664.05,0,Spring,0
SKU001,2025-04-07,112,410373.6,3664.05,0,1244,1262,14,164,752,Furniture,Chair,1758.45,3664.05,0,Spring,0
SKU001,2025-04-14,108,395717.39999999997,3664.05,0,1244,1262,14,164,752,Furniture,Chair,1758.45,3664.05,0,Spring,0
SKU001,2025-04-21,134,490982.7,3664.05,0,1244,1262,14,164,752,Furniture,Chair,1758.45,3664.05,0,Spring,0
SKU001,2025-04-28,99,362740.94999999995,3664.05,0,868,76,11,275,700,Furniture,Chair,1758.45,3664.05,0,Spring,0
SKU001,2025-05-05,119,436021.95,3664.05,0,868,76,11,275,700,Furniture,Chair,1758.45,3664.05,0,Summer,0
SKU001,2025-05-12,115,421365.75,3664.05,0,868,76,11,275,700,Furniture,Chair,1758.45,3664.05,0,Summer,0
SKU001,2025-05-19,119,436021.95,3664.05,0,868,76,11,275,700,Furniture,Chair,1758.45,3664.05,0,Summer,0
SKU001,2025-05-26,111,406709.55,3664.05,1,406,297,3,126,239,Furniture,Chair,1758.45,3664.05,0,Summer,1
SKU001,2025-06-02,121,443350.05000000005,3664.05,2,406,297,3,126,239,Furniture,Chair,1758.45,3664.05,0,Summer,1
SKU001,2025-06-09,104,381061.2,3664.05,2,406,297,3,126,239,Furniture,Chair,1758.45,3664.05,0,Summer,1
SKU001,2025-06-16,110,403045.5,3664.05,2,406,297,3,126,239,Furniture,Chair,1758.45,3664.05,0,Summer,1
SKU001,2025-06-23,134,490982.69999999995,3664.05,2,406,297,3,126,239,Furniture,Chair,1758.45,3664.05,0,Summer,1
SKU001,2025-06-30,101,370069.05,3664.05,0,1121,404,4,214,376,Furniture,Chair,1758.45,3664.05,0,Summer,0
SKU001,2025-07-07,111,406709.55,3664.05,0,1121,404,4,214,376,Furniture,Chair,1758.45,3664.05,0,Monsoon,0
SKU001,2025-07-14,118,432357.9,3664.05,0,1121,404,4,214,376,Furniture,Chair,1758.45,3664.05,0,Monsoon,0
SKU001,2025-07-21,111,406709.55,3664.05,0,1121,404,4,214,376,Furniture,Chair,1758.45,3664.05,0,Monsoon,0
SKU001,2025-07-28,101,370069.05,3664.05,0,709,1015,9,238,533,Furniture,Chair,1758.45,3664.05,0,Monsoon,0
SKU001,2025-08-04,77,282131.85,3664.05,0,709,1015,9,238,533,Furniture,Chair,1758.45,3664.05,0,Monsoon,0
SKU001,2025-08-11,90,329764.5,3664.05,0,709,1015,9,238,533,Furniture,Chair,1758.45,3664.05,1,Monsoon,0
SKU001,2025-08-18,91,333428.55,3664.05,0,709,1015,9,238,533,Furniture,Chair,1758.45,3664.05,0,Monsoon,0
SKU001,2025-08-25,97,355412.85,3664.05,0,709,1015,9,238,533,Furniture,Chair,1758.45,3664.05,0,Monsoon,0
SKU001,2025-09-01,88,322436.4,3664.05,2,226,257,13,153,547,Furniture,Chair,1758.45,3664.05,0,Monsoon,1
SKU001,2025-09-08,93,340756.65,3664.05,2,226,257,13,153,547,Furniture,Chair,1758.45,3664.05,0,Monsoon,1
SKU001,2025-09-15,88,322436.4,3664.05,2,226,257,13,153,547,Furniture,Chair,1758.45,3664.05,0,Monsoon,1
SKU001,2025-09-22,86,315108.3,3664.05,2,226,257,13,153,547,Furniture,Chair,1758.45,3664.05,0,Monsoon,1
SKU001,2025-09-29,83,304116.15,3664.05,0,663,307,3,132,226,Furniture,Chair,1758.45,3664.05,0,Monsoon,0
SKU001,2025-10-06,82,300452.1,3664.05,0,663,307,3,132,226,Furniture,Chair,1758.45,3664.05,0,Autumn,0
SKU001,2025-10-13,82,300452.1,3664.05,0,663,307,3,132,226,Furniture,Chair,1758.45,3664.05,0,Autumn,0
SKU001,2025-10-20,78,285795.9,3664.05,0,663,307,3,132,226,Furniture,Chair,1758.45,3664.05,1,Autumn,0
SKU001,2025-10-27,93,340756.65,3664.05,2,197,334,12,135,463,Furniture,Chair,1758.45,3664.05,0,Autumn,1
SKU001,2025-11-03,92,337092.6,3664.05,2,197,334,12,135,463,Furniture,Chair,1758.45,3664.05,0,Autumn,1
SKU001,2025-11-10,87,318772.35,3664.05,2,197,334,12,135,463,Furniture,Chair,1758.45,3664.05,0,Autumn,1
SKU001,2025-11-17,84,307780.2,3664.05,2,197,334,12,135,463,Furniture,Chair,1758.45,3664.05,0,Autumn,1
SKU001,2025-11-24,84,307780.2,3664.05,2,197,334,12,135,463,Furniture,Chair,1758.45,3664.05,0,Autumn,1
SKU001,2025-12-01,88,322436.4,3664.05,0,771,147,4,159,289,Furniture,Chair,1758.45,3664.05,0,Winter,0
SKU001,2025-12-08,89,326100.45,3664.05,0,771,147,4,159,289,Furniture,Chair,1758.45,3664.05,0,Winter,0
SKU001,2025-12-15,91,333428.55,3664.05,0,771,147,4,159,289,Furniture,Chair,1758.45,3664.05,0,Winter,0
SKU001,2025-12-22,76,278467.8,3664.05,0,771,147,4,159,289,Furniture,Chair,1758.45,3664.05,1,Winter,0
SKU002,2024-01-01,83,315872.27,3805.69,0,29,12,4,5,10,Home Decor,Table,3867.09,3805.69,0,Winter,0
SKU002,2024-01-08,61,232147.09,3805.69,0,29,12,4,5,10,Home Decor,Table,3867.09,3805.69,0,Winter,0
SKU002,2024-01-15,57,216924.33000000002,3805.69,0,29,12,4,5,10,Home Decor,Table,3867.09,3805.69,0,Winter,0
SKU002,2024-01-22,62,235952.78,3805.69,0,29,12,4,5,10,Home Decor,Table,3867.09,3805.69,1,Winter,0
SKU002,2024-01-29,68,258786.91999999998,3805.69,0,277,465,4,154,234,Home Decor,Table,3867.09,3805.69,0,Winter,0
SKU002,2024-02-05,72,274009.68,3805.69,0,277,465,4,154,234,Home Decor,Table,3867.09,3805.69,0,Winter,0
SKU002,2024-02-12,65,247369.85,3805.69,0,277,465,4,154,234,Home Decor,Table,3867.09,3805.69,0,Winter,0
SKU002,2024-02-19,64,243564.16,3805.69,0,277,465,4,154,234,Home Decor,Table,3867.09,3805.69,0,Winter,0
SKU002,2024-02-26,74,281621.06,3805.69,2,636,367,9,155,350,Home Decor,Table,3867.09,3805.69,0,Winter,1
SKU002,2024-03-04,69,262592.61,3805.69,2,636,367,9,155,350,Home Decor,Table,3867.09,3805.69,0,Spring,1
SKU002,2024-03-11,103,391986.07,3805.69,2,636,367,9,155,350,Home Decor,Table,3867.09,3805.69,0,Spring,1
SKU002,2024-03-18,89,338706.41000000003,3805.69,2,636,367,9,155,350,Home Decor,Table,3867.09,3805.69,0,Spring,1
SKU002,2024-03-25,106,403403.14,3805.69,2,636,367,9,155,350,Home Decor,Table,3867.09,3805.69,0,Spring,1
SKU002,2024-04-01,79,300649.51,3805.69,0,706,674,9,108,346,Home Decor,Table,3867.09,3805.69,0,Spring,0
SKU002,2024-04-08,76,289232.44,3805.69,0,706,674,9,108,346,Home Decor,Table,3867.09,3805.69,0,Spring,0
SKU002,2024-04-15,93,353929.17,3805.69,0,706,674,9,108,346,Home Decor,Table,3867.09,3805.69,0,Spring,0
SKU002,2024-04-22,75,285426.75,3805.69,0,706,674,9,108,346,Home Decor,Table,3867.09,3805.69,0,Spring,0
SKU002,2024-04-29,91,346317.79000000004,3805.69,0,791,86,10,123,356,Home Decor,Table,3867.09,3805.69,0,Spring,0
SKU002,2024-05-06,88,334900.72,3805.69,0,791,86,10,123,356,Home Decor,Table,3867.09,3805.69,0,Summer,0
SKU002,2024-05-13,86,327289.33999999997,3805.69,0,791,86,10,123,356,Home Decor,Table,3867.09,3805.69,0,Summer,0
SKU002,2024-05-20,78,296843.82,3805.69,0,791,86,10,123,356,Home Decor,Table,3867.09,3805.69,0,Summer,0
SKU002,2024-05-27,77,293038.13,3805.69,2,324,359,6,168,316,Home Decor,Table,3867.09,3805.69,0,Summer,1
SKU002,2024-06-03,76,289232.44,3805.69,2,324,359,6,168,316,Home Decor,Table,3867.09,3805.69,0,Summer,1
SKU002,2024-06-10,82,312066.58,3805.69,2,324,359,6,168,316,Home Decor,Table,3867.09,3805.69,0,Summer,1
SKU002,2024-06-17,62,235952.78,3805.69,2,324,359,6,168,316,Home Decor,Table,3867.09,3805.69,0,Summer,1
SKU002,2024-06-24,80,304455.2,3805.69,2,324,359,6,168,316,Home Decor,Table,3867.09,3805.69,0,Summer,1
SKU002,2024-07-01,81,308260.89,3805.69,0,517,515,13,170,490,Home Decor,Table,3867.09,3805.69,0,Monsoon,0
SKU002,2024-07-08,74,281621.06,3805.69,0,517,515,13,170,490,Home Decor,Table,3867.09,3805.69,0,Monsoon,0
SKU002,2024-07-15,84,319677.96,3805.69,0,517,515,13,170,490,Home Decor,Table,3867.09,3805.69,0,Monsoon,0
SKU002,2024-07-22,59,224535.71,3805.69,0,517,515,13,170,490,Home Decor,Table,3867.09,3805.69,0,Monsoon,0
SKU002,2024-07-29,51,194090.19,3805.69,0,283,360,10,91,299,Home Decor,Table,3867.09,3805.69,0,Monsoon,0
SKU002,2024-08-05,65,247369.85,3805.69,0,283,360,10,91,299,Home Decor,Table,3867.09,3805.69,0,Monsoon,0
SKU002,2024-08-12,58,220730.02,3805.69,0,283,360,10,91,299,Home Decor,Table,3867.09,3805.69,1,Monsoon,0
SKU002,2024-08-19,46,175061.74,3805.69,0,283,360,10,91,299,Home Decor,Table,3867.09,3805.69,0,Monsoon,0
SKU002,2024-08-26,69,262592.61,3805.69,1,512,183,7,70,192,Home Decor,Table,3867.09,3805.69,0,Monsoon,1
SKU002,2024-09-02,56,213118.64,3805.69,2,512,183,7,70,192,Home Decor,Table,3867.09,3805.69,0,Monsoon,1
SKU002,2024-09-09,61,232147.09,3805.69,2,512,183,7,70,192,Home Decor,Table,3867.09,3805.69,0,Monsoon,1
SKU002,2024-09-16,59,224535.71,3805.69,2,512,183,7,70,192,Home Decor,Table,3867.09,3805.69,0,Monsoon,1
SKU002,2024-09-23,63,239758.47,3805.69,2,512,183,7,70,192,Home Decor,Table,3867.09,3805.69,0,Monsoon,1
SKU002,2024-09-30,51,194090.19,3805.69,0,357,371,7,90,211,Home Decor,Table,3867.09,3805.69,0,Monsoon,0
SKU002,2024-10-07,65,247369.85,3805.69,0,357,371,7,90,211,Home Decor,Table,3867.09,3805.69,0,Autumn,0
SKU002,2024-10-14,72,274009.68,3805.69,0,357,371,7,90,211,Home Decor,Table,3867.09,3805.69,0,Autumn,0
SKU002,2024-10-21,47,178867.43,3805.69,0,357,371,7,90,211,Home Decor,Table,3867.09,3805.69,0,Autumn,0
SKU002,2024-10-28,65,247369.85,3805.69,2,507,3,14,67,311,Home Decor,Table,3867.09,3805.69,1,Autumn,1
SKU002,2024-11-04,52,197895.88,3805.69,2,507,3,14,67,311,Home Decor,Table,3867.09,3805.69,0,Autumn,1
SKU002,2024-11-11,67,254981.22999999998,3805.69,2,507,3,14,67,311,Home Decor,Table,3867.09,3805.69,0,Autumn,1
SKU002,2024-11-18,66,251175.54,3805.69,2,507,3,14,67,311,Home Decor,Table,3867.09,3805.69,0,Autumn,1
SKU002,2024-11-25,57,216924.33000000002,3805.69,1,459,109,4,91,159,Home Decor,Table,3867.09,3805.69,0,Autumn,1
SKU002,2024-12-02,66,251175.54,3805.69,0,459,109,4,91,159,Home Decor,Table,3867.09,3805.69,0,Winter,0
SKU002,2024-12-09,57,216924.33,3805.69,0,459,109,4,91,159,Home Decor,Table,3867.09,3805.69,0,Winter,0
SKU002,2024-12-16,59,224535.71,3805.69,0,459,109,4,91,159,Home Decor,Table,3867.09,3805.69,0,Winter,0
SKU002,2024-12-23,65,247369.84999999998,3805.69,0,459,109,4,91,159,Home Decor,Table,3867.09,3805.69,1,Winter,0
SKU002,2024-12-30,70,266398.3,3805.69,0,168,413,10,55,229,Home Decor,Table,3867.09,3805.69,0,Winter,0
SKU002,2025-01-06,63,239758.47,3805.69,0,168,413,10,55,229,Home Decor,Table,3867.09,3805.69,0,Winter,0
SKU002,2025-01-13,67,254981.23,3805.69,0,168,413,10,55,229,Home Decor,Table,3867.09,3805.69,0,Winter,0
SKU002,2025-01-20,66,251175.54,3805.69,0,168,413,10,55,229,Home Decor,Table,3867.09,3805.69,1,Winter,0
SKU002,2025-01-27,85,323483.64999999997,3805.69,0,455,542,11,153,368,Home Decor,Table,3867.09,3805.69,0,Winter,0
SKU002,2025-02-03,71,270203.99,3805.69,0,455,542,11,153,368,Home Decor,Table,3867.09,3805.69,0,Winter,0
SKU002,2025-02-10,79,300649.51,3805.69,0,455,542,11,153,368,Home Decor,Table,3867.09,3805.69,0,Winter,0
SKU002,2025-02-17,82,312066.58,3805.69,0,455,542,11,153,368,Home Decor,Table,3867.09,3805.69,0,Winter,0
SKU002,2025-02-24,95,361540.55,3805.69,2,230,341,10,96,322,Home Decor,Table,3867.09,3805.69,0,Winter,1
SKU002,2025-03-03,99,376763.31,3805.69,2,230,341,10,96,322,Home Decor,Table,3867.09,3805.69,0,Spring,1
SKU002,2025-03-10,80,304455.2,3805.69,2,230,341,10,96,322,Home Decor,Table,3867.09,3805.69,0,Spring,1
SKU002,2025-03-17,81,308260.89,3805.69,2,230,341,10,96,322,Home Decor,Table,3867.09,3805.69,0,Spring,1
SKU002,2025-03-24,96,365346.24,3805.69,2,230,341,10,96,322,Home Decor,Table,3867.09,3805.69,0,Spring,1
SKU002,2025-03-31,80,304455.2,3805.69,0,706,579,9,84,317,Home Decor,Table,3867.09,3805.69,0,Spring,0
SKU002,2025-04-07,89,338706.41000000003,3805.69,0,706,579,9,84,317,Home Decor,Table,3867.09,3805.69,0,Spring,0
SKU002,2025-04-14,82,312066.58,3805.69,0,706,579,9,84,317,Home Decor,Table,3867.09,3805.69,0,Spring,0
SKU002,2025-04-21,79,300649.51,3805.69,0,706,579,9,84,317,Home Decor,Table,3867.09,3805.69,0,Spring,0
SKU002,2025-04-28,67,254981.23,3805.69,0,400,231,7,175,340,Home Decor,Table,3867.09,3805.69,0,Spring,0
SKU002,2025-05-05,77,293038.13,3805.69,0,400,231,7,175,340,Home Decor,Table,3867.09,3805.69,0,Summer,0
SKU002,2025-05-12,84,319677.96,3805.69,0,400,231,7,175,340,Home Decor,Table,3867.09,3805.69,0,Summer,0
SKU002,2025-05-19,82,312066.58,3805.69,0,400,231,7,175,340,Home Decor,Table,3867.09,3805.69,0,Summer,0
SKU002,2025-05-26,93,353929.17,3805.69,1,606,130,10,89,336,Home Decor,Table,3867.09,3805.69,0,Summer,1
SKU002,2025-06-02,73,277815.37,3805.69,2,606,130,10,89,336,Home Decor,Table,3867.09,3805.69,0,Summer,1
SKU002,2025-06-09,91,346317.79,3805.69,2,606,130,10,89,336,Home Decor,Table,3867.09,3805.69,0,Summer,1
SKU002,2025-06-16,84,319677.96,3805.69,2,606,130,10,89,336,Home Decor,Table,3867.09,3805.69,0,Summer,1
SKU002,2025-06-23,70,266398.3,3805.69,2,606,130,10,89,336,Home Decor,Table,3867.09,3805.69,0,Summer,1
SKU002,2025-06-30,53,201701.57,3805.69,0,774,228,7,193,363,Home Decor,Table,3867.09,3805.69,0,Summer,0
SKU002,2025-07-07,78,296843.82,3805.69,0,774,228,7,193,363,Home Decor,Table,3867.09,3805.69,0,Monsoon,0
SKU002,2025-07-14,69,262592.61,3805.69,0,774,228,7,193,363,Home Decor,Table,3867.09,3805.69,0,Monsoon,0
SKU002,2025-07-21,76,289232.44,3805.69,0,774,228,7,193,363,Home Decor,Table,3867.09,3805.69,0,Monsoon,0
SKU002,2025-07-28,75,285426.75,3805.69,0,644,76,14,87,373,Home Decor,Table,3867.09,3805.69,0,Monsoon,0
SKU002,2025-08-04,60,228341.4,3805.69,0,644,76,14,87,373,Home Decor,Table,3867.09,3805.69,0,Monsoon,0
SKU002,2025-08-11,70,266398.3,3805.69,0,644,76,14,87,373,Home Decor,Table,3867.09,3805.69,1,Monsoon,0
SKU002,2025-08-18,70,266398.3,3805.69,0,644,76,14,87,373,Home Decor,Table,3867.09,3805.69,0,Monsoon,0
SKU002,2025-08-25,79,300649.51,3805.69,0,644,76,14,87,373,Home Decor,Table,3867.09,3805.69,0,Monsoon,0
SKU002,2025-09-01,62,235952.78,3805.69,2,120,34,10,57,240,Home Decor,Table,3867.09,3805.69,0,Monsoon,1
SKU002,2025-09-08,65,247369.85,3805.69,2,120,34,10,57,240,Home Decor,Table,3867.09,3805.69,0,Monsoon,1
SKU002,2025-09-15,79,300649.51,3805.69,2,120,34,10,57,240,Home Decor,Table,3867.09,3805.69,0,Monsoon,1
SKU002,2025-09-22,60,228341.4,3805.69,2,120,34,10,57,240,Home Decor,Table,3867.09,3805.69,0,Monsoon,1
SKU002,2025-09-29,63,239758.47,3805.69,0,599,204,13,112,350,Home Decor,Table,3867.09,3805.69,0,Monsoon,0
SKU002,2025-10-06,56,213118.64,3805.69,0,599,204,13,112,350,Home Decor,Table,3867.09,3805.69,0,Autumn,0
SKU002,2025-10-13,59,224535.71,3805.69,0,599,204,13,112,350,Home Decor,Table,3867.09,3805.69,0,Autumn,0
SKU002,2025-10-20,51,194090.19,3805.69,0,599,204,13,112,350,Home Decor,Table,3867.09,3805.69,1,Autumn,0
SKU002,2025-10-27,70,266398.3,3805.69,2,461,100,4,76,138,Home Decor,Table,3867.09,3805.69,0,Autumn,1
SKU002,2025-11-03,72,274009.68,3805.69,2,461,100,4,76,138,Home Decor,Table,3867.09,3805.69,0,Autumn,1
SKU002,2025-11-10,60,228341.4,3805.69,2,461,100,4,76,138,Home Decor,Table,3867.09,3805.69,0,Autumn,1
SKU002,2025-11-17,64,243564.16,3805.69,2,461,100,4,76,138,Home Decor,Table,3867.09,3805.69,0,Autumn,1
SKU002,2025-11-24,66,251175.54,3805.69,2,461,100,4,76,138,Home Decor,Table,3867.09,3805.69,0,Autumn,1
SKU002,2025-12-01,51,194090.19,3805.69,0,526,29,3,94,149,Home Decor,Table,3867.09,3805.69,0,Winter,0
SKU002,2025-12-08,55,209312.95,3805.69,0,526,29,3,94,149,Home Decor,Table,3867.09,3805.69,0,Winter,0
SKU002,2025-12-15,55,209312.95,3805.69,0,526,29,3,94,149,Home Decor,Table,3867.09,3805.69,0,Winter,0
SKU002,2025-12-22,51,194090.19,3805.69,0,526,29,3,94,149,Home Decor,Table,3867.09,3805.69,1,Winter,0
SKU003,2024-01-01,36,290816.28,8078.2300000000005,0,34,23,14,6,20,Kitchen,Cushion,589.48,8078.23,0,Winter,0
SKU003,2024-01-08,32,258503.36,8078.2300000000005,0,34,23,14,6,20,Kitchen,Cushion,589.48,8078.23,0,Winter,0
SKU003,2024-01-15,32,258503.36,8078.2300000000005,0,34,23,14,6,20,Kitchen,Cushion,589.48,8078.23,0,Winter,0
SKU003,2024-01-22,43,347363.88999999996,8078.2300000000005,0,34,23,14,6,20,Kitchen,Cushion,589.48,8078.23,1,Winter,0
SKU003,2024-01-29,40,323129.2,8078.2300000000005,0,309,257,11,39,177,Kitchen,Cushion,589.48,8078.23,0,Winter,0
SKU003,2024-02-05,46,371598.58,8078.2300000000005,0,309,257,11,39,177,Kitchen,Cushion,589.48,8078.23,0,Winter,0
SKU003,2024-02-12,34,274659.82,8078.2300000000005,0,309,257,11,39,177,Kitchen,Cushion,589.48,8078.23,0,Winter,0
SKU003,2024-02-19,44,355442.12,8078.2300000000005,0,309,257,11,39,177,Kitchen,Cushion,589.48,8078.23,0,Winter,0
SKU003,2024-02-26,52,420067.96,8078.2300000000005,2,211,442,11,111,263,Kitchen,Cushion,589.48,8078.23,0,Winter,1
SKU003,2024-03-04,66,533163.1799999999,8078.2300000000005,2,211,442,11,111,263,Kitchen,Cushion,589.48,8078.23,0,Spring,1
SKU003,2024-03-11,46,371598.57999999996,8078.2300000000005,2,211,442,11,111,263,Kitchen,Cushion,589.48,8078.23,0,Spring,1
SKU003,2024-03-18,48,387755.04000000004,8078.2300000000005,2,211,442,11,111,263,Kitchen,Cushion,589.48,8078.23,0,Spring,1
SKU003,2024-03-25,49,395833.27,8078.2300000000005,2,211,442,11,111,263,Kitchen,Cushion,589.48,8078.23,0,Spring,1
SKU003,2024-04-01,48,387755.04,8078.2300000000005,0,341,84,5,105,184,Kitchen,Cushion,589.48,8078.23,0,Spring,0
SKU003,2024-04-08,47,379676.81,8078.2300000000005,0,341,84,5,105,184,Kitchen,Cushion,589.48,8078.23,0,Spring,0
SKU003,2024-04-15,47,379676.81,8078.2300000000005,0,341,84,5,105,184,Kitchen,Cushion,589.48,8078.23,0,Spring,0
SKU003,2024-04-22,45,363520.35,8078.2300000000005,0,341,84,5,105,184,Kitchen,Cushion,589.48,8078.23,0,Spring,0
SKU003,2024-04-29,45,363520.35,8078.2300000000005,0,372,164,8,75,194,Kitchen,Cushion,589.48,8078.23,0,Spring,0
SKU003,2024-05-06,37,298894.51,8078.2300000000005,0,372,164,8,75,194,Kitchen,Cushion,589.48,8078.23,0,Summer,0
SKU003,2024-05-13,41,331207.43000000005,8078.2300000000005,0,372,164,8,75,194,Kitchen,Cushion,589.48,8078.23,0,Summer,0
SKU003,2024-05-20,50,403911.5,8078.2300000000005,0,372,164,8,75,194,Kitchen,Cushion,589.48,8078.23,0,Summer,0
SKU003,2024-05-27,60,484693.80000000005,8078.2300000000005,2,199,223,7,84,178,Kitchen,Cushion,589.48,8078.23,0,Summer,1
SKU003,2024-06-03,52,420067.96,8078.2300000000005,2,199,223,7,84,178,Kitchen,Cushion,589.48,8078.23,0,Summer,1
SKU003,2024-06-10,47,379676.81,8078.2300000000005,2,199,223,7,84,178,Kitchen,Cushion,589.48,8078.23,0,Summer,1
SKU003,2024-06-17,57,460459.11,8078.2300000000005,2,199,223,7,84,178,Kitchen,Cushion,589.48,8078.23,0,Summer,1
SKU003,2024-06-24,30,242346.9,8078.2300000000005,2,199,223,7,84,178,Kitchen,Cushion,589.48,8078.23,0,Summer,1
SKU003,2024-07-01,43,347363.89,8078.2300000000005,0,449,232,11,80,234,Kitchen,Cushion,589.48,8078.23,0,Monsoon,0
SKU003,2024-07-08,32,258503.36000000002,8078.2300000000005,0,449,232,11,80,234,Kitchen,Cushion,589.48,8078.23,0,Monsoon,0
SKU003,2024-07-15,28,226190.44,8078.2300000000005,0,449,232,11,80,234,Kitchen,Cushion,589.48,8078.23,0,Monsoon,0
SKU003,2024-07-22,42,339285.66000000003,8078.2300000000005,0,449,232,11,80,234,Kitchen,Cushion,589.48,8078.23,0,Monsoon,0
SKU003,2024-07-29,45,363520.35,8078.2300000000005,0,244,130,12,46,183,Kitchen,Cushion,589.48,8078.23,0,Monsoon,0
SKU003,2024-08-05,35,282738.05,8078.2300000000005,0,244,130,12,46,183,Kitchen,Cushion,589.48,8078.23,0,Monsoon,0
SKU003,2024-08-12,37,298894.51,8078.2300000000005,0,244,130,12,46,183,Kitchen,Cushion,589.48,8078.23,1,Monsoon,0
SKU003,2024-08-19,38,306972.74,8078.2300000000005,0,244,130,12,46,183,Kitchen,Cushion,589.48,8078.23,0,Monsoon,0
SKU003,2024-08-26,40,323129.2,8078.2300000000005,1,304,237,8,55,141,Kitchen,Cushion,589.48,8078.23,0,Monsoon,1
SKU003,2024-09-02,38,306972.74,8078.2300000000005,2,304,237,8,55,141,Kitchen,Cushion,589.48,8078.23,0,Monsoon,1
SKU003,2024-09-09,30,242346.9,8078.2300000000005,2,304,237,8,55,141,Kitchen,Cushion,589.48,8078.23,0,Monsoon,1
SKU003,2024-09-16,41,331207.43,8078.2300000000005,2,304,237,8,55,141,Kitchen,Cushion,589.48,8078.23,0,Monsoon,1
SKU003,2024-09-23,32,258503.36000000002,8078.2300000000005,2,304,237,8,55,141,Kitchen,Cushion,589.48,8078.23,0,Monsoon,1
SKU003,2024-09-30,32,258503.36,8078.2300000000005,0,275,48,9,55,148,Kitchen,Cushion,589.48,8078.23,0,Monsoon,0
SKU003,2024-10-07,34,274659.82,8078.2300000000005,0,275,48,9,55,148,Kitchen,Cushion,589.48,8078.23,0,Autumn,0
SKU003,2024-10-14,27,218112.21,8078.2300000000005,0,275,48,9,55,148,Kitchen,Cushion,589.48,8078.23,0,Autumn,0
SKU003,2024-10-21,35,282738.05,8078.2300000000005,0,275,48,9,55,148,Kitchen,Cushion,589.48,8078.23,0,Autumn,0
SKU003,2024-10-28,17,137329.91,8078.2300000000005,2,235,189,5,58,105,Kitchen,Cushion,589.48,8078.23,1,Autumn,1
SKU003,2024-11-04,41,331207.43,8078.2300000000005,2,235,189,5,58,105,Kitchen,Cushion,589.48,8078.23,0,Autumn,1
SKU003,2024-11-11,38,306972.74,8078.2300000000005,2,235,189,5,58,105,Kitchen,Cushion,589.48,8078.23,0,Autumn,1
SKU003,2024-11-18,39,315050.97,8078.2300000000005,2,235,189,5,58,105,Kitchen,Cushion,589.48,8078.23,0,Autumn,1
SKU003,2024-11-25,36,290816.28,8078.2300000000005,1,146,24,5,53,109,Kitchen,Cushion,589.48,8078.23,0,Autumn,1
SKU003,2024-12-02,38,306972.74,8078.2300000000005,0,146,24,5,53,109,Kitchen,Cushion,589.48,8078.23,0,Winter,0
SKU003,2024-12-09,23,185799.29,8078.2300000000005,0,146,24,5,53,109,Kitchen,Cushion,589.48,8078.23,0,Winter,0
SKU003,2024-12-16,48,387755.04,8078.2300000000005,0,146,24,5,53,109,Kitchen,Cushion,589.48,8078.23,0,Winter,0
SKU003,2024-12-23,30,242346.9,8078.2300000000005,0,146,24,5,53,109,Kitchen,Cushion,589.48,8078.23,1,Winter,0
SKU003,2024-12-30,32,258503.36,8078.2300000000005,0,389,199,7,61,139,Kitchen,Cushion,589.48,8078.23,0,Winter,0
SKU003,2025-01-06,34,274659.82,8078.2300000000005,0,389,199,7,61,139,Kitchen,Cushion,589.48,8078.23,0,Winter,0
SKU003,2025-01-13,41,331207.43,8078.2300000000005,0,389,199,7,61,139,Kitchen,Cushion,589.48,8078.23,0,Winter,0
SKU003,2025-01-20,23,185799.29,8078.2300000000005,0,389,199,7,61,139,Kitchen,Cushion,589.48,8078.23,1,Winter,0
SKU003,2025-01-27,40,323129.2,8078.2300000000005,0,392,283,14,71,230,Kitchen,Cushion,589.48,8078.23,0,Winter,0
SKU003,2025-02-03,34,274659.82,8078.2300000000005,0,392,283,14,71,230,Kitchen,Cushion,589.48,8078.23,0,Winter,0
SKU003,2025-02-10,47,379676.81,8078.2300000000005,0,392,283,14,71,230,Kitchen,Cushion,589.48,8078.23,0,Winter,0
SKU003,2025-02-17,45,363520.35,8078.2300000000005,0,392,283,14,71,230,Kitchen,Cushion,589.48,8078.23,0,Winter,0
SKU003,2025-02-24,54,436224.42,8078.2300000000005,2,443,138,3,98,136,Kitchen,Cushion,589.48,8078.23,0,Winter,1
SKU003,2025-03-03,44,355442.12,8078.2300000000005,2,443,138,3,98,136,Kitchen,Cushion,589.48,8078.23,0,Spring,1
SKU003,2025-03-10,57,460459.11000000004,8078.2300000000005,2,443,138,3,98,136,Kitchen,Cushion,589.48,8078.23,0,Spring,1
SKU003,2025-03-17,69,557397.87,8078.2300000000005,2,443,138,3,98,136,Kitchen,Cushion,589.48,8078.23,0,Spring,1
SKU003,2025-03-24,50,403911.5,8078.2300000000005,2,443,138,3,98,136,Kitchen,Cushion,589.48,8078.23,0,Spring,1
SKU003,2025-03-31,38,306972.74,8078.2300000000005,0,337,47,4,105,160,Kitchen,Cushion,589.48,8078.23,0,Spring,0
SKU003,2025-04-07,48,387755.04000000004,8078.2300000000005,0,337,47,4,105,160,Kitchen,Cushion,589.48,8078.23,0,Spring,0
SKU003,2025-04-14,48,387755.04000000004,8078.2300000000005,0,337,47,4,105,160,Kitchen,Cushion,589.48,8078.23,0,Spring,0
SKU003,2025-04-21,49,395833.27,8078.2300000000005,0,337,47,4,105,160,Kitchen,Cushion,589.48,8078.23,0,Spring,0
SKU003,2025-04-28,41,331207.43,8078.2300000000005,0,308,200,4,92,150,Kitchen,Cushion,589.48,8078.23,0,Spring,0
SKU003,2025-05-05,50,403911.5,8078.2300000000005,0,308,200,4,92,150,Kitchen,Cushion,589.48,8078.23,0,Summer,0
SKU003,2025-05-12,41,331207.43,8078.2300000000005,0,308,200,4,92,150,Kitchen,Cushion,589.48,8078.23,0,Summer,0
SKU003,2025-05-19,43,347363.89,8078.2300000000005,0,308,200,4,92,150,Kitchen,Cushion,589.48,8078.23,0,Summer,0
SKU003,2025-05-26,45,363520.35,8078.2300000000005,1,241,92,6,39,117,Kitchen,Cushion,589.48,8078.23,0,Summer,1
SKU003,2025-06-02,50,403911.5,8078.2300000000005,2,241,92,6,39,117,Kitchen,Cushion,589.48,8078.23,0,Summer,1
SKU003,2025-06-09,53,428146.19,8078.2300000000005,2,241,92,6,39,117,Kitchen,Cushion,589.48,8078.23,0,Summer,1
SKU003,2025-06-16,48,387755.04000000004,8078.2300000000005,2,241,92,6,39,117,Kitchen,Cushion,589.48,8078.23,0,Summer,1
SKU003,2025-06-23,44,355442.12,8078.2300000000005,2,241,92,6,39,117,Kitchen,Cushion,589.48,8078.23,0,Summer,1
SKU003,2025-06-30,42,339285.66,8078.2300000000005,0,280,295,11,101,272,Kitchen,Cushion,589.48,8078.23,0,Summer,0
SKU003,2025-07-07,44,355442.12,8078.2300000000005,0,280,295,11,101,272,Kitchen,Cushion,589.48,8078.23,0,Monsoon,0
SKU003,2025-07-14,37,298894.51,8078.2300000000005,0,280,295,11,101,272,Kitchen,Cushion,589.48,8078.23,0,Monsoon,0
SKU003,2025-07-21,41,331207.43,8078.2300000000005,0,280,295,11,101,272,Kitchen,Cushion,589.48,8078.23,0,Monsoon,0
SKU003,2025-07-28,26,210033.98,8078.2300000000005,0,143,206,4,97,145,Kitchen,Cushion,589.48,8078.23,0,Monsoon,0
SKU003,2025-08-04,38,306972.74,8078.2300000000005,0,143,206,4,97,145,Kitchen,Cushion,589.48,8078.23,0,Monsoon,0
SKU003,2025-08-11,39,315050.97,8078.2300000000005,0,143,206,4,97,145,Kitchen,Cushion,589.48,8078.23,1,Monsoon,0
SKU003,2025-08-18,34,274659.82,8078.2300000000005,0,143,206,4,97,145,Kitchen,Cushion,589.48,8078.23,0,Monsoon,0
SKU003,2025-08-25,27,218112.21,8078.2300000000005,0,143,206,4,97,145,Kitchen,Cushion,589.48,8078.23,0,Monsoon,0
SKU003,2025-09-01,34,274659.82,8078.2300000000005,2,73,281,8,59,141,Kitchen,Cushion,589.48,8078.23,0,Monsoon,1
SKU003,2025-09-08,42,339285.66,8078.2300000000005,2,73,281,8,59,141,Kitchen,Cushion,589.48,8078.23,0,Monsoon,1
SKU003,2025-09-15,39,315050.97,8078.2300000000005,2,73,281,8,59,141,Kitchen,Cushion,589.48,8078.23,0,Monsoon,1
SKU003,2025-09-22,42,339285.66000000003,8078.2300000000005,2,73,281,8,59,141,Kitchen,Cushion,589.48,8078.23,0,Monsoon,1
SKU003,2025-09-29,43,347363.89,8078.2300000000005,0,310,103,5,45,100,Kitchen,Cushion,589.48,8078.23,0,Monsoon,0
SKU003,2025-10-06,33,266581.58999999997,8078.2300000000005,0,310,103,5,45,100,Kitchen,Cushion,589.48,8078.23,0,Autumn,0
SKU003,2025-10-13,26,210033.97999999998,8078.2300000000005,0,310,103,5,45,100,Kitchen,Cushion,589.48,8078.23,0,Autumn,0
SKU003,2025-10-20,34,274659.82,8078.2300000000005,0,310,103,5,45,100,Kitchen,Cushion,589.48,8078.23,1,Autumn,0
SKU003,2025-10-27,41,331207.43,8078.2300000000005,2,144,37,5,37,85,Kitchen,Cushion,589.48,8078.23,0,Autumn,1
SKU003,2025-11-03,39,315050.97,8078.2300000000005,2,144,37,5,37,85,Kitchen,Cushion,589.48,8078.23,0,Autumn,1
SKU003,2025-11-10,37,298894.51,8078.2300000000005,2,144,37,5,37,85,Kitchen,Cushion,589.48,8078.23,0,Autumn,1
SKU003,2025-11-17,41,331207.43,8078.2300000000005,2,144,37,5,37,85,Kitchen,Cushion,589.48,8078.23,0,Autumn,1
SKU003,2025-11-24,29,234268.66999999998,8078.2300000000005,2,144,37,5,37,85,Kitchen,Cushion,589.48,8078.23,0,Autumn,1
SKU003,2025-12-01,38,306972.74,8078.2300000000005,0,349,12,3,88,123,Kitchen,Cushion,589.48,8078.23,0,Winter,0
SKU003,2025-12-08,33,266581.59,8078.2300000000005,0,349,12,3,88,123,Kitchen,Cushion,589.48,8078.23,0,Winter,0
SKU003,2025-12-15,23,185799.29,8078.2300000000005,0,349,12,3,88,123,Kitchen,Cushion,589.48,8078.23,0,Winter,0
SKU003,2025-12-22,34,274659.82,8078.2300000000005,0,349,12,3,88,123,Kitchen,Cushion,589.48,8078.23,1,Winter,0
SKU004,2024-01-01,31,212708.66999999998,6861.57,0,34,4,7,5,12,Lighting,Cookware,1445.74,6861.57,0,Winter,0
SKU004,2024-01-08,25,171539.25,6861.57,0,34,4,7,5,12,Lighting,Cookware,1445.74,6861.57,0,Winter,0
SKU004,2024-01-15,38,260739.65999999997,6861.57,0,34,4,7,5,12,Lighting,Cookware,1445.74,6861.57,0,Winter,0
SKU004,2024-01-22,33,226431.81,6861.57,0,34,4,7,5,12,Lighting,Cookware,1445.74,6861.57,1,Winter,0
SKU004,2024-01-29,43,295047.51,6861.57,0,168,422,5,141,236,Lighting,Cookware,1445.74,6861.57,0,Winter,0
SKU004,2024-02-05,34,233293.38,6861.57,0,168,422,5,141,236,Lighting,Cookware,1445.74,6861.57,0,Winter,0
SKU004,2024-02-12,35,240154.94999999998,6861.57,0,168,422,5,141,236,Lighting,Cookware,1445.74,6861.57,0,Winter,0
SKU004,2024-02-19,22,150954.53999999998,6861.57,0,168,422,5,141,236,Lighting,Cookware,1445.74,6861.57,0,Winter,0
SKU004,2024-02-26,45,308770.65,6861.57,2,156,137,13,124,391,Lighting,Cookware,1445.74,6861.57,0,Winter,1
SKU004,2024-03-04,40,274462.8,6861.57,2,156,137,13,124,391,Lighting,Cookware,1445.74,6861.57,0,Spring,1
SKU004,2024-03-11,41,281324.37,6861.57,2,156,137,13,124,391,Lighting,Cookware,1445.74,6861.57,0,Spring,1
SKU004,2024-03-18,36,247016.52,6861.57,2,156,137,13,124,391,Lighting,Cookware,1445.74,6861.57,0,Spring,1
SKU004,2024-03-25,27,185262.38999999998,6861.57,2,156,137,13,124,391,Lighting,Cookware,1445.74,6861.57,0,Spring,1
SKU004,2024-04-01,35,240154.94999999998,6861.57,0,502,292,14,152,486,Lighting,Cookware,1445.74,6861.57,0,Spring,0
SKU004,2024-04-08,30,205847.09999999998,6861.57,0,502,292,14,152,486,Lighting,Cookware,1445.74,6861.57,0,Spring,0
SKU004,2024-04-15,44,301909.07999999996,6861.57,0,502,292,14,152,486,Lighting,Cookware,1445.74,6861.57,0,Spring,0
SKU004,2024-04-22,28,192123.96,6861.57,0,502,292,14,152,486,Lighting,Cookware,1445.74,6861.57,0,Spring,0
SKU004,2024-04-29,37,253878.09,6861.57,0,310,38,6,75,202,Lighting,Cookware,1445.74,6861.57,0,Spring,0
SKU004,2024-05-06,47,322493.79,6861.57,0,310,38,6,75,202,Lighting,Cookware,1445.74,6861.57,0,Summer,0
SKU004,2024-05-13,54,370524.77999999997,6861.57,0,310,38,6,75,202,Lighting,Cookware,1445.74,6861.57,0,Summer,0
SKU004,2024-05-20,40,274462.8,6861.57,0,310,38,6,75,202,Lighting,Cookware,1445.74,6861.57,0,Summer,0
SKU004,2024-05-27,28,192123.96,6861.57,2,628,334,11,117,338,Lighting,Cookware,1445.74,6861.57,0,Summer,1
SKU004,2024-06-03,41,281324.37,6861.57,2,628,334,11,117,338,Lighting,Cookware,1445.74,6861.57,0,Summer,1
SKU004,2024-06-10,40,274462.8,6861.57,2,628,334,11,117,338,Lighting,Cookware,1445.74,6861.57,0,Summer,1
SKU004,2024-06-17,37,253878.09,6861.57,2,628,334,11,117,338,Lighting,Cookware,1445.74,6861.57,0,Summer,1
SKU004,2024-06-24,34,233293.38,6861.57,2,628,334,11,117,338,Lighting,Cookware,1445.74,6861.57,0,Summer,1
SKU004,2024-07-01,28,192123.96,6861.57,0,322,651,10,133,339,Lighting,Cookware,1445.74,6861.57,0,Monsoon,0
SKU004,2024-07-08,33,226431.81,6861.57,0,322,651,10,133,339,Lighting,Cookware,1445.74,6861.57,0,Monsoon,0
SKU004,2024-07-15,35,240154.94999999998,6861.57,0,322,651,10,133,339,Lighting,Cookware,1445.74,6861.57,0,Monsoon,0
SKU004,2024-07-22,32,219570.24,6861.57,0,322,651,10,133,339,Lighting,Cookware,1445.74,6861.57,0,Monsoon,0
SKU004,2024-07-29,32,219570.24,6861.57,0,129,113,10,85,272,Lighting,Cookware,1445.74,6861.57,0,Monsoon,0
SKU004,2024-08-05,33,226431.81,6861.57,0,129,113,10,85,272,Lighting,Cookware,1445.74,6861.57,0,Monsoon,0
SKU004,2024-08-12,30,205847.09999999998,6861.57,0,129,113,10,85,272,Lighting,Cookware,1445.74,6861.57,1,Monsoon,0
SKU004,2024-08-19,29,198985.53,6861.57,0,129,113,10,85,272,Lighting,Cookware,1445.74,6861.57,0,Monsoon,0
SKU004,2024-08-26,22,150954.53999999998,6861.57,1,368,164,5,99,186,Lighting,Cookware,1445.74,6861.57,0,Monsoon,1
SKU004,2024-09-02,30,205847.09999999998,6861.57,2,368,164,5,99,186,Lighting,Cookware,1445.74,6861.57,0,Monsoon,1
SKU004,2024-09-09,34,233293.38,6861.57,2,368,164,5,99,186,Lighting,Cookware,1445.74,6861.57,0,Monsoon,1
SKU004,2024-09-16,29,198985.53,6861.57,2,368,164,5,99,186,Lighting,Cookware,1445.74,6861.57,0,Monsoon,1
SKU004,2024-09-23,26,178400.82,6861.57,2,368,164,5,99,186,Lighting,Cookware,1445.74,6861.57,0,Monsoon,1
SKU004,2024-09-30,26,178400.82,6861.57,0,143,0,13,63,294,Lighting,Cookware,1445.74,6861.57,0,Monsoon,0
SKU004,2024-10-07,29,198985.53,6861.57,0,143,0,13,63,294,Lighting,Cookware,1445.74,6861.57,0,Autumn,0
SKU004,2024-10-14,29,198985.53,6861.57,0,143,0,13,63,294,Lighting,Cookware,1445.74,6861.57,0,Autumn,0
SKU004,2024-10-21,26,178400.82,6861.57,0,143,0,13,63,294,Lighting,Cookware,1445.74,6861.57,0,Autumn,0
SKU004,2024-10-28,32,219570.24,6861.57,2,356,340,13,91,289,Lighting,Cookware,1445.74,6861.57,1,Autumn,1
SKU004,2024-11-04,29,198985.53,6861.57,2,356,340,13,91,289,Lighting,Cookware,1445.74,6861.57,0,Autumn,1
SKU004,2024-11-11,26,178400.82,6861.57,2,356,340,13,91,289,Lighting,Cookware,1445.74,6861.57,0,Autumn,1
SKU004,2024-11-18,19,130369.82999999999,6861.57,2,356,340,13,91,289,Lighting,Cookware,1445.74,6861.57,0,Autumn,1
SKU004,2024-11-25,24,164677.68,6861.57,1,460,201,9,120,272,Lighting,Cookware,1445.74,6861.57,0,Autumn,1
SKU004,2024-12-02,30,205847.09999999998,6861.57,0,460,201,9,120,272,Lighting,Cookware,1445.74,6861.57,0,Winter,0
SKU004,2024-12-09,33,226431.81,6861.57,0,460,201,9,120,272,Lighting,Cookware,1445.74,6861.57,0,Winter,0
SKU004,2024-12-16,27,185262.38999999998,6861.57,0,460,201,9,120,272,Lighting,Cookware,1445.74,6861.57,0,Winter,0
SKU004,2024-12-23,28,192123.96,6861.57,0,460,201,9,120,272,Lighting,Cookware,1445.74,6861.57,1,Winter,0
SKU004,2024-12-30,37,253878.09,6861.57,0,382,252,12,109,309,Lighting,Cookware,1445.74,6861.57,0,Winter,0
SKU004,2025-01-06,35,240154.94999999998,6861.57,0,382,252,12,109,309,Lighting,Cookware,1445.74,6861.57,0,Winter,0
SKU004,2025-01-13,24,164677.68,6861.57,0,382,252,12,109,309,Lighting,Cookware,1445.74,6861.57,0,Winter,0
SKU004,2025-01-20,38,260739.65999999997,6861.57,0,382,252,12,109,309,Lighting,Cookware,1445.74,6861.57,1,Winter,0
SKU004,2025-01-27,34,233293.38,6861.57,0,259,141,9,113,268,Lighting,Cookware,1445.74,6861.57,0,Winter,0
SKU004,2025-02-03,32,219570.24,6861.57,0,259,141,9,113,268,Lighting,Cookware,1445.74,6861.57,0,Winter,0
SKU004,2025-02-10,37,253878.09,6861.57,0,259,141,9,113,268,Lighting,Cookware,1445.74,6861.57,0,Winter,0
SKU004,2025-02-17,33,226431.81,6861.57,0,259,141,9,113,268,Lighting,Cookware,1445.74,6861.57,0,Winter,0
SKU004,2025-02-24,50,343078.5,6861.57,2,376,176,13,114,374,Lighting,Cookware,1445.74,6861.57,0,Winter,1
SKU004,2025-03-03,36,247016.52,6861.57,2,376,176,13,114,374,Lighting,Cookware,1445.74,6861.57,0,Spring,1
SKU004,2025-03-10,35,240154.94999999998,6861.57,2,376,176,13,114,374,Lighting,Cookware,1445.74,6861.57,0,Spring,1
SKU004,2025-03-17,39,267601.23,6861.57,2,376,176,13,114,374,Lighting,Cookware,1445.74,6861.57,0,Spring,1
SKU004,2025-03-24,43,295047.51,6861.57,2,376,176,13,114,374,Lighting,Cookware,1445.74,6861.57,0,Spring,1
SKU004,2025-03-31,22,150954.53999999998,6861.57,0,498,377,5,90,206,Lighting,Cookware,1445.74,6861.57,0,Spring,0
SKU004,2025-04-07,39,267601.23,6861.57,0,498,377,5,90,206,Lighting,Cookware,1445.74,6861.57,0,Spring,0
SKU004,2025-04-14,45,308770.64999999997,6861.57,0,498,377,5,90,206,Lighting,Cookware,1445.74,6861.57,0,Spring,0
SKU004,2025-04-21,41,281324.37,6861.57,0,498,377,5,90,206,Lighting,Cookware,1445.74,6861.57,0,Spring,0
SKU004,2025-04-28,31,212708.66999999998,6861.57,0,678,196,9,135,340,Lighting,Cookware,1445.74,6861.57,0,Spring,0
SKU004,2025-05-05,34,233293.38,6861.57,0,678,196,9,135,340,Lighting,Cookware,1445.74,6861.57,0,Summer,0
SKU004,2025-05-12,33,226431.81,6861.57,0,678,196,9,135,340,Lighting,Cookware,1445.74,6861.57,0,Summer,0
SKU004,2025-05-19,38,260739.65999999997,6861.57,0,678,196,9,135,340,Lighting,Cookware,1445.74,6861.57,0,Summer,0
SKU004,2025-05-26,30,205847.09999999998,6861.57,1,147,692,11,162,401,Lighting,Cookware,1445.74,6861.57,0,Summer,1
SKU004,2025-06-02,28,192123.96,6861.57,2,147,692,11,162,401,Lighting,Cookware,1445.74,6861.57,0,Summer,1
SKU004,2025-06-09,29,198985.53,6861.57,2,147,692,11,162,401,Lighting,Cookware,1445.74,6861.57,0,Summer,1
SKU004,2025-06-16,48,329355.36,6861.57,2,147,692,11,162,401,Lighting,Cookware,1445.74,6861.57,0,Summer,1
SKU004,2025-06-23,31,212708.66999999998,6861.57,2,147,692,11,162,401,Lighting,Cookware,1445.74,6861.57,0,Summer,1
SKU004,2025-06-30,27,185262.38999999998,6861.57,0,393,394,9,86,278,Lighting,Cookware,1445.74,6861.57,0,Summer,0
SKU004,2025-07-07,32,219570.24,6861.57,0,393,394,9,86,278,Lighting,Cookware,1445.74,6861.57,0,Monsoon,0
SKU004,2025-07-14,34,233293.38,6861.57,0,393,394,9,86,278,Lighting,Cookware,1445.74,6861.57,0,Monsoon,0
SKU004,2025-07-21,29,198985.53,6861.57,0,393,394,9,86,278,Lighting,Cookware,1445.74,6861.57,0,Monsoon,0
SKU004,2025-07-28,33,226431.81,6861.57,0,167,186,7,116,244,Lighting,Cookware,1445.74,6861.57,0,Monsoon,0
SKU004,2025-08-04,26,178400.82,6861.57,0,167,186,7,116,244,Lighting,Cookware,1445.74,6861.57,0,Monsoon,0
SKU004,2025-08-11,26,178400.82,6861.57,0,167,186,7,116,244,Lighting,Cookware,1445.74,6861.57,1,Monsoon,0
SKU004,2025-08-18,18,123508.26,6861.57,0,167,186,7,116,244,Lighting,Cookware,1445.74,6861.57,0,Monsoon,0
SKU004,2025-08-25,36,247016.52,6861.57,0,167,186,7,116,244,Lighting,Cookware,1445.74,6861.57,0,Monsoon,0
SKU004,2025-09-01,38,260739.65999999997,6861.57,2,424,246,10,50,215,Lighting,Cookware,1445.74,6861.57,0,Monsoon,1
SKU004,2025-09-08,29,198985.53,6861.57,2,424,246,10,50,215,Lighting,Cookware,1445.74,6861.57,0,Monsoon,1
SKU004,2025-09-15,26,178400.82,6861.57,2,424,246,10,50,215,Lighting,Cookware,1445.74,6861.57,0,Monsoon,1
SKU004,2025-09-22,28,192123.96,6861.57,2,424,246,10,50,215,Lighting,Cookware,1445.74,6861.57,0,Monsoon,1
SKU004,2025-09-29,23,157816.11,6861.57,0,189,326,9,78,218,Lighting,Cookware,1445.74,6861.57,0,Monsoon,0
SKU004,2025-10-06,28,192123.96,6861.57,0,189,326,9,78,218,Lighting,Cookware,1445.74,6861.57,0,Autumn,0
SKU004,2025-10-13,24,164677.68,6861.57,0,189,326,9,78,218,Lighting,Cookware,1445.74,6861.57,0,Autumn,0
SKU004,2025-10-20,24,164677.68,6861.57,0,189,326,9,78,218,Lighting,Cookware,1445.74,6861.57,1,Autumn,0
SKU004,2025-10-27,32,219570.24,6861.57,2,534,249,10,72,236,Lighting,Cookware,1445.74,6861.57,0,Autumn,1
SKU004,2025-11-03,27,185262.38999999998,6861.57,2,534,249,10,72,236,Lighting,Cookware,1445.74,6861.57,0,Autumn,1
SKU004,2025-11-10,31,212708.66999999998,6861.57,2,534,249,10,72,236,Lighting,Cookware,1445.74,6861.57,0,Autumn,1
SKU004,2025-11-17,28,192123.96,6861.57,2,534,249,10,72,236,Lighting,Cookware,1445.74,6861.57,0,Autumn,1
SKU004,2025-11-24,22,150954.53999999998,6861.57,2,534,249,10,72,236,Lighting,Cookware,1445.74,6861.57,0,Autumn,1
SKU004,2025-12-01,28,192123.96,6861.57,0,259,254,6,98,196,Lighting,Cookware,1445.74,6861.57,0,Winter,0
SKU004,2025-12-08,39,267601.23,6861.57,0,259,254,6,98,196,Lighting,Cookware,1445.74,6861.57,0,Winter,0
SKU004,2025-12-15,38,260739.65999999997,6861.57,0,259,254,6,98,196,Lighting,Cookware,1445.74,6861.57,0,Winter,0
SKU004,2025-12-22,30,205847.09999999998,6861.57,0,259,254,6,98,196,Lighting,Cookware,1445.74,6861.57,1,Winter,0
SKU005,2024-01-01,109,1034760.98,9493.22,0,23,5,5,6,11,Storage,Lamp,5543.63,9493.22,0,Winter,0
SKU005,2024-01-08,116,1101213.52,9493.22,0,23,5,5,6,11,Storage,Lamp,5543.63,9493.22,0,Winter,0
SKU005,2024-01-15,108,1025267.76,9493.22,0,23,5,5,6,11,Storage,Lamp,5543.63,9493.22,0,Winter,0
SKU005,2024-01-22,102,968308.44,9493.22,0,23,5,5,6,11,Storage,Lamp,5543.63,9493.22,1,Winter,0
SKU005,2024-01-29,129,1224625.38,9493.22,0,401,292,10,161,373,Storage,Lamp,5543.63,9493.22,0,Winter,0
SKU005,2024-02-05,135,1281584.7,9493.22,0,401,292,10,161,373,Storage,Lamp,5543.63,9493.22,0,Winter,0
SKU005,2024-02-12,144,1367023.68,9493.22,0,401,292,10,161,373,Storage,Lamp,5543.63,9493.22,0,Winter,0
SKU005,2024-02-19,124,1177159.28,9493.22,0,401,292,10,161,373,Storage,Lamp,5543.63,9493.22,0,Winter,0
SKU005,2024-02-26,134,1272091.48,9493.22,2,638,295,9,130,335,Storage,Lamp,5543.63,9493.22,0,Winter,1
SKU005,2024-03-04,147,1395503.3399999999,9493.22,2,638,295,9,130,335,Storage,Lamp,5543.63,9493.22,0,Spring,1
SKU005,2024-03-11,144,1367023.68,9493.22,2,638,295,9,130,335,Storage,Lamp,5543.63,9493.22,0,Spring,1
SKU005,2024-03-18,151,1433476.22,9493.22,2,638,295,9,130,335,Storage,Lamp,5543.63,9493.22,0,Spring,1
SKU005,2024-03-25,126,1196145.72,9493.22,2,638,295,9,130,335,Storage,Lamp,5543.63,9493.22,0,Spring,1
SKU005,2024-04-01,138,1310064.3599999999,9493.22,0,902,272,4,107,216,Storage,Lamp,5543.63,9493.22,0,Spring,0
SKU005,2024-04-08,113,1072733.8599999999,9493.22,0,902,272,4,107,216,Storage,Lamp,5543.63,9493.22,0,Spring,0
SKU005,2024-04-15,140,1329050.8,9493.22,0,902,272,4,107,216,Storage,Lamp,5543.63,9493.22,0,Spring,0
SKU005,2024-04-22,113,1072733.8599999999,9493.22,0,902,272,4,107,216,Storage,Lamp,5543.63,9493.22,0,Spring,0
SKU005,2024-04-29,122,1158172.8399999999,9493.22,0,688,133,6,106,253,Storage,Lamp,5543.63,9493.22,0,Spring,0
SKU005,2024-05-06,142,1348037.24,9493.22,0,688,133,6,106,253,Storage,Lamp,5543.63,9493.22,0,Summer,0
SKU005,2024-05-13,122,1158172.8399999999,9493.22,0,688,133,6,106,253,Storage,Lamp,5543.63,9493.22,0,Summer,0
SKU005,2024-05-20,118,1120199.96,9493.22,0,688,133,6,106,253,Storage,Lamp,5543.63,9493.22,0,Summer,0
SKU005,2024-05-27,124,1177159.28,9493.22,2,532,31,11,148,431,Storage,Lamp,5543.63,9493.22,0,Summer,1
SKU005,2024-06-03,157,1490435.54,9493.22,2,532,31,11,148,431,Storage,Lamp,5543.63,9493.22,0,Summer,1
SKU005,2024-06-10,138,1310064.3599999999,9493.22,2,532,31,11,148,431,Storage,Lamp,5543.63,9493.22,0,Summer,1
SKU005,2024-06-17,149,1414489.78,9493.22,2,532,31,11,148,431,Storage,Lamp,5543.63,9493.22,0,Summer,1
SKU005,2024-06-24,145,1376516.9,9493.22,2,532,31,11,148,431,Storage,Lamp,5543.63,9493.22,0,Summer,1
SKU005,2024-07-01,105,996788.0999999999,9493.22,0,488,846,12,152,446,Storage,Lamp,5543.63,9493.22,0,Monsoon,0
SKU005,2024-07-08,114,1082227.08,9493.22,0,488,846,12,152,446,Storage,Lamp,5543.63,9493.22,0,Monsoon,0
SKU005,2024-07-15,109,1034760.98,9493.22,0,488,846,12,152,446,Storage,Lamp,5543.63,9493.22,0,Monsoon,0
SKU005,2024-07-22,114,1082227.0799999998,9493.22,0,488,846,12,152,446,Storage,Lamp,5543.63,9493.22,0,Monsoon,0
SKU005,2024-07-29,108,1025267.7599999999,9493.22,0,592,164,4,80,164,Storage,Lamp,5543.63,9493.22,0,Monsoon,0
SKU005,2024-08-05,95,901855.8999999999,9493.22,0,592,164,4,80,164,Storage,Lamp,5543.63,9493.22,0,Monsoon,0
SKU005,2024-08-12,103,977801.6599999999,9493.22,0,592,164,4,80,164,Storage,Lamp,5543.63,9493.22,1,Monsoon,0
SKU005,2024-08-19,113,1072733.8599999999,9493.22,0,592,164,4,80,164,Storage,Lamp,5543.63,9493.22,0,Monsoon,0
SKU005,2024-08-26,122,1158172.8399999999,9493.22,1,641,565,13,138,390,Storage,Lamp,5543.63,9493.22,0,Monsoon,1
SKU005,2024-09-02,113,1072733.8599999999,9493.22,2,641,565,13,138,390,Storage,Lamp,5543.63,9493.22,0,Monsoon,1
SKU005,2024-09-09,104,987294.8799999999,9493.22,2,641,565,13,138,390,Storage,Lamp,5543.63,9493.22,0,Monsoon,1
SKU005,2024-09-16,95,901855.8999999999,9493.22,2,641,565,13,138,390,Storage,Lamp,5543.63,9493.22,0,Monsoon,1
SKU005,2024-09-23,108,1025267.76,9493.22,2,641,565,13,138,390,Storage,Lamp,5543.63,9493.22,0,Monsoon,1
SKU005,2024-09-30,86,816416.9199999999,9493.22,0,599,300,10,85,278,Storage,Lamp,5543.63,9493.22,0,Monsoon,0
SKU005,2024-10-07,96,911349.1199999999,9493.22,0,599,300,10,85,278,Storage,Lamp,5543.63,9493.22,0,Autumn,0
SKU005,2024-10-14,92,873376.24,9493.22,0,599,300,10,85,278,Storage,Lamp,5543.63,9493.22,0,Autumn,0
SKU005,2024-10-21,85,806923.7,9493.22,0,599,300,10,85,278,Storage,Lamp,5543.63,9493.22,0,Autumn,0
SKU005,2024-10-28,109,1034760.98,9493.22,2,471,440,14,108,350,Storage,Lamp,5543.63,9493.22,1,Autumn,1
SKU005,2024-11-04,109,1034760.98,9493.22,2,471,440,14,108,350,Storage,Lamp,5543.63,9493.22,0,Autumn,1
SKU005,2024-11-11,123,1167666.06,9493.22,2,471,440,14,108,350,Storage,Lamp,5543.63,9493.22,0,Autumn,1
SKU005,2024-11-18,104,987294.8799999999,9493.22,2,471,440,14,108,350,Storage,Lamp,5543.63,9493.22,0,Autumn,1
SKU005,2024-11-25,79,749964.38,9493.22,1,181,375,7,86,222,Storage,Lamp,5543.63,9493.22,0,Autumn,1
SKU005,2024-12-02,95,901855.8999999999,9493.22,0,181,375,7,86,222,Storage,Lamp,5543.63,9493.22,0,Winter,0
SKU005,2024-12-09,107,1015774.5399999999,9493.22,0,181,375,7,86,222,Storage,Lamp,5543.63,9493.22,0,Winter,0
SKU005,2024-12-16,110,1044254.2,9493.22,0,181,375,7,86,222,Storage,Lamp,5543.63,9493.22,0,Winter,0
SKU005,2024-12-23,106,1006281.32,9493.22,0,181,375,7,86,222,Storage,Lamp,5543.63,9493.22,1,Winter,0
SKU005,2024-12-30,111,1053747.42,9493.22,0,154,198,10,107,306,Storage,Lamp,5543.63,9493.22,0,Winter,0
SKU005,2025-01-06,97,920842.34,9493.22,0,154,198,10,107,306,Storage,Lamp,5543.63,9493.22,0,Winter,0
SKU005,2025-01-13,133,1262598.26,9493.22,0,154,198,10,107,306,Storage,Lamp,5543.63,9493.22,0,Winter,0
SKU005,2025-01-20,110,1044254.2,9493.22,0,154,198,10,107,306,Storage,Lamp,5543.63,9493.22,1,Winter,0
SKU005,2025-01-27,107,1015774.54,9493.22,0,263,463,8,94,256,Storage,Lamp,5543.63,9493.22,0,Winter,0
SKU005,2025-02-03,123,1167666.06,9493.22,0,263,463,8,94,256,Storage,Lamp,5543.63,9493.22,0,Winter,0
SKU005,2025-02-10,132,1253105.04,9493.22,0,263,463,8,94,256,Storage,Lamp,5543.63,9493.22,0,Winter,0
SKU005,2025-02-17,139,1319557.58,9493.22,0,263,463,8,94,256,Storage,Lamp,5543.63,9493.22,0,Winter,0
SKU005,2025-02-24,160,1518915.2,9493.22,2,320,349,4,183,279,Storage,Lamp,5543.63,9493.22,0,Winter,1
SKU005,2025-03-03,140,1329050.7999999998,9493.22,2,320,349,4,183,279,Storage,Lamp,5543.63,9493.22,0,Spring,1
SKU005,2025-03-10,142,1348037.24,9493.22,2,320,349,4,183,279,Storage,Lamp,5543.63,9493.22,0,Spring,1
SKU005,2025-03-17,144,1367023.68,9493.22,2,320,349,4,183,279,Storage,Lamp,5543.63,9493.22,0,Spring,1
SKU005,2025-03-24,134,1272091.48,9493.22,2,320,349,4,183,279,Storage,Lamp,5543.63,9493.22,0,Spring,1
SKU005,2025-03-31,142,1348037.24,9493.22,0,696,333,11,95,386,Storage,Lamp,5543.63,9493.22,0,Spring,0
SKU005,2025-04-07,132,1253105.04,9493.22,0,696,333,11,95,386,Storage,Lamp,5543.63,9493.22,0,Spring,0
SKU005,2025-04-14,134,1272091.48,9493.22,0,696,333,11,95,386,Storage,Lamp,5543.63,9493.22,0,Spring,0
SKU005,2025-04-21,141,1338544.02,9493.22,0,696,333,11,95,386,Storage,Lamp,5543.63,9493.22,0,Spring,0
SKU005,2025-04-28,116,1101213.52,9493.22,0,169,84,13,101,398,Storage,Lamp,5543.63,9493.22,0,Spring,0
SKU005,2025-05-05,117,1110706.74,9493.22,0,169,84,13,101,398,Storage,Lamp,5543.63,9493.22,0,Summer,0
SKU005,2025-05-12,122,1158172.8399999999,9493.22,0,169,84,13,101,398,Storage,Lamp,5543.63,9493.22,0,Summer,0
SKU005,2025-05-19,137,1300571.14,9493.22,0,169,84,13,101,398,Storage,Lamp,5543.63,9493.22,0,Summer,0
SKU005,2025-05-26,130,1234118.5999999999,9493.22,1,699,474,6,169,316,Storage,Lamp,5543.63,9493.22,0,Summer,1
SKU005,2025-06-02,140,1329050.7999999998,9493.22,2,699,474,6,169,316,Storage,Lamp,5543.63,9493.22,0,Summer,1
SKU005,2025-06-09,133,1262598.26,9493.22,2,699,474,6,169,316,Storage,Lamp,5543.63,9493.22,0,Summer,1
SKU005,2025-06-16,116,1101213.52,9493.22,2,699,474,6,169,316,Storage,Lamp,5543.63,9493.22,0,Summer,1
SKU005,2025-06-23,134,1272091.48,9493.22,2,699,474,6,169,316,Storage,Lamp,5543.63,9493.22,0,Summer,1
SKU005,2025-06-30,99,939828.78,9493.22,0,509,198,13,197,540,Storage,Lamp,5543.63,9493.22,0,Summer,0
SKU005,2025-07-07,104,987294.8799999999,9493.22,0,509,198,13,197,540,Storage,Lamp,5543.63,9493.22,0,Monsoon,0
SKU005,2025-07-14,106,1006281.32,9493.22,0,509,198,13,197,540,Storage,Lamp,5543.63,9493.22,0,Monsoon,0
SKU005,2025-07-21,124,1177159.28,9493.22,0,509,198,13,197,540,Storage,Lamp,5543.63,9493.22,0,Monsoon,0
SKU005,2025-07-28,115,1091720.3,9493.22,0,483,200,6,65,186,Storage,Lamp,5543.63,9493.22,0,Monsoon,0
SKU005,2025-08-04,96,911349.1199999999,9493.22,0,483,200,6,65,186,Storage,Lamp,5543.63,9493.22,0,Monsoon,0
SKU005,2025-08-11,114,1082227.0799999998,9493.22,0,483,200,6,65,186,Storage,Lamp,5543.63,9493.22,1,Monsoon,0
SKU005,2025-08-18,95,901855.9,9493.22,0,483,200,6,65,186,Storage,Lamp,5543.63,9493.22,0,Monsoon,0
SKU005,2025-08-25,96,911349.12,9493.22,0,483,200,6,65,186,Storage,Lamp,5543.63,9493.22,0,Monsoon,0
SKU005,2025-09-01,95,901855.8999999999,9493.22,2,673,340,5,100,198,Storage,Lamp,5543.63,9493.22,0,Monsoon,1
SKU005,2025-09-08,96,911349.12,9493.22,2,673,340,5,100,198,Storage,Lamp,5543.63,9493.22,0,Monsoon,1
SKU005,2025-09-15,89,844896.58,9493.22,2,673,340,5,100,198,Storage,Lamp,5543.63,9493.22,0,Monsoon,1
SKU005,2025-09-22,108,1025267.76,9493.22,2,673,340,5,100,198,Storage,Lamp,5543.63,9493.22,0,Monsoon,1
SKU005,2025-09-29,97,920842.34,9493.22,0,423,96,11,70,272,Storage,Lamp,5543.63,9493.22,0,Monsoon,0
SKU005,2025-10-06,107,1015774.5399999999,9493.22,0,423,96,11,70,272,Storage,Lamp,5543.63,9493.22,0,Autumn,0
SKU005,2025-10-13,105,996788.1,9493.22,0,423,96,11,70,272,Storage,Lamp,5543.63,9493.22,0,Autumn,0
SKU005,2025-10-20,98,930335.5599999999,9493.22,0,423,96,11,70,272,Storage,Lamp,5543.63,9493.22,1,Autumn,0
SKU005,2025-10-27,104,987294.88,9493.22,2,335,37,9,100,257,Storage,Lamp,5543.63,9493.22,0,Autumn,1
SKU005,2025-11-03,114,1082227.08,9493.22,2,335,37,9,100,257,Storage,Lamp,5543.63,9493.22,0,Autumn,1
SKU005,2025-11-10,102,968308.44,9493.22,2,335,37,9,100,257,Storage,Lamp,5543.63,9493.22,0,Autumn,1
SKU005,2025-11-17,115,1091720.3,9493.22,2,335,37,9,100,257,Storage,Lamp,5543.63,9493.22,0,Autumn,1
SKU005,2025-11-24,100,949322.0,9493.22,2,335,37,9,100,257,Storage,Lamp,5543.63,9493.22,0,Autumn,1
SKU005,2025-12-01,96,911349.12,9493.22,0,471,291,6,129,245,Storage,Lamp,5543.63,9493.22,0,Winter,0
SKU005,2025-12-08,103,977801.6599999999,9493.22,0,471,291,6,129,245,Storage,Lamp,5543.63,9493.22,0,Winter,0
SKU005,2025-12-15,100,949321.9999999999,9493.22,0,471,291,6,129,245,Storage,Lamp,5543.63,9493.22,0,Winter,0
SKU005,2025-12-22,108,1025267.7599999999,9493.22,0,471,291,6,129,245,Storage,Lamp,5543.63,9493.22,1,Winter,0
SKU006,2024-01-01,38,308029.52,8106.04,0,13,6,5,5,10,Furniture,Shelf,6021.91,8106.04,0,Winter,0
SKU006,2024-01-08,34,275605.36,8106.04,0,13,6,5,5,10,Furniture,Shelf,6021.91,8106.04,0,Winter,0
SKU006,2024-01-15,43,348559.72,8106.04,0,13,6,5,5,10,Furniture,Shelf,6021.91,8106.04,0,Winter,0
SKU006,2024-01-22,39,316135.56,8106.04,0,13,6,5,5,10,Furniture,Shelf,6021.91,8106.04,1,Winter,0
SKU006,2024-01-29,49,397195.96,8106.04,0,464,145,9,63,212,Furniture,Shelf,6021.91,8106.04,0,Winter,0
SKU006,2024-02-05,50,405302.0,8106.04,0,464,145,9,63,212,Furniture,Shelf,6021.91,8106.04,0,Winter,0
SKU006,2024-02-12,52,421514.08,8106.04,0,464,145,9,63,212,Furniture,Shelf,6021.91,8106.04,0,Winter,0
SKU006,2024-02-19,50,405302.0,8106.04,0,464,145,9,63,212,Furniture,Shelf,6021.91,8106.04,0,Winter,0
SKU006,2024-02-26,56,453938.24,8106.04,2,477,136,12,62,266,Furniture,Shelf,6021.91,8106.04,0,Winter,1
SKU006,2024-03-04,76,616059.04,8106.04,2,477,136,12,62,266,Furniture,Shelf,6021.91,8106.04,0,Spring,1
SKU006,2024-03-11,50,405302.0,8106.04,2,477,136,12,62,266,Furniture,Shelf,6021.91,8106.04,0,Spring,1
SKU006,2024-03-18,55,445832.2,8106.04,2,477,136,12,62,266,Furniture,Shelf,6021.91,8106.04,0,Spring,1
SKU006,2024-03-25,53,429620.12,8106.04,2,477,136,12,62,266,Furniture,Shelf,6021.91,8106.04,0,Spring,1
SKU006,2024-04-01,68,551210.72,8106.04,0,341,558,9,104,311,Furniture,Shelf,6021.91,8106.04,0,Spring,0
SKU006,2024-04-08,61,494468.44,8106.04,0,341,558,9,104,311,Furniture,Shelf,6021.91,8106.04,0,Spring,0
SKU006,2024-04-15,54,437726.16,8106.04,0,341,558,9,104,311,Furniture,Shelf,6021.91,8106.04,0,Spring,0
SKU006,2024-04-22,44,356665.76,8106.04,0,341,558,9,104,311,Furniture,Shelf,6021.91,8106.04,0,Spring,0
SKU006,2024-04-29,54,437726.16000000003,8106.04,0,145,644,13,139,405,Furniture,Shelf,6021.91,8106.04,0,Spring,0
SKU006,2024-05-06,45,364771.8,8106.04,0,145,644,13,139,405,Furniture,Shelf,6021.91,8106.04,0,Summer,0
SKU006,2024-05-13,52,421514.08,8106.04,0,145,644,13,139,405,Furniture,Shelf,6021.91,8106.04,0,Summer,0
SKU006,2024-05-20,58,470150.31999999995,8106.04,0,145,644,13,139,405,Furniture,Shelf,6021.91,8106.04,0,Summer,0
SKU006,2024-05-27,46,372877.83999999997,8106.04,2,275,225,12,90,331,Furniture,Shelf,6021.91,8106.04,0,Summer,1
SKU006,2024-06-03,33,267499.32,8106.04,2,275,225,12,90,331,Furniture,Shelf,6021.91,8106.04,0,Summer,1
SKU006,2024-06-10,41,332347.63999999996,8106.04,2,275,225,12,90,331,Furniture,Shelf,6021.91,8106.04,0,Summer,1
SKU006,2024-06-17,42,340453.68,8106.04,2,275,225,12,90,331,Furniture,Shelf,6021.91,8106.04,0,Summer,1
SKU006,2024-06-24,59,478256.36,8106.04,2,275,225,12,90,331,Furniture,Shelf,6021.91,8106.04,0,Summer,1
SKU006,2024-07-01,54,437726.16,8106.04,0,500,325,3,111,173,Furniture,Shelf,6021.91,8106.04,0,Monsoon,0
SKU006,2024-07-08,42,340453.68,8106.04,0,500,325,3,111,173,Furniture,Shelf,6021.91,8106.04,0,Monsoon,0
SKU006,2024-07-15,47,380983.88,8106.04,0,500,325,3,111,173,Furniture,Shelf,6021.91,8106.04,0,Monsoon,0
SKU006,2024-07-22,48,389089.92,8106.04,0,500,325,3,111,173,Furniture,Shelf,6021.91,8106.04,0,Monsoon,0
SKU006,2024-07-29,45,364771.8,8106.04,0,453,205,14,73,304,Furniture,Shelf,6021.91,8106.04,0,Monsoon,0
SKU006,2024-08-05,25,202651.0,8106.04,0,453,205,14,73,304,Furniture,Shelf,6021.91,8106.04,0,Monsoon,0
SKU006,2024-08-12,39,316135.56,8106.04,0,453,205,14,73,304,Furniture,Shelf,6021.91,8106.04,1,Monsoon,0
SKU006,2024-08-19,34,275605.36,8106.04,0,453,205,14,73,304,Furniture,Shelf,6021.91,8106.04,0,Monsoon,0
SKU006,2024-08-26,55,445832.2,8106.04,1,246,180,14,60,288,Furniture,Shelf,6021.91,8106.04,0,Monsoon,1
SKU006,2024-09-02,33,267499.32,8106.04,2,246,180,14,60,288,Furniture,Shelf,6021.91,8106.04,0,Monsoon,1
SKU006,2024-09-09,38,308029.52,8106.04,2,246,180,14,60,288,Furniture,Shelf,6021.91,8106.04,0,Monsoon,1
SKU006,2024-09-16,42,340453.68,8106.04,2,246,180,14,60,288,Furniture,Shelf,6021.91,8106.04,0,Monsoon,1
SKU006,2024-09-23,40,324241.6,8106.04,2,246,180,14,60,288,Furniture,Shelf,6021.91,8106.04,0,Monsoon,1
SKU006,2024-09-30,47,380983.88,8106.04,0,307,213,3,124,174,Furniture,Shelf,6021.91,8106.04,0,Monsoon,0
SKU006,2024-10-07,38,308029.52,8106.04,0,307,213,3,124,174,Furniture,Shelf,6021.91,8106.04,0,Autumn,0
SKU006,2024-10-14,37,299923.48,8106.04,0,307,213,3,124,174,Furniture,Shelf,6021.91,8106.04,0,Autumn,0
SKU006,2024-10-21,29,235075.16,8106.04,0,307,213,3,124,174,Furniture,Shelf,6021.91,8106.04,0,Autumn,0
SKU006,2024-10-28,40,324241.6,8106.04,2,310,87,14,110,314,Furniture,Shelf,6021.91,8106.04,1,Autumn,1
SKU006,2024-11-04,40,324241.6,8106.04,2,310,87,14,110,314,Furniture,Shelf,6021.91,8106.04,0,Autumn,1
SKU006,2024-11-11,28,226969.12,8106.04,2,310,87,14,110,314,Furniture,Shelf,6021.91,8106.04,0,Autumn,1
SKU006,2024-11-18,41,332347.64,8106.04,2,310,87,14,110,314,Furniture,Shelf,6021.91,8106.04,0,Autumn,1
SKU006,2024-11-25,44,356665.76,8106.04,1,329,75,4,94,162,Furniture,Shelf,6021.91,8106.04,0,Autumn,1
SKU006,2024-12-02,44,356665.76,8106.04,0,329,75,4,94,162,Furniture,Shelf,6021.91,8106.04,0,Winter,0
SKU006,2024-12-09,34,275605.36,8106.04,0,329,75,4,94,162,Furniture,Shelf,6021.91,8106.04,0,Winter,0
SKU006,2024-12-16,44,356665.76,8106.04,0,329,75,4,94,162,Furniture,Shelf,6021.91,8106.04,0,Winter,0
SKU006,2024-12-23,48,389089.92,8106.04,0,329,75,4,94,162,Furniture,Shelf,6021.91,8106.04,1,Winter,0
SKU006,2024-12-30,45,364771.8,8106.04,0,336,515,11,96,262,Furniture,Shelf,6021.91,8106.04,0,Winter,0
SKU006,2025-01-06,50,405302.0,8106.04,0,336,515,11,96,262,Furniture,Shelf,6021.91,8106.04,0,Winter,0
SKU006,2025-01-13,46,372877.83999999997,8106.04,0,336,515,11,96,262,Furniture,Shelf,6021.91,8106.04,0,Winter,0
SKU006,2025-01-20,51,413408.04,8106.04,0,336,515,11,96,262,Furniture,Shelf,6021.91,8106.04,1,Winter,0
SKU006,2025-01-27,47,380983.88,8106.04,0,293,365,11,85,275,Furniture,Shelf,6021.91,8106.04,0,Winter,0
SKU006,2025-02-03,46,372877.83999999997,8106.04,0,293,365,11,85,275,Furniture,Shelf,6021.91,8106.04,0,Winter,0
SKU006,2025-02-10,45,364771.8,8106.04,0,293,365,11,85,275,Furniture,Shelf,6021.91,8106.04,0,Winter,0
SKU006,2025-02-17,51,413408.04,8106.04,0,293,365,11,85,275,Furniture,Shelf,6021.91,8106.04,0,Winter,0
SKU006,2025-02-24,57,462044.28,8106.04,2,255,628,13,111,346,Furniture,Shelf,6021.91,8106.04,0,Winter,1
SKU006,2025-03-03,58,470150.31999999995,8106.04,2,255,628,13,111,346,Furniture,Shelf,6021.91,8106.04,0,Spring,1
SKU006,2025-03-10,66,534998.64,8106.04,2,255,628,13,111,346,Furniture,Shelf,6021.91,8106.04,0,Spring,1
SKU006,2025-03-17,42,340453.68,8106.04,2,255,628,13,111,346,Furniture,Shelf,6021.91,8106.04,0,Spring,1
SKU006,2025-03-24,55,445832.2,8106.04,2,255,628,13,111,346,Furniture,Shelf,6021.91,8106.04,0,Spring,1
SKU006,2025-03-31,56,453938.24,8106.04,0,460,692,13,113,404,Furniture,Shelf,6021.91,8106.04,0,Spring,0
SKU006,2025-04-07,53,429620.12,8106.04,0,460,692,13,113,404,Furniture,Shelf,6021.91,8106.04,0,Spring,0
SKU006,2025-04-14,46,372877.84,8106.04,0,460,692,13,113,404,Furniture,Shelf,6021.91,8106.04,0,Spring,0
SKU006,2025-04-21,67,543104.6799999999,8106.04,0,460,692,13,113,404,Furniture,Shelf,6021.91,8106.04,0,Spring,0
SKU006,2025-04-28,44,356665.76,8106.04,0,742,7,4,104,190,Furniture,Shelf,6021.91,8106.04,0,Spring,0
SKU006,2025-05-05,66,534998.64,8106.04,0,742,7,4,104,190,Furniture,Shelf,6021.91,8106.04,0,Summer,0
SKU006,2025-05-12,55,445832.2,8106.04,0,742,7,4,104,190,Furniture,Shelf,6021.91,8106.04,0,Summer,0
SKU006,2025-05-19,51,413408.04,8106.04,0,742,7,4,104,190,Furniture,Shelf,6021.91,8106.04,0,Summer,0
SKU006,2025-05-26,50,405302.0,8106.04,1,509,111,8,174,349,Furniture,Shelf,6021.91,8106.04,0,Summer,1
SKU006,2025-06-02,57,462044.27999999997,8106.04,2,509,111,8,174,349,Furniture,Shelf,6021.91,8106.04,0,Summer,1
SKU006,2025-06-09,64,518786.56,8106.04,2,509,111,8,174,349,Furniture,Shelf,6021.91,8106.04,0,Summer,1
SKU006,2025-06-16,42,340453.68,8106.04,2,509,111,8,174,349,Furniture,Shelf,6021.91,8106.04,0,Summer,1
SKU006,2025-06-23,54,437726.16,8106.04,2,509,111,8,174,349,Furniture,Shelf,6021.91,8106.04,0,Summer,1
SKU006,2025-06-30,41,332347.64,8106.04,0,428,321,14,101,400,Furniture,Shelf,6021.91,8106.04,0,Summer,0
SKU006,2025-07-07,31,251287.24,8106.04,0,428,321,14,101,400,Furniture,Shelf,6021.91,8106.04,0,Monsoon,0
SKU006,2025-07-14,45,364771.8,8106.04,0,428,321,14,101,400,Furniture,Shelf,6021.91,8106.04,0,Monsoon,0
SKU006,2025-07-21,43,348559.72,8106.04,0,428,321,14,101,400,Furniture,Shelf,6021.91,8106.04,0,Monsoon,0
SKU006,2025-07-28,49,397195.95999999996,8106.04,0,345,403,10,125,301,Furniture,Shelf,6021.91,8106.04,0,Monsoon,0
SKU006,2025-08-04,46,372877.83999999997,8106.04,0,345,403,10,125,301,Furniture,Shelf,6021.91,8106.04,0,Monsoon,0
SKU006,2025-08-11,38,308029.51999999996,8106.04,0,345,403,10,125,301,Furniture,Shelf,6021.91,8106.04,1,Monsoon,0
SKU006,2025-08-18,42,340453.68,8106.04,0,345,403,10,125,301,Furniture,Shelf,6021.91,8106.04,0,Monsoon,0
SKU006,2025-08-25,36,291817.44,8106.04,0,345,403,10,125,301,Furniture,Shelf,6021.91,8106.04,0,Monsoon,0
SKU006,2025-09-01,43,348559.72,8106.04,2,193,243,3,106,154,Furniture,Shelf,6021.91,8106.04,0,Monsoon,1
SKU006,2025-09-08,40,324241.6,8106.04,2,193,243,3,106,154,Furniture,Shelf,6021.91,8106.04,0,Monsoon,1
SKU006,2025-09-15,45,364771.8,8106.04,2,193,243,3,106,154,Furniture,Shelf,6021.91,8106.04,0,Monsoon,1
SKU006,2025-09-22,48,389089.92,8106.04,2,193,243,3,106,154,Furniture,Shelf,6021.91,8106.04,0,Monsoon,1
SKU006,2025-09-29,43,348559.72,8106.04,0,232,418,11,65,241,Furniture,Shelf,6021.91,8106.04,0,Monsoon,0
SKU006,2025-10-06,38,308029.52,8106.04,0,232,418,11,65,241,Furniture,Shelf,6021.91,8106.04,0,Autumn,0
SKU006,2025-10-13,29,235075.15999999997,8106.04,0,232,418,11,65,241,Furniture,Shelf,6021.91,8106.04,0,Autumn,0
SKU006,2025-10-20,34,275605.36,8106.04,0,232,418,11,65,241,Furniture,Shelf,6021.91,8106.04,1,Autumn,0
SKU006,2025-10-27,36,291817.44,8106.04,2,245,30,14,87,297,Furniture,Shelf,6021.91,8106.04,0,Autumn,1
SKU006,2025-11-03,39,316135.56,8106.04,2,245,30,14,87,297,Furniture,Shelf,6021.91,8106.04,0,Autumn,1
SKU006,2025-11-10,31,251287.24,8106.04,2,245,30,14,87,297,Furniture,Shelf,6021.91,8106.04,0,Autumn,1
SKU006,2025-11-17,45,364771.8,8106.04,2,245,30,14,87,297,Furniture,Shelf,6021.91,8106.04,0,Autumn,1
SKU006,2025-11-24,40,324241.6,8106.04,2,245,30,14,87,297,Furniture,Shelf,6021.91,8106.04,0,Autumn,1
SKU006,2025-12-01,37,299923.48,8106.04,0,359,485,13,129,340,Furniture,Shelf,6021.91,8106.04,0,Winter,0
SKU006,2025-12-08,41,332347.64,8106.04,0,359,485,13,129,340,Furniture,Shelf,6021.91,8106.04,0,Winter,0
SKU006,2025-12-15,41,332347.64,8106.04,0,359,485,13,129,340,Furniture,Shelf,6021.91,8106.04,0,Winter,0
SKU006,2025-12-22,43,348559.72,8106.04,0,359,485,13,129,340,Furniture,Shelf,6021.91,8106.04,1,Winter,0
SKU007,2024-01-01,172,879623.48,5114.090000000001,0,12,2,3,7,10,Home Decor,Cabinet,7748.2,5114.09,0,Winter,0
SKU007,2024-01-08,178,910308.02,5114.090000000001,0,12,2,3,7,10,Home Decor,Cabinet,7748.2,5114.09,0,Winter,0
SKU007,2024-01-15,189,966563.01,5114.090000000001,0,12,2,3,7,10,Home Decor,Cabinet,7748.2,5114.09,0,Winter,0
SKU007,2024-01-22,176,900079.84,5114.090000000001,0,12,2,3,7,10,Home Decor,Cabinet,7748.2,5114.09,1,Winter,0
SKU007,2024-01-29,171,874509.39,5114.090000000001,0,282,685,13,143,390,Home Decor,Cabinet,7748.2,5114.09,0,Winter,0
SKU007,2024-02-05,163,833596.6699999999,5114.090000000001,0,282,685,13,143,390,Home Decor,Cabinet,7748.2,5114.09,0,Winter,0
SKU007,2024-02-12,195,997247.55,5114.090000000001,0,282,685,13,143,390,Home Decor,Cabinet,7748.2,5114.09,0,Winter,0
SKU007,2024-02-19,173,884737.57,5114.090000000001,0,282,685,13,143,390,Home Decor,Cabinet,7748.2,5114.09,0,Winter,0
SKU007,2024-02-26,201,1027932.09,5114.090000000001,2,565,231,11,97,310,Home Decor,Cabinet,7748.2,5114.09,0,Winter,1
SKU007,2024-03-04,195,997247.55,5114.090000000001,2,565,231,11,97,310,Home Decor,Cabinet,7748.2,5114.09,0,Spring,1
SKU007,2024-03-11,212,1084187.08,5114.090000000001,2,565,231,11,97,310,Home Decor,Cabinet,7748.2,5114.09,0,Spring,1
SKU007,2024-03-18,223,1140442.07,5114.090000000001,2,565,231,11,97,310,Home Decor,Cabinet,7748.2,5114.09,0,Spring,1
SKU007,2024-03-25,192,981905.28,5114.090000000001,2,565,231,11,97,310,Home Decor,Cabinet,7748.2,5114.09,0,Spring,1
SKU007,2024-04-01,199,1017703.91,5114.090000000001,0,445,303,4,121,214,Home Decor,Cabinet,7748.2,5114.09,0,Spring,0
SKU007,2024-04-08,222,1135327.98,5114.090000000001,0,445,303,4,121,214,Home Decor,Cabinet,7748.2,5114.09,0,Spring,0
SKU007,2024-04-15,199,1017703.91,5114.090000000001,0,445,303,4,121,214,Home Decor,Cabinet,7748.2,5114.09,0,Spring,0
SKU007,2024-04-22,198,1012589.8200000001,5114.090000000001,0,445,303,4,121,214,Home Decor,Cabinet,7748.2,5114.09,0,Spring,0
SKU007,2024-04-29,188,961448.9199999999,5114.090000000001,0,555,166,11,78,305,Home Decor,Cabinet,7748.2,5114.09,0,Spring,0
SKU007,2024-05-06,174,889851.66,5114.090000000001,0,555,166,11,78,305,Home Decor,Cabinet,7748.2,5114.09,0,Summer,0
SKU007,2024-05-13,184,940992.56,5114.090000000001,0,555,166,11,78,305,Home Decor,Cabinet,7748.2,5114.09,0,Summer,0
SKU007,2024-05-20,209,1068844.81,5114.090000000001,0,555,166,11,78,305,Home Decor,Cabinet,7748.2,5114.09,0,Summer,0
SKU007,2024-05-27,242,1237609.78,5114.090000000001,2,591,729,13,81,367,Home Decor,Cabinet,7748.2,5114.09,0,Summer,1
SKU007,2024-06-03,196,1002361.64,5114.090000000001,2,591,729,13,81,367,Home Decor,Cabinet,7748.2,5114.09,0,Summer,1
SKU007,2024-06-10,203,1038160.27,5114.090000000001,2,591,729,13,81,367,Home Decor,Cabinet,7748.2,5114.09,0,Summer,1
SKU007,2024-06-17,219,1119985.71,5114.090000000001,2,591,729,13,81,367,Home Decor,Cabinet,7748.2,5114.09,0,Summer,1
SKU007,2024-06-24,204,1043274.36,5114.090000000001,2,591,729,13,81,367,Home Decor,Cabinet,7748.2,5114.09,0,Summer,1
SKU007,2024-07-01,187,956334.83,5114.090000000001,0,513,412,7,113,268,Home Decor,Cabinet,7748.2,5114.09,0,Monsoon,0
SKU007,2024-07-08,179,915422.11,5114.090000000001,0,513,412,7,113,268,Home Decor,Cabinet,7748.2,5114.09,0,Monsoon,0
SKU007,2024-07-15,180,920536.2,5114.090000000001,0,513,412,7,113,268,Home Decor,Cabinet,7748.2,5114.09,0,Monsoon,0
SKU007,2024-07-22,172,879623.48,5114.090000000001,0,513,412,7,113,268,Home Decor,Cabinet,7748.2,5114.09,0,Monsoon,0
SKU007,2024-07-29,160,818254.4,5114.090000000001,0,527,99,10,148,339,Home Decor,Cabinet,7748.2,5114.09,0,Monsoon,0
SKU007,2024-08-05,141,721086.69,5114.090000000001,0,527,99,10,148,339,Home Decor,Cabinet,7748.2,5114.09,0,Monsoon,0
SKU007,2024-08-12,164,838710.76,5114.090000000001,0,527,99,10,148,339,Home Decor,Cabinet,7748.2,5114.09,1,Monsoon,0
SKU007,2024-08-19,160,818254.4,5114.090000000001,0,527,99,10,148,339,Home Decor,Cabinet,7748.2,5114.09,0,Monsoon,0
SKU007,2024-08-26,151,772227.59,5114.090000000001,1,296,417,9,118,279,Home Decor,Cabinet,7748.2,5114.09,0,Monsoon,1
SKU007,2024-09-02,157,802912.13,5114.090000000001,2,296,417,9,118,279,Home Decor,Cabinet,7748.2,5114.09,0,Monsoon,1
SKU007,2024-09-09,174,889851.6599999999,5114.090000000001,2,296,417,9,118,279,Home Decor,Cabinet,7748.2,5114.09,0,Monsoon,1
SKU007,2024-09-16,151,772227.59,5114.090000000001,2,296,417,9,118,279,Home Decor,Cabinet,7748.2,5114.09,0,Monsoon,1
SKU007,2024-09-23,170,869395.3,5114.090000000001,2,296,417,9,118,279,Home Decor,Cabinet,7748.2,5114.09,0,Monsoon,1
SKU007,2024-09-30,130,664831.7,5114.090000000001,0,290,85,6,121,227,Home Decor,Cabinet,7748.2,5114.09,0,Monsoon,0
SKU007,2024-10-07,123,629033.0700000001,5114.090000000001,0,290,85,6,121,227,Home Decor,Cabinet,7748.2,5114.09,0,Autumn,0
SKU007,2024-10-14,128,654603.52,5114.090000000001,0,290,85,6,121,227,Home Decor,Cabinet,7748.2,5114.09,0,Autumn,0
SKU007,2024-10-21,124,634147.16,5114.090000000001,0,290,85,6,121,227,Home Decor,Cabinet,7748.2,5114.09,0,Autumn,0
SKU007,2024-10-28,152,777341.6799999999,5114.090000000001,2,328,23,8,62,178,Home Decor,Cabinet,7748.2,5114.09,1,Autumn,1
SKU007,2024-11-04,172,879623.48,5114.090000000001,2,328,23,8,62,178,Home Decor,Cabinet,7748.2,5114.09,0,Autumn,1
SKU007,2024-11-11,159,813140.31,5114.090000000001,2,328,23,8,62,178,Home Decor,Cabinet,7748.2,5114.09,0,Autumn,1
SKU007,2024-11-18,167,854053.03,5114.090000000001,2,328,23,8,62,178,Home Decor,Cabinet,7748.2,5114.09,0,Autumn,1
SKU007,2024-11-25,132,675059.88,5114.090000000001,1,454,91,3,136,189,Home Decor,Cabinet,7748.2,5114.09,0,Autumn,1
SKU007,2024-12-02,148,756885.32,5114.090000000001,0,454,91,3,136,189,Home Decor,Cabinet,7748.2,5114.09,0,Winter,0
SKU007,2024-12-09,137,700630.3300000001,5114.090000000001,0,454,91,3,136,189,Home Decor,Cabinet,7748.2,5114.09,0,Winter,0
SKU007,2024-12-16,167,854053.03,5114.090000000001,0,454,91,3,136,189,Home Decor,Cabinet,7748.2,5114.09,0,Winter,0
SKU007,2024-12-23,147,751771.23,5114.090000000001,0,454,91,3,136,189,Home Decor,Cabinet,7748.2,5114.09,1,Winter,0
SKU007,2024-12-30,175,894965.75,5114.090000000001,0,504,223,3,70,122,Home Decor,Cabinet,7748.2,5114.09,0,Winter,0
SKU007,2025-01-06,171,874509.3899999999,5114.090000000001,0,504,223,3,70,122,Home Decor,Cabinet,7748.2,5114.09,0,Winter,0
SKU007,2025-01-13,156,797798.04,5114.090000000001,0,504,223,3,70,122,Home Decor,Cabinet,7748.2,5114.09,0,Winter,0
SKU007,2025-01-20,179,915422.11,5114.090000000001,0,504,223,3,70,122,Home Decor,Cabinet,7748.2,5114.09,1,Winter,0
SKU007,2025-01-27,178,910308.02,5114.090000000001,0,320,5,9,70,227,Home Decor,Cabinet,7748.2,5114.09,0,Winter,0
SKU007,2025-02-03,179,915422.11,5114.090000000001,0,320,5,9,70,227,Home Decor,Cabinet,7748.2,5114.09,0,Winter,0
SKU007,2025-02-10,171,874509.39,5114.090000000001,0,320,5,9,70,227,Home Decor,Cabinet,7748.2,5114.09,0,Winter,0
SKU007,2025-02-17,171,874509.39,5114.090000000001,0,320,5,9,70,227,Home Decor,Cabinet,7748.2,5114.09,0,Winter,0
SKU007,2025-02-24,189,966563.01,5114.090000000001,2,167,363,5,141,237,Home Decor,Cabinet,7748.2,5114.09,0,Winter,1
SKU007,2025-03-03,217,1109757.53,5114.090000000001,2,167,363,5,141,237,Home Decor,Cabinet,7748.2,5114.09,0,Spring,1
SKU007,2025-03-10,191,976791.19,5114.090000000001,2,167,363,5,141,237,Home Decor,Cabinet,7748.2,5114.09,0,Spring,1
SKU007,2025-03-17,194,992133.46,5114.090000000001,2,167,363,5,141,237,Home Decor,Cabinet,7748.2,5114.09,0,Spring,1
SKU007,2025-03-24,208,1063730.72,5114.090000000001,2,167,363,5,141,237,Home Decor,Cabinet,7748.2,5114.09,0,Spring,1
SKU007,2025-03-31,201,1027932.09,5114.090000000001,0,335,202,9,85,291,Home Decor,Cabinet,7748.2,5114.09,0,Spring,0
SKU007,2025-04-07,194,992133.46,5114.090000000001,0,335,202,9,85,291,Home Decor,Cabinet,7748.2,5114.09,0,Spring,0
SKU007,2025-04-14,200,1022818.0,5114.090000000001,0,335,202,9,85,291,Home Decor,Cabinet,7748.2,5114.09,0,Spring,0
SKU007,2025-04-21,201,1027932.0900000001,5114.090000000001,0,335,202,9,85,291,Home Decor,Cabinet,7748.2,5114.09,0,Spring,0
SKU007,2025-04-28,199,1017703.91,5114.090000000001,0,574,782,12,167,439,Home Decor,Cabinet,7748.2,5114.09,0,Spring,0
SKU007,2025-05-05,168,859167.12,5114.090000000001,0,574,782,12,167,439,Home Decor,Cabinet,7748.2,5114.09,0,Summer,0
SKU007,2025-05-12,180,920536.2,5114.090000000001,0,574,782,12,167,439,Home Decor,Cabinet,7748.2,5114.09,0,Summer,0
SKU007,2025-05-19,203,1038160.27,5114.090000000001,0,574,782,12,167,439,Home Decor,Cabinet,7748.2,5114.09,0,Summer,0
SKU007,2025-05-26,196,1002361.64,5114.090000000001,1,519,600,11,76,322,Home Decor,Cabinet,7748.2,5114.09,0,Summer,1
SKU007,2025-06-02,185,946106.6499999999,5114.090000000001,2,519,600,11,76,322,Home Decor,Cabinet,7748.2,5114.09,0,Summer,1
SKU007,2025-06-09,174,889851.6599999999,5114.090000000001,2,519,600,11,76,322,Home Decor,Cabinet,7748.2,5114.09,0,Summer,1
SKU007,2025-06-16,187,956334.83,5114.090000000001,2,519,600,11,76,322,Home Decor,Cabinet,7748.2,5114.09,0,Summer,1
SKU007,2025-06-23,212,1084187.08,5114.090000000001,2,519,600,11,76,322,Home Decor,Cabinet,7748.2,5114.09,0,Summer,1
SKU007,2025-06-30,181,925650.29,5114.090000000001,0,643,313,11,147,400,Home Decor,Cabinet,7748.2,5114.09,0,Summer,0
SKU007,2025-07-07,187,956334.83,5114.090000000001,0,643,313,11,147,400,Home Decor,Cabinet,7748.2,5114.09,0,Monsoon,0
SKU007,2025-07-14,161,823368.49,5114.090000000001,0,643,313,11,147,400,Home Decor,Cabinet,7748.2,5114.09,0,Monsoon,0
SKU007,2025-07-21,167,854053.03,5114.090000000001,0,643,313,11,147,400,Home Decor,Cabinet,7748.2,5114.09,0,Monsoon,0
SKU007,2025-07-28,181,925650.29,5114.090000000001,0,478,98,7,89,224,Home Decor,Cabinet,7748.2,5114.09,0,Monsoon,0
SKU007,2025-08-04,145,741543.05,5114.090000000001,0,478,98,7,89,224,Home Decor,Cabinet,7748.2,5114.09,0,Monsoon,0
SKU007,2025-08-11,158,808026.22,5114.090000000001,0,478,98,7,89,224,Home Decor,Cabinet,7748.2,5114.09,1,Monsoon,0
SKU007,2025-08-18,146,746657.1399999999,5114.090000000001,0,478,98,7,89,224,Home Decor,Cabinet,7748.2,5114.09,0,Monsoon,0
SKU007,2025-08-25,170,869395.3,5114.090000000001,0,478,98,7,89,224,Home Decor,Cabinet,7748.2,5114.09,0,Monsoon,0
SKU007,2025-09-01,152,777341.6799999999,5114.090000000001,2,367,183,14,97,340,Home Decor,Cabinet,7748.2,5114.09,0,Monsoon,1
SKU007,2025-09-08,153,782455.77,5114.090000000001,2,367,183,14,97,340,Home Decor,Cabinet,7748.2,5114.09,0,Monsoon,1
SKU007,2025-09-15,162,828482.58,5114.090000000001,2,367,183,14,97,340,Home Decor,Cabinet,7748.2,5114.09,0,Monsoon,1
SKU007,2025-09-22,171,874509.39,5114.090000000001,2,367,183,14,97,340,Home Decor,Cabinet,7748.2,5114.09,0,Monsoon,1
SKU007,2025-09-29,129,659717.61,5114.090000000001,0,526,185,4,63,133,Home Decor,Cabinet,7748.2,5114.09,0,Monsoon,0
SKU007,2025-10-06,149,761999.41,5114.090000000001,0,526,185,4,63,133,Home Decor,Cabinet,7748.2,5114.09,0,Autumn,0
SKU007,2025-10-13,158,808026.22,5114.090000000001,0,526,185,4,63,133,Home Decor,Cabinet,7748.2,5114.09,0,Autumn,0
SKU007,2025-10-20,131,669945.79,5114.090000000001,0,526,185,4,63,133,Home Decor,Cabinet,7748.2,5114.09,1,Autumn,0
SKU007,2025-10-27,152,777341.6799999999,5114.090000000001,2,434,27,5,64,136,Home Decor,Cabinet,7748.2,5114.09,0,Autumn,1
SKU007,2025-11-03,142,726200.78,5114.090000000001,2,434,27,5,64,136,Home Decor,Cabinet,7748.2,5114.09,0,Autumn,1
SKU007,2025-11-10,131,669945.79,5114.090000000001,2,434,27,5,64,136,Home Decor,Cabinet,7748.2,5114.09,0,Autumn,1
SKU007,2025-11-17,157,802912.13,5114.090000000001,2,434,27,5,64,136,Home Decor,Cabinet,7748.2,5114.09,0,Autumn,1
SKU007,2025-11-24,181,925650.29,5114.090000000001,2,434,27,5,64,136,Home Decor,Cabinet,7748.2,5114.09,0,Autumn,1
SKU007,2025-12-01,145,741543.05,5114.090000000001,0,207,460,8,98,237,Home Decor,Cabinet,7748.2,5114.09,0,Winter,0
SKU007,2025-12-08,154,787569.86,5114.090000000001,0,207,460,8,98,237,Home Decor,Cabinet,7748.2,5114.09,0,Winter,0
SKU007,2025-12-15,149,761999.41,5114.090000000001,0,207,460,8,98,237,Home Decor,Cabinet,7748.2,5114.09,0,Winter,0
SKU007,2025-12-22,161,823368.49,5114.090000000001,0,207,460,8,98,237,Home Decor,Cabinet,7748.2,5114.09,1,Winter,0
SKU008,2024-01-01,119,1171274.16,9842.64,0,18,22,7,5,12,Kitchen,Rug,2775.15,9842.64,0,Winter,0
SKU008,2024-01-08,137,1348441.68,9842.64,0,18,22,7,5,12,Kitchen,Rug,2775.15,9842.64,0,Winter,0
SKU008,2024-01-15,118,1161431.52,9842.64,0,18,22,7,5,12,Kitchen,Rug,2775.15,9842.64,0,Winter,0
SKU008,2024-01-22,108,1063005.12,9842.64,0,18,22,7,5,12,Kitchen,Rug,2775.15,9842.64,1,Winter,0
SKU008,2024-01-29,114,1122060.96,9842.64,0,186,157,10,128,376,Kitchen,Rug,2775.15,9842.64,0,Winter,0
SKU008,2024-02-05,113,1112218.32,9842.64,0,186,157,10,128,376,Kitchen,Rug,2775.15,9842.64,0,Winter,0
SKU008,2024-02-12,107,1053162.48,9842.64,0,186,157,10,128,376,Kitchen,Rug,2775.15,9842.64,0,Winter,0
SKU008,2024-02-19,118,1161431.52,9842.64,0,186,157,10,128,376,Kitchen,Rug,2775.15,9842.64,0,Winter,0
SKU008,2024-02-26,131,1289385.84,9842.64,2,537,304,14,177,549,Kitchen,Rug,2775.15,9842.64,0,Winter,1
SKU008,2024-03-04,132,1299228.48,9842.64,2,537,304,14,177,549,Kitchen,Rug,2775.15,9842.64,0,Spring,1
SKU008,2024-03-11,147,1446868.08,9842.64,2,537,304,14,177,549,Kitchen,Rug,2775.15,9842.64,0,Spring,1
SKU008,2024-03-18,144,1417340.16,9842.64,2,537,304,14,177,549,Kitchen,Rug,2775.15,9842.64,0,Spring,1
SKU008,2024-03-25,128,1259857.92,9842.64,2,537,304,14,177,549,Kitchen,Rug,2775.15,9842.64,0,Spring,1
SKU008,2024-04-01,128,1259857.92,9842.64,0,206,344,6,197,386,Kitchen,Rug,2775.15,9842.64,0,Spring,0
SKU008,2024-04-08,128,1259857.92,9842.64,0,206,344,6,197,386,Kitchen,Rug,2775.15,9842.64,0,Spring,0
SKU008,2024-04-15,139,1368126.96,9842.64,0,206,344,6,197,386,Kitchen,Rug,2775.15,9842.64,0,Spring,0
SKU008,2024-04-22,134,1318913.76,9842.64,0,206,344,6,197,386,Kitchen,Rug,2775.15,9842.64,0,Spring,0
SKU008,2024-04-29,139,1368126.96,9842.64,0,915,574,8,111,342,Kitchen,Rug,2775.15,9842.64,0,Spring,0
SKU008,2024-05-06,131,1289385.8399999999,9842.64,0,915,574,8,111,342,Kitchen,Rug,2775.15,9842.64,0,Summer,0
SKU008,2024-05-13,128,1259857.92,9842.64,0,915,574,8,111,342,Kitchen,Rug,2775.15,9842.64,0,Summer,0
SKU008,2024-05-20,137,1348441.68,9842.64,0,915,574,8,111,342,Kitchen,Rug,2775.15,9842.64,0,Summer,0
SKU008,2024-05-27,140,1377969.5999999999,9842.64,2,760,110,8,207,427,Kitchen,Rug,2775.15,9842.64,0,Summer,1
SKU008,2024-06-03,125,1230330.0,9842.64,2,760,110,8,207,427,Kitchen,Rug,2775.15,9842.64,0,Summer,1
SKU008,2024-06-10,106,1043319.84,9842.64,2,760,110,8,207,427,Kitchen,Rug,2775.15,9842.64,0,Summer,1
SKU008,2024-06-17,134,1318913.76,9842.64,2,760,110,8,207,427,Kitchen,Rug,2775.15,9842.64,0,Summer,1
SKU008,2024-06-24,144,1417340.1600000001,9842.64,2,760,110,8,207,427,Kitchen,Rug,2775.15,9842.64,0,Summer,1
SKU008,2024-07-01,112,1102375.68,9842.64,0,307,127,4,132,251,Kitchen,Rug,2775.15,9842.64,0,Monsoon,0
SKU008,2024-07-08,120,1181116.8,9842.64,0,307,127,4,132,251,Kitchen,Rug,2775.15,9842.64,0,Monsoon,0
SKU008,2024-07-15,108,1063005.12,9842.64,0,307,127,4,132,251,Kitchen,Rug,2775.15,9842.64,0,Monsoon,0
SKU008,2024-07-22,134,1318913.76,9842.64,0,307,127,4,132,251,Kitchen,Rug,2775.15,9842.64,0,Monsoon,0
SKU008,2024-07-29,100,984264.0,9842.64,0,700,612,14,123,498,Kitchen,Rug,2775.15,9842.64,0,Monsoon,0
SKU008,2024-08-05,97,954736.08,9842.64,0,700,612,14,123,498,Kitchen,Rug,2775.15,9842.64,0,Monsoon,0
SKU008,2024-08-12,99,974421.36,9842.64,0,700,612,14,123,498,Kitchen,Rug,2775.15,9842.64,1,Monsoon,0
SKU008,2024-08-19,113,1112218.32,9842.64,0,700,612,14,123,498,Kitchen,Rug,2775.15,9842.64,0,Monsoon,0
SKU008,2024-08-26,107,1053162.48,9842.64,1,125,180,12,192,480,Kitchen,Rug,2775.15,9842.64,0,Monsoon,1
SKU008,2024-09-02,115,1131903.6,9842.64,2,125,180,12,192,480,Kitchen,Rug,2775.15,9842.64,0,Monsoon,1
SKU008,2024-09-09,93,915365.52,9842.64,2,125,180,12,192,480,Kitchen,Rug,2775.15,9842.64,0,Monsoon,1
SKU008,2024-09-16,101,994106.64,9842.64,2,125,180,12,192,480,Kitchen,Rug,2775.15,9842.64,0,Monsoon,1
SKU008,2024-09-23,107,1053162.48,9842.64,2,125,180,12,192,480,Kitchen,Rug,2775.15,9842.64,0,Monsoon,1
SKU008,2024-09-30,89,875994.96,9842.64,0,717,337,5,129,243,Kitchen,Rug,2775.15,9842.64,0,Monsoon,0
SKU008,2024-10-07,80,787411.2,9842.64,0,717,337,5,129,243,Kitchen,Rug,2775.15,9842.64,0,Autumn,0
SKU008,2024-10-14,71,698827.44,9842.64,0,717,337,5,129,243,Kitchen,Rug,2775.15,9842.64,0,Autumn,0
SKU008,2024-10-21,97,954736.0800000001,9842.64,0,717,337,5,129,243,Kitchen,Rug,2775.15,9842.64,0,Autumn,0
SKU008,2024-10-28,99,974421.36,9842.64,2,347,395,13,103,371,Kitchen,Rug,2775.15,9842.64,1,Autumn,1
SKU008,2024-11-04,97,954736.08,9842.64,2,347,395,13,103,371,Kitchen,Rug,2775.15,9842.64,0,Autumn,1
SKU008,2024-11-11,106,1043319.84,9842.64,2,347,395,13,103,371,Kitchen,Rug,2775.15,9842.64,0,Autumn,1
SKU008,2024-11-18,88,866152.32,9842.64,2,347,395,13,103,371,Kitchen,Rug,2775.15,9842.64,0,Autumn,1
SKU008,2024-11-25,108,1063005.12,9842.64,1,417,445,8,86,271,Kitchen,Rug,2775.15,9842.64,0,Autumn,1
SKU008,2024-12-02,109,1072847.76,9842.64,0,417,445,8,86,271,Kitchen,Rug,2775.15,9842.64,0,Winter,0
SKU008,2024-12-09,104,1023634.5599999999,9842.64,0,417,445,8,86,271,Kitchen,Rug,2775.15,9842.64,0,Winter,0
SKU008,2024-12-16,82,807096.48,9842.64,0,417,445,8,86,271,Kitchen,Rug,2775.15,9842.64,0,Winter,0
SKU008,2024-12-23,97,954736.0800000001,9842.64,0,417,445,8,86,271,Kitchen,Rug,2775.15,9842.64,1,Winter,0
SKU008,2024-12-30,103,1013791.9199999999,9842.64,0,706,294,10,167,393,Kitchen,Rug,2775.15,9842.64,0,Winter,0
SKU008,2025-01-06,105,1033477.2,9842.64,0,706,294,10,167,393,Kitchen,Rug,2775.15,9842.64,0,Winter,0
SKU008,2025-01-13,111,1092533.04,9842.64,0,706,294,10,167,393,Kitchen,Rug,2775.15,9842.64,0,Winter,0
SKU008,2025-01-20,106,1043319.84,9842.64,0,706,294,10,167,393,Kitchen,Rug,2775.15,9842.64,1,Winter,0
SKU008,2025-01-27,121,1190959.44,9842.64,0,450,314,14,80,447,Kitchen,Rug,2775.15,9842.64,0,Winter,0
SKU008,2025-02-03,134,1318913.76,9842.64,0,450,314,14,80,447,Kitchen,Rug,2775.15,9842.64,0,Winter,0
SKU008,2025-02-10,122,1200802.08,9842.64,0,450,314,14,80,447,Kitchen,Rug,2775.15,9842.64,0,Winter,0
SKU008,2025-02-17,112,1102375.68,9842.64,0,450,314,14,80,447,Kitchen,Rug,2775.15,9842.64,0,Winter,0
SKU008,2025-02-24,138,1358284.32,9842.64,2,694,59,4,184,290,Kitchen,Rug,2775.15,9842.64,0,Winter,1
SKU008,2025-03-03,133,1309071.1199999999,9842.64,2,694,59,4,184,290,Kitchen,Rug,2775.15,9842.64,0,Spring,1
SKU008,2025-03-10,153,1505923.92,9842.64,2,694,59,4,184,290,Kitchen,Rug,2775.15,9842.64,0,Spring,1
SKU008,2025-03-17,139,1368126.96,9842.64,2,694,59,4,184,290,Kitchen,Rug,2775.15,9842.64,0,Spring,1
SKU008,2025-03-24,154,1515766.56,9842.64,2,694,59,4,184,290,Kitchen,Rug,2775.15,9842.64,0,Spring,1
SKU008,2025-03-31,146,1437025.44,9842.64,0,256,427,3,151,244,Kitchen,Rug,2775.15,9842.64,0,Spring,0
SKU008,2025-04-07,131,1289385.84,9842.64,0,256,427,3,151,244,Kitchen,Rug,2775.15,9842.64,0,Spring,0
SKU008,2025-04-14,138,1358284.32,9842.64,0,256,427,3,151,244,Kitchen,Rug,2775.15,9842.64,0,Spring,0
SKU008,2025-04-21,130,1279543.2,9842.64,0,256,427,3,151,244,Kitchen,Rug,2775.15,9842.64,0,Spring,0
SKU008,2025-04-28,127,1250015.28,9842.64,0,563,577,12,173,523,Kitchen,Rug,2775.15,9842.64,0,Spring,0
SKU008,2025-05-05,139,1368126.96,9842.64,0,563,577,12,173,523,Kitchen,Rug,2775.15,9842.64,0,Summer,0
SKU008,2025-05-12,121,1190959.44,9842.64,0,563,577,12,173,523,Kitchen,Rug,2775.15,9842.64,0,Summer,0
SKU008,2025-05-19,118,1161431.52,9842.64,0,563,577,12,173,523,Kitchen,Rug,2775.15,9842.64,0,Summer,0
SKU008,2025-05-26,135,1328756.4,9842.64,1,903,398,4,148,264,Kitchen,Rug,2775.15,9842.64,0,Summer,1
SKU008,2025-06-02,122,1200802.08,9842.64,2,903,398,4,148,264,Kitchen,Rug,2775.15,9842.64,0,Summer,1
SKU008,2025-06-09,136,1338599.04,9842.64,2,903,398,4,148,264,Kitchen,Rug,2775.15,9842.64,0,Summer,1
SKU008,2025-06-16,101,994106.6399999999,9842.64,2,903,398,4,148,264,Kitchen,Rug,2775.15,9842.64,0,Summer,1
SKU008,2025-06-23,118,1161431.52,9842.64,2,903,398,4,148,264,Kitchen,Rug,2775.15,9842.64,0,Summer,1
SKU008,2025-06-30,128,1259857.92,9842.64,0,538,374,4,169,291,Kitchen,Rug,2775.15,9842.64,0,Summer,0
SKU008,2025-07-07,109,1072847.76,9842.64,0,538,374,4,169,291,Kitchen,Rug,2775.15,9842.64,0,Monsoon,0
SKU008,2025-07-14,110,1082690.4,9842.64,0,538,374,4,169,291,Kitchen,Rug,2775.15,9842.64,0,Monsoon,0
SKU008,2025-07-21,105,1033477.2,9842.64,0,538,374,4,169,291,Kitchen,Rug,2775.15,9842.64,0,Monsoon,0
SKU008,2025-07-28,112,1102375.68,9842.64,0,238,222,6,108,257,Kitchen,Rug,2775.15,9842.64,0,Monsoon,0
SKU008,2025-08-04,101,994106.6399999999,9842.64,0,238,222,6,108,257,Kitchen,Rug,2775.15,9842.64,0,Monsoon,0
SKU008,2025-08-11,126,1240172.64,9842.64,0,238,222,6,108,257,Kitchen,Rug,2775.15,9842.64,1,Monsoon,0
SKU008,2025-08-18,89,875994.96,9842.64,0,238,222,6,108,257,Kitchen,Rug,2775.15,9842.64,0,Monsoon,0
SKU008,2025-08-25,101,994106.6399999999,9842.64,0,238,222,6,108,257,Kitchen,Rug,2775.15,9842.64,0,Monsoon,0
SKU008,2025-09-01,92,905522.88,9842.64,2,759,25,11,157,420,Kitchen,Rug,2775.15,9842.64,0,Monsoon,1
SKU008,2025-09-08,90,885837.6,9842.64,2,759,25,11,157,420,Kitchen,Rug,2775.15,9842.64,0,Monsoon,1
SKU008,2025-09-15,87,856309.6799999999,9842.64,2,759,25,11,157,420,Kitchen,Rug,2775.15,9842.64,0,Monsoon,1
SKU008,2025-09-22,93,915365.52,9842.64,2,759,25,11,157,420,Kitchen,Rug,2775.15,9842.64,0,Monsoon,1
SKU008,2025-09-29,98,964578.72,9842.64,0,644,424,6,104,240,Kitchen,Rug,2775.15,9842.64,0,Monsoon,0
SKU008,2025-10-06,88,866152.32,9842.64,0,644,424,6,104,240,Kitchen,Rug,2775.15,9842.64,0,Autumn,0
SKU008,2025-10-13,115,1131903.6,9842.64,0,644,424,6,104,240,Kitchen,Rug,2775.15,9842.64,0,Autumn,0
SKU008,2025-10-20,81,797253.84,9842.64,0,644,424,6,104,240,Kitchen,Rug,2775.15,9842.64,1,Autumn,0
SKU008,2025-10-27,100,984264.0,9842.64,2,605,251,3,143,207,Kitchen,Rug,2775.15,9842.64,0,Autumn,1
SKU008,2025-11-03,112,1102375.68,9842.64,2,605,251,3,143,207,Kitchen,Rug,2775.15,9842.64,0,Autumn,1
SKU008,2025-11-10,94,925208.1599999999,9842.64,2,605,251,3,143,207,Kitchen,Rug,2775.15,9842.64,0,Autumn,1
SKU008,2025-11-17,91,895680.24,9842.64,2,605,251,3,143,207,Kitchen,Rug,2775.15,9842.64,0,Autumn,1
SKU008,2025-11-24,117,1151588.8800000001,9842.64,2,605,251,3,143,207,Kitchen,Rug,2775.15,9842.64,0,Autumn,1
SKU008,2025-12-01,97,954736.08,9842.64,0,325,155,3,91,161,Kitchen,Rug,2775.15,9842.64,0,Winter,0
SKU008,2025-12-08,112,1102375.68,9842.64,0,325,155,3,91,161,Kitchen,Rug,2775.15,9842.64,0,Winter,0
SKU008,2025-12-15,100,984264.0,9842.64,0,325,155,3,91,161,Kitchen,Rug,2775.15,9842.64,0,Winter,0
SKU008,2025-12-22,105,1033477.2,9842.64,0,325,155,3,91,161,Kitchen,Rug,2775.15,9842.64,1,Winter,0
SKU009,2024-01-01,70,163582.3,2336.89,0,13,14,12,5,17,Lighting,Organizer,3121.06,2336.89,0,Winter,0
SKU009,2024-01-08,66,154234.74,2336.89,0,13,14,12,5,17,Lighting,Organizer,3121.06,2336.89,0,Winter,0
SKU009,2024-01-15,73,170592.97,2336.89,0,13,14,12,5,17,Lighting,Organizer,3121.06,2336.89,0,Winter,0
SKU009,2024-01-22,80,186951.19999999998,2336.89,0,13,14,12,5,17,Lighting,Organizer,3121.06,2336.89,1,Winter,0
SKU009,2024-01-29,103,240699.66999999998,2336.89,0,94,252,14,72,218,Lighting,Organizer,3121.06,2336.89,0,Winter,0
SKU009,2024-02-05,85,198635.65,2336.89,0,94,252,14,72,218,Lighting,Organizer,3121.06,2336.89,0,Winter,0
SKU009,2024-02-12,79,184614.31,2336.89,0,94,252,14,72,218,Lighting,Organizer,3121.06,2336.89,0,Winter,0
SKU009,2024-02-19,80,186951.2,2336.89,0,94,252,14,72,218,Lighting,Organizer,3121.06,2336.89,0,Winter,0
SKU009,2024-02-26,92,214993.88,2336.89,2,317,104,5,49,105,Lighting,Organizer,3121.06,2336.89,0,Winter,1
SKU009,2024-03-04,86,200972.54,2336.89,2,317,104,5,49,105,Lighting,Organizer,3121.06,2336.89,0,Spring,1
SKU009,2024-03-11,101,236025.89,2336.89,2,317,104,5,49,105,Lighting,Organizer,3121.06,2336.89,0,Spring,1
SKU009,2024-03-18,95,222004.55,2336.89,2,317,104,5,49,105,Lighting,Organizer,3121.06,2336.89,0,Spring,1
SKU009,2024-03-25,88,205646.32,2336.89,2,317,104,5,49,105,Lighting,Organizer,3121.06,2336.89,0,Spring,1
SKU009,2024-04-01,82,191624.98,2336.89,0,92,586,14,110,311,Lighting,Organizer,3121.06,2336.89,0,Spring,0
SKU009,2024-04-08,106,247710.34,2336.89,0,92,586,14,110,311,Lighting,Organizer,3121.06,2336.89,0,Spring,0
SKU009,2024-04-15,100,233689.0,2336.89,0,92,586,14,110,311,Lighting,Organizer,3121.06,2336.89,0,Spring,0
SKU009,2024-04-22,104,243036.56,2336.89,0,92,586,14,110,311,Lighting,Organizer,3121.06,2336.89,0,Spring,0
SKU009,2024-04-29,80,186951.19999999998,2336.89,0,268,173,5,38,100,Lighting,Organizer,3121.06,2336.89,0,Spring,0
SKU009,2024-05-06,70,163582.3,2336.89,0,268,173,5,38,100,Lighting,Organizer,3121.06,2336.89,0,Summer,0
SKU009,2024-05-13,83,193961.87,2336.89,0,268,173,5,38,100,Lighting,Organizer,3121.06,2336.89,0,Summer,0
SKU009,2024-05-20,83,193961.87,2336.89,0,268,173,5,38,100,Lighting,Organizer,3121.06,2336.89,0,Summer,0
SKU009,2024-05-27,74,172929.86,2336.89,2,154,95,4,54,104,Lighting,Organizer,3121.06,2336.89,0,Summer,1
SKU009,2024-06-03,94,219667.66,2336.89,2,154,95,4,54,104,Lighting,Organizer,3121.06,2336.89,0,Summer,1
SKU009,2024-06-10,93,217330.77,2336.89,2,154,95,4,54,104,Lighting,Organizer,3121.06,2336.89,0,Summer,1
SKU009,2024-06-17,64,149560.96,2336.89,2,154,95,4,54,104,Lighting,Organizer,3121.06,2336.89,0,Summer,1
SKU009,2024-06-24,84,196298.76,2336.89,2,154,95,4,54,104,Lighting,Organizer,3121.06,2336.89,0,Summer,1
SKU009,2024-07-01,78,182277.41999999998,2336.89,0,232,211,3,71,106,Lighting,Organizer,3121.06,2336.89,0,Monsoon,0
SKU009,2024-07-08,63,147224.07,2336.89,0,232,211,3,71,106,Lighting,Organizer,3121.06,2336.89,0,Monsoon,0
SKU009,2024-07-15,85,198635.65,2336.89,0,232,211,3,71,106,Lighting,Organizer,3121.06,2336.89,0,Monsoon,0
SKU009,2024-07-22,82,191624.97999999998,2336.89,0,232,211,3,71,106,Lighting,Organizer,3121.06,2336.89,0,Monsoon,0
SKU009,2024-07-29,85,198635.65,2336.89,0,233,128,11,64,188,Lighting,Organizer,3121.06,2336.89,0,Monsoon,0
SKU009,2024-08-05,66,154234.74,2336.89,0,233,128,11,64,188,Lighting,Organizer,3121.06,2336.89,0,Monsoon,0
SKU009,2024-08-12,70,163582.3,2336.89,0,233,128,11,64,188,Lighting,Organizer,3121.06,2336.89,1,Monsoon,0
SKU009,2024-08-19,59,137876.51,2336.89,0,233,128,11,64,188,Lighting,Organizer,3121.06,2336.89,0,Monsoon,0
SKU009,2024-08-26,58,135539.62,2336.89,1,193,131,13,41,144,Lighting,Organizer,3121.06,2336.89,0,Monsoon,1
SKU009,2024-09-02,58,135539.62,2336.89,2,193,131,13,41,144,Lighting,Organizer,3121.06,2336.89,0,Monsoon,1
SKU009,2024-09-09,56,130865.84,2336.89,2,193,131,13,41,144,Lighting,Organizer,3121.06,2336.89,0,Monsoon,1
SKU009,2024-09-16,58,135539.62,2336.89,2,193,131,13,41,144,Lighting,Organizer,3121.06,2336.89,0,Monsoon,1
SKU009,2024-09-23,67,156571.63,2336.89,2,193,131,13,41,144,Lighting,Organizer,3121.06,2336.89,0,Monsoon,1
SKU009,2024-09-30,42,98149.38,2336.89,0,224,279,9,60,145,Lighting,Organizer,3121.06,2336.89,0,Monsoon,0
SKU009,2024-10-07,65,151897.85,2336.89,0,224,279,9,60,145,Lighting,Organizer,3121.06,2336.89,0,Autumn,0
SKU009,2024-10-14,58,135539.62,2336.89,0,224,279,9,60,145,Lighting,Organizer,3121.06,2336.89,0,Autumn,0
SKU009,2024-10-21,52,121518.28,2336.89,0,224,279,9,60,145,Lighting,Organizer,3121.06,2336.89,0,Autumn,0
SKU009,2024-10-28,66,154234.74,2336.89,2,273,234,14,65,184,Lighting,Organizer,3121.06,2336.89,1,Autumn,1
SKU009,2024-11-04,71,165919.19,2336.89,2,273,234,14,65,184,Lighting,Organizer,3121.06,2336.89,0,Autumn,1
SKU009,2024-11-11,67,156571.63,2336.89,2,273,234,14,65,184,Lighting,Organizer,3121.06,2336.89,0,Autumn,1
SKU009,2024-11-18,60,140213.4,2336.89,2,273,234,14,65,184,Lighting,Organizer,3121.06,2336.89,0,Autumn,1
SKU009,2024-11-25,52,121518.28,2336.89,1,309,122,13,28,147,Lighting,Organizer,3121.06,2336.89,0,Autumn,1
SKU009,2024-12-02,55,128528.95,2336.89,0,309,122,13,28,147,Lighting,Organizer,3121.06,2336.89,0,Winter,0
SKU009,2024-12-09,71,165919.19,2336.89,0,309,122,13,28,147,Lighting,Organizer,3121.06,2336.89,0,Winter,0
SKU009,2024-12-16,76,177603.64,2336.89,0,309,122,13,28,147,Lighting,Organizer,3121.06,2336.89,0,Winter,0
SKU009,2024-12-23,68,158908.52,2336.89,0,309,122,13,28,147,Lighting,Organizer,3121.06,2336.89,1,Winter,0
SKU009,2024-12-30,66,154234.74,2336.89,0,259,163,4,69,108,Lighting,Organizer,3121.06,2336.89,0,Winter,0
SKU009,2025-01-06,55,128528.95,2336.89,0,259,163,4,69,108,Lighting,Organizer,3121.06,2336.89,0,Winter,0
SKU009,2025-01-13,70,163582.3,2336.89,0,259,163,4,69,108,Lighting,Organizer,3121.06,2336.89,0,Winter,0
SKU009,2025-01-20,71,165919.19,2336.89,0,259,163,4,69,108,Lighting,Organizer,3121.06,2336.89,1,Winter,0
SKU009,2025-01-27,69,161245.41,2336.89,0,321,105,4,37,81,Lighting,Organizer,3121.06,2336.89,0,Winter,0
SKU009,2025-02-03,86,200972.54,2336.89,0,321,105,4,37,81,Lighting,Organizer,3121.06,2336.89,0,Winter,0
SKU009,2025-02-10,74,172929.86,2336.89,0,321,105,4,37,81,Lighting,Organizer,3121.06,2336.89,0,Winter,0
SKU009,2025-02-17,75,175266.75,2336.89,0,321,105,4,37,81,Lighting,Organizer,3121.06,2336.89,0,Winter,0
SKU009,2025-02-24,91,212656.99,2336.89,2,333,87,3,51,89,Lighting,Organizer,3121.06,2336.89,0,Winter,1
SKU009,2025-03-03,99,231352.11,2336.89,2,333,87,3,51,89,Lighting,Organizer,3121.06,2336.89,0,Spring,1
SKU009,2025-03-10,92,214993.88,2336.89,2,333,87,3,51,89,Lighting,Organizer,3121.06,2336.89,0,Spring,1
SKU009,2025-03-17,102,238362.78,2336.89,2,333,87,3,51,89,Lighting,Organizer,3121.06,2336.89,0,Spring,1
SKU009,2025-03-24,82,191624.97999999998,2336.89,2,333,87,3,51,89,Lighting,Organizer,3121.06,2336.89,0,Spring,1
SKU009,2025-03-31,76,177603.63999999998,2336.89,0,278,384,14,36,195,Lighting,Organizer,3121.06,2336.89,0,Spring,0
SKU009,2025-04-07,79,184614.31,2336.89,0,278,384,14,36,195,Lighting,Organizer,3121.06,2336.89,0,Spring,0
SKU009,2025-04-14,69,161245.41,2336.89,0,278,384,14,36,195,Lighting,Organizer,3121.06,2336.89,0,Spring,0
SKU009,2025-04-21,100,233689.0,2336.89,0,278,384,14,36,195,Lighting,Organizer,3121.06,2336.89,0,Spring,0
SKU009,2025-04-28,76,177603.64,2336.89,0,154,46,12,88,222,Lighting,Organizer,3121.06,2336.89,0,Spring,0
SKU009,2025-05-05,92,214993.88,2336.89,0,154,46,12,88,222,Lighting,Organizer,3121.06,2336.89,0,Summer,0
SKU009,2025-05-12,104,243036.56,2336.89,0,154,46,12,88,222,Lighting,Organizer,3121.06,2336.89,0,Summer,0
SKU009,2025-05-19,88,205646.32,2336.89,0,154,46,12,88,222,Lighting,Organizer,3121.06,2336.89,0,Summer,0
SKU009,2025-05-26,74,172929.86,2336.89,1,263,120,3,79,116,Lighting,Organizer,3121.06,2336.89,0,Summer,1
SKU009,2025-06-02,88,205646.32,2336.89,2,263,120,3,79,116,Lighting,Organizer,3121.06,2336.89,0,Summer,1
SKU009,2025-06-09,86,200972.53999999998,2336.89,2,263,120,3,79,116,Lighting,Organizer,3121.06,2336.89,0,Summer,1
SKU009,2025-06-16,81,189288.09,2336.89,2,263,120,3,79,116,Lighting,Organizer,3121.06,2336.89,0,Summer,1
SKU009,2025-06-23,92,214993.88,2336.89,2,263,120,3,79,116,Lighting,Organizer,3121.06,2336.89,0,Summer,1
SKU009,2025-06-30,83,193961.87,2336.89,0,229,57,4,49,98,Lighting,Organizer,3121.06,2336.89,0,Summer,0
SKU009,2025-07-07,69,161245.41,2336.89,0,229,57,4,49,98,Lighting,Organizer,3121.06,2336.89,0,Monsoon,0
SKU009,2025-07-14,73,170592.97,2336.89,0,229,57,4,49,98,Lighting,Organizer,3121.06,2336.89,0,Monsoon,0
SKU009,2025-07-21,67,156571.63,2336.89,0,229,57,4,49,98,Lighting,Organizer,3121.06,2336.89,0,Monsoon,0
SKU009,2025-07-28,69,161245.40999999997,2336.89,0,129,49,8,30,107,Lighting,Organizer,3121.06,2336.89,0,Monsoon,0
SKU009,2025-08-04,66,154234.74,2336.89,0,129,49,8,30,107,Lighting,Organizer,3121.06,2336.89,0,Monsoon,0
SKU009,2025-08-11,61,142550.29,2336.89,0,129,49,8,30,107,Lighting,Organizer,3121.06,2336.89,1,Monsoon,0
SKU009,2025-08-18,69,161245.41,2336.89,0,129,49,8,30,107,Lighting,Organizer,3121.06,2336.89,0,Monsoon,0
SKU009,2025-08-25,62,144887.18,2336.89,0,129,49,8,30,107,Lighting,Organizer,3121.06,2336.89,0,Monsoon,0
SKU009,2025-09-01,71,165919.19,2336.89,2,129,97,3,38,68,Lighting,Organizer,3121.06,2336.89,0,Monsoon,1
SKU009,2025-09-08,87,203309.43,2336.89,2,129,97,3,38,68,Lighting,Organizer,3121.06,2336.89,0,Monsoon,1
SKU009,2025-09-15,70,163582.30000000002,2336.89,2,129,97,3,38,68,Lighting,Organizer,3121.06,2336.89,0,Monsoon,1
SKU009,2025-09-22,69,161245.41,2336.89,2,129,97,3,38,68,Lighting,Organizer,3121.06,2336.89,0,Monsoon,1
SKU009,2025-09-29,58,135539.62,2336.89,0,137,11,5,50,95,Lighting,Organizer,3121.06,2336.89,0,Monsoon,0
SKU009,2025-10-06,51,119181.39,2336.89,0,137,11,5,50,95,Lighting,Organizer,3121.06,2336.89,0,Autumn,0
SKU009,2025-10-13,63,147224.07,2336.89,0,137,11,5,50,95,Lighting,Organizer,3121.06,2336.89,0,Autumn,0
SKU009,2025-10-20,52,121518.28,2336.89,0,137,11,5,50,95,Lighting,Organizer,3121.06,2336.89,1,Autumn,0
SKU009,2025-10-27,78,182277.41999999998,2336.89,2,207,102,3,36,60,Lighting,Organizer,3121.06,2336.89,0,Autumn,1
SKU009,2025-11-03,55,128528.95,2336.89,2,207,102,3,36,60,Lighting,Organizer,3121.06,2336.89,0,Autumn,1
SKU009,2025-11-10,62,144887.18,2336.89,2,207,102,3,36,60,Lighting,Organizer,3121.06,2336.89,0,Autumn,1
SKU009,2025-11-17,63,147224.07,2336.89,2,207,102,3,36,60,Lighting,Organizer,3121.06,2336.89,0,Autumn,1
SKU009,2025-11-24,66,154234.74,2336.89,2,207,102,3,36,60,Lighting,Organizer,3121.06,2336.89,0,Autumn,1
SKU009,2025-12-01,77,179940.53,2336.89,0,75,89,7,63,131,Lighting,Organizer,3121.06,2336.89,0,Winter,0
SKU009,2025-12-08,82,191624.97999999998,2336.89,0,75,89,7,63,131,Lighting,Organizer,3121.06,2336.89,0,Winter,0
SKU009,2025-12-15,69,161245.41,2336.89,0,75,89,7,63,131,Lighting,Organizer,3121.06,2336.89,0,Winter,0
SKU009,2025-12-22,77,179940.53,2336.89,0,75,89,7,63,131,Lighting,Organizer,3121.06,2336.89,1,Winter,0
SKU010,2024-01-01,111,73644.06,663.46,0,28,9,12,5,17,Storage,Sofa,3889.06,663.46,0,Winter,0
SKU010,2024-01-08,108,71653.68000000001,663.46,0,28,9,12,5,17,Storage,Sofa,3889.06,663.46,0,Winter,0
SKU010,2024-01-15,115,76297.9,663.46,0,28,9,12,5,17,Storage,Sofa,3889.06,663.46,0,Winter,0
SKU010,2024-01-22,115,76297.9,663.46,0,28,9,12,5,17,Storage,Sofa,3889.06,663.46,1,Winter,0
SKU010,2024-01-29,129,85586.34,663.46,0,100,131,13,24,69,Storage,Sofa,3889.06,663.46,0,Winter,0
SKU010,2024-02-05,136,90230.56,663.46,0,100,131,13,24,69,Storage,Sofa,3889.06,663.46,0,Winter,0
SKU010,2024-02-12,133,88240.18000000001,663.46,0,100,131,13,24,69,Storage,Sofa,3889.06,663.46,0,Winter,0
SKU010,2024-02-19,146,96865.16,663.46,0,100,131,13,24,69,Storage,Sofa,3889.06,663.46,0,Winter,0
SKU010,2024-02-26,145,96201.7,663.46,2,89,106,5,33,54,Storage,Sofa,3889.06,663.46,0,Winter,1
SKU010,2024-03-04,154,102172.84,663.46,2,89,106,5,33,54,Storage,Sofa,3889.06,663.46,0,Spring,1
SKU010,2024-03-11,138,91557.48000000001,663.46,2,89,106,5,33,54,Storage,Sofa,3889.06,663.46,0,Spring,1
SKU010,2024-03-18,141,93547.86,663.46,2,89,106,5,33,54,Storage,Sofa,3889.06,663.46,0,Spring,1
SKU010,2024-03-25,162,107480.52,663.46,2,89,106,5,33,54,Storage,Sofa,3889.06,663.46,0,Spring,1
SKU010,2024-04-01,124,82269.04000000001,663.46,0,133,106,8,19,56,Storage,Sofa,3889.06,663.46,0,Spring,0
SKU010,2024-04-08,141,93547.86,663.46,0,133,106,8,19,56,Storage,Sofa,3889.06,663.46,0,Spring,0
SKU010,2024-04-15,121,80278.66,663.46,0,133,106,8,19,56,Storage,Sofa,3889.06,663.46,0,Spring,0
SKU010,2024-04-22,121,80278.66,663.46,0,133,106,8,19,56,Storage,Sofa,3889.06,663.46,0,Spring,0
SKU010,2024-04-29,144,95538.24,663.46,0,74,35,12,21,65,Storage,Sofa,3889.06,663.46,0,Spring,0
SKU010,2024-05-06,117,77624.82,663.46,0,74,35,12,21,65,Storage,Sofa,3889.06,663.46,0,Summer,0
SKU010,2024-05-13,145,96201.7,663.46,0,74,35,12,21,65,Storage,Sofa,3889.06,663.46,0,Summer,0
SKU010,2024-05-20,141,93547.86,663.46,0,74,35,12,21,65,Storage,Sofa,3889.06,663.46,0,Summer,0
SKU010,2024-05-27,158,104826.68000000001,663.46,2,103,29,14,22,87,Storage,Sofa,3889.06,663.46,0,Summer,1
SKU010,2024-06-03,151,100182.45999999999,663.46,2,103,29,14,22,87,Storage,Sofa,3889.06,663.46,0,Summer,1
SKU010,2024-06-10,141,93547.86,663.46,2,103,29,14,22,87,Storage,Sofa,3889.06,663.46,0,Summer,1
SKU010,2024-06-17,153,101509.38,663.46,2,103,29,14,22,87,Storage,Sofa,3889.06,663.46,0,Summer,1
SKU010,2024-06-24,129,85586.34,663.46,2,103,29,14,22,87,Storage,Sofa,3889.06,663.46,0,Summer,1
SKU010,2024-07-01,103,68336.38,663.46,0,131,31,5,14,36,Storage,Sofa,3889.06,663.46,0,Monsoon,0
SKU010,2024-07-08,113,74970.98,663.46,0,131,31,5,14,36,Storage,Sofa,3889.06,663.46,0,Monsoon,0
SKU010,2024-07-15,111,73644.06,663.46,0,131,31,5,14,36,Storage,Sofa,3889.06,663.46,0,Monsoon,0
SKU010,2024-07-22,119,78951.74,663.46,0,131,31,5,14,36,Storage,Sofa,3889.06,663.46,0,Monsoon,0
SKU010,2024-07-29,110,72980.6,663.46,0,103,75,8,12,40,Storage,Sofa,3889.06,663.46,0,Monsoon,0
SKU010,2024-08-05,103,68336.38,663.46,0,103,75,8,12,40,Storage,Sofa,3889.06,663.46,0,Monsoon,0
SKU010,2024-08-12,103,68336.38,663.46,0,103,75,8,12,40,Storage,Sofa,3889.06,663.46,1,Monsoon,0
SKU010,2024-08-19,99,65682.54000000001,663.46,0,103,75,8,12,40,Storage,Sofa,3889.06,663.46,0,Monsoon,0
SKU010,2024-08-26,96,63692.16,663.46,1,37,39,6,16,34,Storage,Sofa,3889.06,663.46,0,Monsoon,1
SKU010,2024-09-02,92,61038.32,663.46,2,37,39,6,16,34,Storage,Sofa,3889.06,663.46,0,Monsoon,1
SKU010,2024-09-09,116,76961.36,663.46,2,37,39,6,16,34,Storage,Sofa,3889.06,663.46,0,Monsoon,1
SKU010,2024-09-16,115,76297.9,663.46,2,37,39,6,16,34,Storage,Sofa,3889.06,663.46,0,Monsoon,1
SKU010,2024-09-23,128,84922.88,663.46,2,37,39,6,16,34,Storage,Sofa,3889.06,663.46,0,Monsoon,1
SKU010,2024-09-30,122,80942.12000000001,663.46,0,24,21,6,19,38,Storage,Sofa,3889.06,663.46,0,Monsoon,0
SKU010,2024-10-07,79,52413.340000000004,663.46,0,24,21,6,19,38,Storage,Sofa,3889.06,663.46,0,Autumn,0
SKU010,2024-10-14,74,49096.04,663.46,0,24,21,6,19,38,Storage,Sofa,3889.06,663.46,0,Autumn,0
SKU010,2024-10-21,92,61038.32,663.46,0,24,21,6,19,38,Storage,Sofa,3889.06,663.46,0,Autumn,0
SKU010,2024-10-28,109,72317.14,663.46,2,62,48,6,17,33,Storage,Sofa,3889.06,663.46,1,Autumn,1
SKU010,2024-11-04,100,66346.0,663.46,2,62,48,6,17,33,Storage,Sofa,3889.06,663.46,0,Autumn,1
SKU010,2024-11-11,113,74970.98,663.46,2,62,48,6,17,33,Storage,Sofa,3889.06,663.46,0,Autumn,1
SKU010,2024-11-18,121,80278.66,663.46,2,62,48,6,17,33,Storage,Sofa,3889.06,663.46,0,Autumn,1
SKU010,2024-11-25,93,61701.78,663.46,1,27,22,5,21,39,Storage,Sofa,3889.06,663.46,0,Autumn,1
SKU010,2024-12-02,99,65682.54000000001,663.46,0,27,22,5,21,39,Storage,Sofa,3889.06,663.46,0,Winter,0
SKU010,2024-12-09,106,70326.76000000001,663.46,0,27,22,5,21,39,Storage,Sofa,3889.06,663.46,0,Winter,0
SKU010,2024-12-16,109,72317.14,663.46,0,27,22,5,21,39,Storage,Sofa,3889.06,663.46,0,Winter,0
SKU010,2024-12-23,109,72317.14,663.46,0,27,22,5,21,39,Storage,Sofa,3889.06,663.46,1,Winter,0
SKU010,2024-12-30,116,76961.36,663.46,0,37,0,12,18,59,Storage,Sofa,3889.06,663.46,0,Winter,0
SKU010,2025-01-06,118,78288.28,663.46,0,37,0,12,18,59,Storage,Sofa,3889.06,663.46,0,Winter,0
SKU010,2025-01-13,113,74970.98000000001,663.46,0,37,0,12,18,59,Storage,Sofa,3889.06,663.46,0,Winter,0
SKU010,2025-01-20,118,78288.28,663.46,0,37,0,12,18,59,Storage,Sofa,3889.06,663.46,1,Winter,0
SKU010,2025-01-27,97,64355.62,663.46,0,115,62,9,22,52,Storage,Sofa,3889.06,663.46,0,Winter,0
SKU010,2025-02-03,124,82269.04000000001,663.46,0,115,62,9,22,52,Storage,Sofa,3889.06,663.46,0,Winter,0
SKU010,2025-02-10,128,84922.88,663.46,0,115,62,9,22,52,Storage,Sofa,3889.06,663.46,0,Winter,0
SKU010,2025-02-17,128,84922.88,663.46,0,115,62,9,22,52,Storage,Sofa,3889.06,663.46,0,Winter,0
SKU010,2025-02-24,155,102836.3,663.46,2,43,6,12,10,46,Storage,Sofa,3889.06,663.46,0,Winter,1
SKU010,2025-03-03,160,106153.6,663.46,2,43,6,12,10,46,Storage,Sofa,3889.06,663.46,0,Spring,1
SKU010,2025-03-10,139,92220.94,663.46,2,43,6,12,10,46,Storage,Sofa,3889.06,663.46,0,Spring,1
SKU010,2025-03-17,139,92220.94,663.46,2,43,6,12,10,46,Storage,Sofa,3889.06,663.46,0,Spring,1
SKU010,2025-03-24,156,103499.76000000001,663.46,2,43,6,12,10,46,Storage,Sofa,3889.06,663.46,0,Spring,1
SKU010,2025-03-31,149,98855.54000000001,663.46,0,89,73,14,25,82,Storage,Sofa,3889.06,663.46,0,Spring,0
SKU010,2025-04-07,133,88240.18000000001,663.46,0,89,73,14,25,82,Storage,Sofa,3889.06,663.46,0,Spring,0
SKU010,2025-04-14,137,90894.02,663.46,0,89,73,14,25,82,Storage,Sofa,3889.06,663.46,0,Spring,0
SKU010,2025-04-21,144,95538.23999999999,663.46,0,89,73,14,25,82,Storage,Sofa,3889.06,663.46,0,Spring,0
SKU010,2025-04-28,134,88903.64,663.46,0,53,90,5,22,46,Storage,Sofa,3889.06,663.46,0,Spring,0
SKU010,2025-05-05,130,86249.8,663.46,0,53,90,5,22,46,Storage,Sofa,3889.06,663.46,0,Summer,0
SKU010,2025-05-12,131,86913.26000000001,663.46,0,53,90,5,22,46,Storage,Sofa,3889.06,663.46,0,Summer,0
SKU010,2025-05-19,141,93547.86,663.46,0,53,90,5,22,46,Storage,Sofa,3889.06,663.46,0,Summer,0
SKU010,2025-05-26,145,96201.7,663.46,1,36,6,10,18,59,Storage,Sofa,3889.06,663.46,0,Summer,1
SKU010,2025-06-02,136,90230.56,663.46,2,36,6,10,18,59,Storage,Sofa,3889.06,663.46,0,Summer,1
SKU010,2025-06-09,141,93547.86,663.46,2,36,6,10,18,59,Storage,Sofa,3889.06,663.46,0,Summer,1
SKU010,2025-06-16,139,92220.94,663.46,2,36,6,10,18,59,Storage,Sofa,3889.06,663.46,0,Summer,1
SKU010,2025-06-23,123,81605.58,663.46,2,36,6,10,18,59,Storage,Sofa,3889.06,663.46,0,Summer,1
SKU010,2025-06-30,111,73644.06,663.46,0,69,83,5,32,52,Storage,Sofa,3889.06,663.46,0,Summer,0
SKU010,2025-07-07,120,79615.20000000001,663.46,0,69,83,5,32,52,Storage,Sofa,3889.06,663.46,0,Monsoon,0
SKU010,2025-07-14,124,82269.04,663.46,0,69,83,5,32,52,Storage,Sofa,3889.06,663.46,0,Monsoon,0
SKU010,2025-07-21,105,69663.3,663.46,0,69,83,5,32,52,Storage,Sofa,3889.06,663.46,0,Monsoon,0
SKU010,2025-07-28,91,60374.86,663.46,0,38,4,4,14,27,Storage,Sofa,3889.06,663.46,0,Monsoon,0
SKU010,2025-08-04,95,63028.7,663.46,0,38,4,4,14,27,Storage,Sofa,3889.06,663.46,0,Monsoon,0
SKU010,2025-08-11,113,74970.98,663.46,0,38,4,4,14,27,Storage,Sofa,3889.06,663.46,1,Monsoon,0
SKU010,2025-08-18,100,66346.0,663.46,0,38,4,4,14,27,Storage,Sofa,3889.06,663.46,0,Monsoon,0
SKU010,2025-08-25,114,75634.44,663.46,0,38,4,4,14,27,Storage,Sofa,3889.06,663.46,0,Monsoon,0
SKU010,2025-09-01,104,68999.84,663.46,2,37,46,9,19,48,Storage,Sofa,3889.06,663.46,0,Monsoon,1
SKU010,2025-09-08,92,61038.32,663.46,2,37,46,9,19,48,Storage,Sofa,3889.06,663.46,0,Monsoon,1
SKU010,2025-09-15,114,75634.44,663.46,2,37,46,9,19,48,Storage,Sofa,3889.06,663.46,0,Monsoon,1
SKU010,2025-09-22,100,66346.0,663.46,2,37,46,9,19,48,Storage,Sofa,3889.06,663.46,0,Monsoon,1
SKU010,2025-09-29,79,52413.340000000004,663.46,0,117,1,12,25,67,Storage,Sofa,3889.06,663.46,0,Monsoon,0
SKU010,2025-10-06,83,55067.18,663.46,0,117,1,12,25,67,Storage,Sofa,3889.06,663.46,0,Autumn,0
SKU010,2025-10-13,96,63692.16,663.46,0,117,1,12,25,67,Storage,Sofa,3889.06,663.46,0,Autumn,0
SKU010,2025-10-20,86,57057.56,663.46,0,117,1,12,25,67,Storage,Sofa,3889.06,663.46,1,Autumn,0
SKU010,2025-10-27,120,79615.2,663.46,2,83,62,10,14,41,Storage,Sofa,3889.06,663.46,0,Autumn,1
SKU010,2025-11-03,91,60374.86,663.46,2,83,62,10,14,41,Storage,Sofa,3889.06,663.46,0,Autumn,1
SKU010,2025-11-10,105,69663.3,663.46,2,83,62,10,14,41,Storage,Sofa,3889.06,663.46,0,Autumn,1
SKU010,2025-11-17,102,67672.92,663.46,2,83,62,10,14,41,Storage,Sofa,3889.06,663.46,0,Autumn,1
SKU010,2025-11-24,104,68999.84,663.46,2,83,62,10,14,41,Storage,Sofa,3889.06,663.46,0,Autumn,1
SKU010,2025-12-01,126,83595.96,663.46,0,83,70,13,22,60,Storage,Sofa,3889.06,663.46,0,Winter,0
SKU010,2025-12-08,108,71653.68000000001,663.46,0,83,70,13,22,60,Storage,Sofa,3889.06,663.46,0,Winter,0
SKU010,2025-12-15,102,67672.92,663.46,0,83,70,13,22,60,Storage,Sofa,3889.06,663.46,0,Winter,0
SKU010,2025-12-22,102,67672.92,663.46,0,83,70,13,22,60,Storage,Sofa,3889.06,663.46,1,Winter,0
SKU011,2024-01-01,14,20223.84,1444.56,0,5,3,3,5,10,Furniture,Chair,1718.4,1444.56,0,Winter,0
SKU011,2024-01-08,20,28891.2,1444.56,0,5,3,3,5,10,Furniture,Chair,1718.4,1444.56,0,Winter,0
SKU011,2024-01-15,14,20223.84,1444.56,0,5,3,3,5,10,Furniture,Chair,1718.4,1444.56,0,Winter,0
SKU011,2024-01-22,15,21668.4,1444.56,0,5,3,3,5,10,Furniture,Chair,1718.4,1444.56,1,Winter,0
SKU011,2024-01-29,21,30335.760000000002,1444.56,0,596,324,13,139,466,Furniture,Chair,1718.4,1444.56,0,Winter,0
SKU011,2024-02-05,14,20223.84,1444.56,0,596,324,13,139,466,Furniture,Chair,1718.4,1444.56,0,Winter,0
SKU011,2024-02-12,20,28891.199999999997,1444.56,0,596,324,13,139,466,Furniture,Chair,1718.4,1444.56,0,Winter,0
SKU011,2024-02-19,28,40447.68,1444.56,0,596,324,13,139,466,Furniture,Chair,1718.4,1444.56,0,Winter,0
SKU011,2024-02-26,23,33224.880000000005,1444.56,2,574,255,5,217,355,Furniture,Chair,1718.4,1444.56,0,Winter,1
SKU011,2024-03-04,21,30335.760000000002,1444.56,2,574,255,5,217,355,Furniture,Chair,1718.4,1444.56,0,Spring,1
SKU011,2024-03-11,24,34669.44,1444.56,2,574,255,5,217,355,Furniture,Chair,1718.4,1444.56,0,Spring,1
SKU011,2024-03-18,25,36114.0,1444.56,2,574,255,5,217,355,Furniture,Chair,1718.4,1444.56,0,Spring,1
SKU011,2024-03-25,16,23112.96,1444.56,2,574,255,5,217,355,Furniture,Chair,1718.4,1444.56,0,Spring,1
SKU011,2024-04-01,20,28891.2,1444.56,0,708,493,5,161,317,Furniture,Chair,1718.4,1444.56,0,Spring,0
SKU011,2024-04-08,22,31780.32,1444.56,0,708,493,5,161,317,Furniture,Chair,1718.4,1444.56,0,Spring,0
SKU011,2024-04-15,19,27446.64,1444.56,0,708,493,5,161,317,Furniture,Chair,1718.4,1444.56,0,Spring,0
SKU011,2024-04-22,31,44781.36,1444.56,0,708,493,5,161,317,Furniture,Chair,1718.4,1444.56,0,Spring,0
SKU011,2024-04-29,20,28891.2,1444.56,0,301,26,14,149,531,Furniture,Chair,1718.4,1444.56,0,Spring,0
SKU011,2024-05-06,30,43336.8,1444.56,0,301,26,14,149,531,Furniture,Chair,1718.4,1444.56,0,Summer,0
SKU011,2024-05-13,28,40447.68,1444.56,0,301,26,14,149,531,Furniture,Chair,1718.4,1444.56,0,Summer,0
SKU011,2024-05-20,17,24557.52,1444.56,0,301,26,14,149,531,Furniture,Chair,1718.4,1444.56,0,Summer,0
SKU011,2024-05-27,26,37558.560000000005,1444.56,2,916,171,8,183,416,Furniture,Chair,1718.4,1444.56,0,Summer,1
SKU011,2024-06-03,24,34669.44,1444.56,2,916,171,8,183,416,Furniture,Chair,1718.4,1444.56,0,Summer,1
SKU011,2024-06-10,19,27446.64,1444.56,2,916,171,8,183,416,Furniture,Chair,1718.4,1444.56,0,Summer,1
SKU011,2024-06-17,16,23112.96,1444.56,2,916,171,8,183,416,Furniture,Chair,1718.4,1444.56,0,Summer,1
SKU011,2024-06-24,19,27446.64,1444.56,2,916,171,8,183,416,Furniture,Chair,1718.4,1444.56,0,Summer,1
SKU011,2024-07-01,19,27446.64,1444.56,0,946,45,7,137,357,Furniture,Chair,1718.4,1444.56,0,Monsoon,0
SKU011,2024-07-08,27,39003.12,1444.56,0,946,45,7,137,357,Furniture,Chair,1718.4,1444.56,0,Monsoon,0
SKU011,2024-07-15,12,17334.72,1444.56,0,946,45,7,137,357,Furniture,Chair,1718.4,1444.56,0,Monsoon,0
SKU011,2024-07-22,14,20223.84,1444.56,0,946,45,7,137,357,Furniture,Chair,1718.4,1444.56,0,Monsoon,0
SKU011,2024-07-29,12,17334.72,1444.56,0,863,544,7,165,342,Furniture,Chair,1718.4,1444.56,0,Monsoon,0
SKU011,2024-08-05,16,23112.96,1444.56,0,863,544,7,165,342,Furniture,Chair,1718.4,1444.56,0,Monsoon,0
SKU011,2024-08-12,17,24557.52,1444.56,0,863,544,7,165,342,Furniture,Chair,1718.4,1444.56,1,Monsoon,0
SKU011,2024-08-19,9,13001.039999999999,1444.56,0,863,544,7,165,342,Furniture,Chair,1718.4,1444.56,0,Monsoon,0
SKU011,2024-08-26,17,24557.52,1444.56,1,536,391,11,122,365,Furniture,Chair,1718.4,1444.56,0,Monsoon,1
SKU011,2024-09-02,18,26002.08,1444.56,2,536,391,11,122,365,Furniture,Chair,1718.4,1444.56,0,Monsoon,1
SKU011,2024-09-09,22,31780.32,1444.56,2,536,391,11,122,365,Furniture,Chair,1718.4,1444.56,0,Monsoon,1
SKU011,2024-09-16,15,21668.4,1444.56,2,536,391,11,122,365,Furniture,Chair,1718.4,1444.56,0,Monsoon,1
SKU011,2024-09-23,18,26002.08,1444.56,2,536,391,11,122,365,Furniture,Chair,1718.4,1444.56,0,Monsoon,1
SKU011,2024-09-30,11,15890.16,1444.56,0,433,143,7,141,300,Furniture,Chair,1718.4,1444.56,0,Monsoon,0
SKU011,2024-10-07,16,23112.96,1444.56,0,433,143,7,141,300,Furniture,Chair,1718.4,1444.56,0,Autumn,0
SKU011,2024-10-14,13,18779.28,1444.56,0,433,143,7,141,300,Furniture,Chair,1718.4,1444.56,0,Autumn,0
SKU011,2024-10-21,9,13001.04,1444.56,0,433,143,7,141,300,Furniture,Chair,1718.4,1444.56,0,Autumn,0
SKU011,2024-10-28,15,21668.4,1444.56,2,338,108,3,67,126,Furniture,Chair,1718.4,1444.56,1,Autumn,1
SKU011,2024-11-04,11,15890.16,1444.56,2,338,108,3,67,126,Furniture,Chair,1718.4,1444.56,0,Autumn,1
SKU011,2024-11-11,16,23112.96,1444.56,2,338,108,3,67,126,Furniture,Chair,1718.4,1444.56,0,Autumn,1
SKU011,2024-11-18,25,36114.0,1444.56,2,338,108,3,67,126,Furniture,Chair,1718.4,1444.56,0,Autumn,1
SKU011,2024-11-25,22,31780.32,1444.56,1,421,675,14,121,445,Furniture,Chair,1718.4,1444.56,0,Autumn,1
SKU011,2024-12-02,25,36114.0,1444.56,0,421,675,14,121,445,Furniture,Chair,1718.4,1444.56,0,Winter,0
SKU011,2024-12-09,15,21668.4,1444.56,0,421,675,14,121,445,Furniture,Chair,1718.4,1444.56,0,Winter,0
SKU011,2024-12-16,20,28891.199999999997,1444.56,0,421,675,14,121,445,Furniture,Chair,1718.4,1444.56,0,Winter,0
SKU011,2024-12-23,17,24557.52,1444.56,0,421,675,14,121,445,Furniture,Chair,1718.4,1444.56,1,Winter,0
SKU011,2024-12-30,17,24557.52,1444.56,0,437,659,14,107,426,Furniture,Chair,1718.4,1444.56,0,Winter,0
SKU011,2025-01-06,21,30335.760000000002,1444.56,0,437,659,14,107,426,Furniture,Chair,1718.4,1444.56,0,Winter,0
SKU011,2025-01-13,19,27446.64,1444.56,0,437,659,14,107,426,Furniture,Chair,1718.4,1444.56,0,Winter,0
SKU011,2025-01-20,24,34669.44,1444.56,0,437,659,14,107,426,Furniture,Chair,1718.4,1444.56,1,Winter,0
SKU011,2025-01-27,13,18779.28,1444.56,0,715,562,12,132,423,Furniture,Chair,1718.4,1444.56,0,Winter,0
SKU011,2025-02-03,16,23112.96,1444.56,0,715,562,12,132,423,Furniture,Chair,1718.4,1444.56,0,Winter,0
SKU011,2025-02-10,16,23112.96,1444.56,0,715,562,12,132,423,Furniture,Chair,1718.4,1444.56,0,Winter,0
SKU011,2025-02-17,23,33224.88,1444.56,0,715,562,12,132,423,Furniture,Chair,1718.4,1444.56,0,Winter,0
SKU011,2025-02-24,18,26002.079999999998,1444.56,2,610,289,11,160,456,Furniture,Chair,1718.4,1444.56,0,Winter,1
SKU011,2025-03-03,15,21668.4,1444.56,2,610,289,11,160,456,Furniture,Chair,1718.4,1444.56,0,Spring,1
SKU011,2025-03-10,22,31780.32,1444.56,2,610,289,11,160,456,Furniture,Chair,1718.4,1444.56,0,Spring,1
SKU011,2025-03-17,19,27446.64,1444.56,2,610,289,11,160,456,Furniture,Chair,1718.4,1444.56,0,Spring,1
SKU011,2025-03-24,18,26002.079999999998,1444.56,2,610,289,11,160,456,Furniture,Chair,1718.4,1444.56,0,Spring,1
SKU011,2025-03-31,20,28891.2,1444.56,0,853,577,6,198,386,Furniture,Chair,1718.4,1444.56,0,Spring,0
SKU011,2025-04-07,26,37558.56,1444.56,0,853,577,6,198,386,Furniture,Chair,1718.4,1444.56,0,Spring,0
SKU011,2025-04-14,22,31780.32,1444.56,0,853,577,6,198,386,Furniture,Chair,1718.4,1444.56,0,Spring,0
SKU011,2025-04-21,24,34669.44,1444.56,0,853,577,6,198,386,Furniture,Chair,1718.4,1444.56,0,Spring,0
SKU011,2025-04-28,17,24557.52,1444.56,0,752,83,14,122,515,Furniture,Chair,1718.4,1444.56,0,Spring,0
SKU011,2025-05-05,17,24557.52,1444.56,0,752,83,14,122,515,Furniture,Chair,1718.4,1444.56,0,Summer,0
SKU011,2025-05-12,14,20223.84,1444.56,0,752,83,14,122,515,Furniture,Chair,1718.4,1444.56,0,Summer,0
SKU011,2025-05-19,16,23112.96,1444.56,0,752,83,14,122,515,Furniture,Chair,1718.4,1444.56,0,Summer,0
SKU011,2025-05-26,29,41892.240000000005,1444.56,1,735,114,3,155,236,Furniture,Chair,1718.4,1444.56,0,Summer,1
SKU011,2025-06-02,20,28891.2,1444.56,2,735,114,3,155,236,Furniture,Chair,1718.4,1444.56,0,Summer,1
SKU011,2025-06-09,26,37558.56,1444.56,2,735,114,3,155,236,Furniture,Chair,1718.4,1444.56,0,Summer,1
SKU011,2025-06-16,18,26002.079999999998,1444.56,2,735,114,3,155,236,Furniture,Chair,1718.4,1444.56,0,Summer,1
SKU011,2025-06-23,22,31780.32,1444.56,2,735,114,3,155,236,Furniture,Chair,1718.4,1444.56,0,Summer,1
SKU011,2025-06-30,25,36114.0,1444.56,0,214,218,7,103,309,Furniture,Chair,1718.4,1444.56,0,Summer,0
SKU011,2025-07-07,14,20223.84,1444.56,0,214,218,7,103,309,Furniture,Chair,1718.4,1444.56,0,Monsoon,0
SKU011,2025-07-14,21,30335.76,1444.56,0,214,218,7,103,309,Furniture,Chair,1718.4,1444.56,0,Monsoon,0
SKU011,2025-07-21,11,15890.16,1444.56,0,214,218,7,103,309,Furniture,Chair,1718.4,1444.56,0,Monsoon,0
SKU011,2025-07-28,18,26002.08,1444.56,0,145,441,4,178,276,Furniture,Chair,1718.4,1444.56,0,Monsoon,0
SKU011,2025-08-04,22,31780.32,1444.56,0,145,441,4,178,276,Furniture,Chair,1718.4,1444.56,0,Monsoon,0
SKU011,2025-08-11,14,20223.84,1444.56,0,145,441,4,178,276,Furniture,Chair,1718.4,1444.56,1,Monsoon,0
SKU011,2025-08-18,24,34669.44,1444.56,0,145,441,4,178,276,Furniture,Chair,1718.4,1444.56,0,Monsoon,0
SKU011,2025-08-25,11,15890.16,1444.56,0,145,441,4,178,276,Furniture,Chair,1718.4,1444.56,0,Monsoon,0
SKU011,2025-09-01,16,23112.96,1444.56,2,592,979,14,180,515,Furniture,Chair,1718.4,1444.56,0,Monsoon,1
SKU011,2025-09-08,16,23112.96,1444.56,2,592,979,14,180,515,Furniture,Chair,1718.4,1444.56,0,Monsoon,1
SKU011,2025-09-15,16,23112.96,1444.56,2,592,979,14,180,515,Furniture,Chair,1718.4,1444.56,0,Monsoon,1
SKU011,2025-09-22,11,15890.16,1444.56,2,592,979,14,180,515,Furniture,Chair,1718.4,1444.56,0,Monsoon,1
SKU011,2025-09-29,28,40447.68,1444.56,0,330,213,7,117,264,Furniture,Chair,1718.4,1444.56,0,Monsoon,0
SKU011,2025-10-06,16,23112.96,1444.56,0,330,213,7,117,264,Furniture,Chair,1718.4,1444.56,0,Autumn,0
SKU011,2025-10-13,11,15890.16,1444.56,0,330,213,7,117,264,Furniture,Chair,1718.4,1444.56,0,Autumn,0
SKU011,2025-10-20,18,26002.08,1444.56,0,330,213,7,117,264,Furniture,Chair,1718.4,1444.56,1,Autumn,0
SKU011,2025-10-27,19,27446.64,1444.56,2,346,118,3,60,118,Furniture,Chair,1718.4,1444.56,0,Autumn,1
SKU011,2025-11-03,19,27446.64,1444.56,2,346,118,3,60,118,Furniture,Chair,1718.4,1444.56,0,Autumn,1
SKU011,2025-11-10,25,36114.0,1444.56,2,346,118,3,60,118,Furniture,Chair,1718.4,1444.56,0,Autumn,1
SKU011,2025-11-17,9,13001.039999999999,1444.56,2,346,118,3,60,118,Furniture,Chair,1718.4,1444.56,0,Autumn,1
SKU011,2025-11-24,15,21668.4,1444.56,2,346,118,3,60,118,Furniture,Chair,1718.4,1444.56,0,Autumn,1
SKU011,2025-12-01,17,24557.52,1444.56,0,753,269,3,179,247,Furniture,Chair,1718.4,1444.56,0,Winter,0
SKU011,2025-12-08,23,33224.880000000005,1444.56,0,753,269,3,179,247,Furniture,Chair,1718.4,1444.56,0,Winter,0
SKU011,2025-12-15,18,26002.08,1444.56,0,753,269,3,179,247,Furniture,Chair,1718.4,1444.56,0,Winter,0
SKU011,2025-12-22,22,31780.32,1444.56,0,753,269,3,179,247,Furniture,Chair,1718.4,1444.56,1,Winter,0
SKU012,2024-01-01,181,1589065.97,8779.37,0,24,14,3,5,10,Home Decor,Table,1256.89,8779.37,0,Winter,0
SKU012,2024-01-08,176,1545169.12,8779.37,0,24,14,3,5,10,Home Decor,Table,1256.89,8779.37,0,Winter,0
SKU012,2024-01-15,178,1562727.8599999999,8779.37,0,24,14,3,5,10,Home Decor,Table,1256.89,8779.37,0,Winter,0
SKU012,2024-01-22,185,1624183.45,8779.37,0,24,14,3,5,10,Home Decor,Table,1256.89,8779.37,1,Winter,0
SKU012,2024-01-29,186,1632962.82,8779.37,0,67,83,13,13,56,Home Decor,Table,1256.89,8779.37,0,Winter,0
SKU012,2024-02-05,206,1808550.22,8779.37,0,67,83,13,13,56,Home Decor,Table,1256.89,8779.37,0,Winter,0
SKU012,2024-02-12,192,1685639.04,8779.37,0,67,83,13,13,56,Home Decor,Table,1256.89,8779.37,0,Winter,0
SKU012,2024-02-19,190,1668080.3,8779.37,0,67,83,13,13,56,Home Decor,Table,1256.89,8779.37,0,Winter,0
SKU012,2024-02-26,229,2010475.73,8779.37,2,93,39,5,11,29,Home Decor,Table,1256.89,8779.37,0,Winter,1
SKU012,2024-03-04,205,1799770.85,8779.37,2,93,39,5,11,29,Home Decor,Table,1256.89,8779.37,0,Spring,1
SKU012,2024-03-11,206,1808550.22,8779.37,2,93,39,5,11,29,Home Decor,Table,1256.89,8779.37,0,Spring,1
SKU012,2024-03-18,210,1843667.7,8779.37,2,93,39,5,11,29,Home Decor,Table,1256.89,8779.37,0,Spring,1
SKU012,2024-03-25,231,2028034.47,8779.37,2,93,39,5,11,29,Home Decor,Table,1256.89,8779.37,0,Spring,1
SKU012,2024-04-01,223,1957799.51,8779.37,0,22,32,4,21,38,Home Decor,Table,1256.89,8779.37,0,Spring,0
SKU012,2024-04-08,211,1852447.0699999998,8779.37,0,22,32,4,21,38,Home Decor,Table,1256.89,8779.37,0,Spring,0
SKU012,2024-04-15,216,1896343.92,8779.37,0,22,32,4,21,38,Home Decor,Table,1256.89,8779.37,0,Spring,0
SKU012,2024-04-22,217,1905123.29,8779.37,0,22,32,4,21,38,Home Decor,Table,1256.89,8779.37,0,Spring,0
SKU012,2024-04-29,209,1834888.3299999998,8779.37,0,100,14,12,18,67,Home Decor,Table,1256.89,8779.37,0,Spring,0
SKU012,2024-05-06,210,1843667.7,8779.37,0,100,14,12,18,67,Home Decor,Table,1256.89,8779.37,0,Summer,0
SKU012,2024-05-13,188,1650521.56,8779.37,0,100,14,12,18,67,Home Decor,Table,1256.89,8779.37,0,Summer,0
SKU012,2024-05-20,183,1606624.71,8779.37,0,100,14,12,18,67,Home Decor,Table,1256.89,8779.37,0,Summer,0
SKU012,2024-05-27,204,1790991.48,8779.37,2,36,50,13,25,69,Home Decor,Table,1256.89,8779.37,0,Summer,1
SKU012,2024-06-03,205,1799770.85,8779.37,2,36,50,13,25,69,Home Decor,Table,1256.89,8779.37,0,Summer,1
SKU012,2024-06-10,230,2019255.1,8779.37,2,36,50,13,25,69,Home Decor,Table,1256.89,8779.37,0,Summer,1
SKU012,2024-06-17,213,1870005.81,8779.37,2,36,50,13,25,69,Home Decor,Table,1256.89,8779.37,0,Summer,1
SKU012,2024-06-24,202,1773432.74,8779.37,2,36,50,13,25,69,Home Decor,Table,1256.89,8779.37,0,Summer,1
SKU012,2024-07-01,173,1518831.01,8779.37,0,151,18,6,23,49,Home Decor,Table,1256.89,8779.37,0,Monsoon,0
SKU012,2024-07-08,174,1527610.38,8779.37,0,151,18,6,23,49,Home Decor,Table,1256.89,8779.37,0,Monsoon,0
SKU012,2024-07-15,190,1668080.3,8779.37,0,151,18,6,23,49,Home Decor,Table,1256.89,8779.37,0,Monsoon,0
SKU012,2024-07-22,198,1738315.26,8779.37,0,151,18,6,23,49,Home Decor,Table,1256.89,8779.37,0,Monsoon,0
SKU012,2024-07-29,163,1431037.31,8779.37,0,30,43,13,21,61,Home Decor,Table,1256.89,8779.37,0,Monsoon,0
SKU012,2024-08-05,163,1431037.31,8779.37,0,30,43,13,21,61,Home Decor,Table,1256.89,8779.37,0,Monsoon,0
SKU012,2024-08-12,154,1352022.98,8779.37,0,30,43,13,21,61,Home Decor,Table,1256.89,8779.37,1,Monsoon,0
SKU012,2024-08-19,169,1483713.53,8779.37,0,30,43,13,21,61,Home Decor,Table,1256.89,8779.37,0,Monsoon,0
SKU012,2024-08-26,176,1545169.12,8779.37,1,51,28,3,15,25,Home Decor,Table,1256.89,8779.37,0,Monsoon,1
SKU012,2024-09-02,151,1325684.87,8779.37,2,51,28,3,15,25,Home Decor,Table,1256.89,8779.37,0,Monsoon,1
SKU012,2024-09-09,167,1466154.79,8779.37,2,51,28,3,15,25,Home Decor,Table,1256.89,8779.37,0,Monsoon,1
SKU012,2024-09-16,163,1431037.31,8779.37,2,51,28,3,15,25,Home Decor,Table,1256.89,8779.37,0,Monsoon,1
SKU012,2024-09-23,174,1527610.38,8779.37,2,51,28,3,15,25,Home Decor,Table,1256.89,8779.37,0,Monsoon,1
SKU012,2024-09-30,144,1264229.28,8779.37,0,99,73,12,14,48,Home Decor,Table,1256.89,8779.37,0,Monsoon,0
SKU012,2024-10-07,144,1264229.28,8779.37,0,99,73,12,14,48,Home Decor,Table,1256.89,8779.37,0,Autumn,0
SKU012,2024-10-14,144,1264229.28,8779.37,0,99,73,12,14,48,Home Decor,Table,1256.89,8779.37,0,Autumn,0
SKU012,2024-10-21,140,1229111.8,8779.37,0,99,73,12,14,48,Home Decor,Table,1256.89,8779.37,0,Autumn,0
SKU012,2024-10-28,183,1606624.71,8779.37,2,99,94,11,22,53,Home Decor,Table,1256.89,8779.37,1,Autumn,1
SKU012,2024-11-04,156,1369581.72,8779.37,2,99,94,11,22,53,Home Decor,Table,1256.89,8779.37,0,Autumn,1
SKU012,2024-11-11,179,1571507.23,8779.37,2,99,94,11,22,53,Home Decor,Table,1256.89,8779.37,0,Autumn,1
SKU012,2024-11-18,177,1553948.49,8779.37,2,99,94,11,22,53,Home Decor,Table,1256.89,8779.37,0,Autumn,1
SKU012,2024-11-25,170,1492492.9,8779.37,1,70,1,13,24,63,Home Decor,Table,1256.89,8779.37,0,Autumn,1
SKU012,2024-12-02,147,1290567.39,8779.37,0,70,1,13,24,63,Home Decor,Table,1256.89,8779.37,0,Winter,0
SKU012,2024-12-09,184,1615404.08,8779.37,0,70,1,13,24,63,Home Decor,Table,1256.89,8779.37,0,Winter,0
SKU012,2024-12-16,161,1413478.57,8779.37,0,70,1,13,24,63,Home Decor,Table,1256.89,8779.37,0,Winter,0
SKU012,2024-12-23,161,1413478.57,8779.37,0,70,1,13,24,63,Home Decor,Table,1256.89,8779.37,1,Winter,0
SKU012,2024-12-30,161,1413478.57,8779.37,0,60,18,4,15,27,Home Decor,Table,1256.89,8779.37,0,Winter,0
SKU012,2025-01-06,180,1580286.5999999999,8779.37,0,60,18,4,15,27,Home Decor,Table,1256.89,8779.37,0,Winter,0
SKU012,2025-01-13,194,1703197.78,8779.37,0,60,18,4,15,27,Home Decor,Table,1256.89,8779.37,0,Winter,0
SKU012,2025-01-20,191,1676859.67,8779.37,0,60,18,4,15,27,Home Decor,Table,1256.89,8779.37,1,Winter,0
SKU012,2025-01-27,172,1510051.6400000001,8779.37,0,76,12,3,11,20,Home Decor,Table,1256.89,8779.37,0,Winter,0
SKU012,2025-02-03,195,1711977.15,8779.37,0,76,12,3,11,20,Home Decor,Table,1256.89,8779.37,0,Winter,0
SKU012,2025-02-10,203,1782212.1099999999,8779.37,0,76,12,3,11,20,Home Decor,Table,1256.89,8779.37,0,Winter,0
SKU012,2025-02-17,214,1878785.18,8779.37,0,76,12,3,11,20,Home Decor,Table,1256.89,8779.37,0,Winter,0
SKU012,2025-02-24,208,1826108.96,8779.37,2,59,57,13,25,77,Home Decor,Table,1256.89,8779.37,0,Winter,1
SKU012,2025-03-03,224,1966578.88,8779.37,2,59,57,13,25,77,Home Decor,Table,1256.89,8779.37,0,Spring,1
SKU012,2025-03-10,217,1905123.29,8779.37,2,59,57,13,25,77,Home Decor,Table,1256.89,8779.37,0,Spring,1
SKU012,2025-03-17,217,1905123.29,8779.37,2,59,57,13,25,77,Home Decor,Table,1256.89,8779.37,0,Spring,1
SKU012,2025-03-24,253,2221180.61,8779.37,2,59,57,13,25,77,Home Decor,Table,1256.89,8779.37,0,Spring,1
SKU012,2025-03-31,218,1913902.66,8779.37,0,103,60,6,22,46,Home Decor,Table,1256.89,8779.37,0,Spring,0
SKU012,2025-04-07,195,1711977.15,8779.37,0,103,60,6,22,46,Home Decor,Table,1256.89,8779.37,0,Spring,0
SKU012,2025-04-14,198,1738315.26,8779.37,0,103,60,6,22,46,Home Decor,Table,1256.89,8779.37,0,Spring,0
SKU012,2025-04-21,210,1843667.7,8779.37,0,103,60,6,22,46,Home Decor,Table,1256.89,8779.37,0,Spring,0
SKU012,2025-04-28,202,1773432.74,8779.37,0,61,61,3,24,35,Home Decor,Table,1256.89,8779.37,0,Spring,0
SKU012,2025-05-05,196,1720756.52,8779.37,0,61,61,3,24,35,Home Decor,Table,1256.89,8779.37,0,Summer,0
SKU012,2025-05-12,206,1808550.22,8779.37,0,61,61,3,24,35,Home Decor,Table,1256.89,8779.37,0,Summer,0
SKU012,2025-05-19,202,1773432.74,8779.37,0,61,61,3,24,35,Home Decor,Table,1256.89,8779.37,0,Summer,0
SKU012,2025-05-26,200,1755874.0,8779.37,1,62,73,3,24,37,Home Decor,Table,1256.89,8779.37,0,Summer,1
SKU012,2025-06-02,205,1799770.8499999999,8779.37,2,62,73,3,24,37,Home Decor,Table,1256.89,8779.37,0,Summer,1
SKU012,2025-06-09,204,1790991.48,8779.37,2,62,73,3,24,37,Home Decor,Table,1256.89,8779.37,0,Summer,1
SKU012,2025-06-16,190,1668080.3,8779.37,2,62,73,3,24,37,Home Decor,Table,1256.89,8779.37,0,Summer,1
SKU012,2025-06-23,173,1518831.01,8779.37,2,62,73,3,24,37,Home Decor,Table,1256.89,8779.37,0,Summer,1
SKU012,2025-06-30,171,1501272.27,8779.37,0,128,164,14,27,84,Home Decor,Table,1256.89,8779.37,0,Summer,0
SKU012,2025-07-07,189,1659300.93,8779.37,0,128,164,14,27,84,Home Decor,Table,1256.89,8779.37,0,Monsoon,0
SKU012,2025-07-14,179,1571507.23,8779.37,0,128,164,14,27,84,Home Decor,Table,1256.89,8779.37,0,Monsoon,0
SKU012,2025-07-21,155,1360802.35,8779.37,0,128,164,14,27,84,Home Decor,Table,1256.89,8779.37,0,Monsoon,0
SKU012,2025-07-28,160,1404699.2,8779.37,0,55,112,13,27,82,Home Decor,Table,1256.89,8779.37,0,Monsoon,0
SKU012,2025-08-04,163,1431037.31,8779.37,0,55,112,13,27,82,Home Decor,Table,1256.89,8779.37,0,Monsoon,0
SKU012,2025-08-11,177,1553948.49,8779.37,0,55,112,13,27,82,Home Decor,Table,1256.89,8779.37,1,Monsoon,0
SKU012,2025-08-18,178,1562727.8599999999,8779.37,0,55,112,13,27,82,Home Decor,Table,1256.89,8779.37,0,Monsoon,0
SKU012,2025-08-25,171,1501272.27,8779.37,0,55,112,13,27,82,Home Decor,Table,1256.89,8779.37,0,Monsoon,0
SKU012,2025-09-01,180,1580286.6,8779.37,2,43,17,12,21,57,Home Decor,Table,1256.89,8779.37,0,Monsoon,1
SKU012,2025-09-08,160,1404699.2000000002,8779.37,2,43,17,12,21,57,Home Decor,Table,1256.89,8779.37,0,Monsoon,1
SKU012,2025-09-15,171,1501272.27,8779.37,2,43,17,12,21,57,Home Decor,Table,1256.89,8779.37,0,Monsoon,1
SKU012,2025-09-22,150,1316905.5,8779.37,2,43,17,12,21,57,Home Decor,Table,1256.89,8779.37,0,Monsoon,1
SKU012,2025-09-29,136,1193994.32,8779.37,0,42,13,3,12,20,Home Decor,Table,1256.89,8779.37,0,Monsoon,0
SKU012,2025-10-06,140,1229111.8,8779.37,0,42,13,3,12,20,Home Decor,Table,1256.89,8779.37,0,Autumn,0
SKU012,2025-10-13,128,1123759.36,8779.37,0,42,13,3,12,20,Home Decor,Table,1256.89,8779.37,0,Autumn,0
SKU012,2025-10-20,141,1237891.17,8779.37,0,42,13,3,12,20,Home Decor,Table,1256.89,8779.37,1,Autumn,0
SKU012,2025-10-27,151,1325684.87,8779.37,2,36,46,7,15,35,Home Decor,Table,1256.89,8779.37,0,Autumn,1
SKU012,2025-11-03,155,1360802.35,8779.37,2,36,46,7,15,35,Home Decor,Table,1256.89,8779.37,0,Autumn,1
SKU012,2025-11-10,163,1431037.31,8779.37,2,36,46,7,15,35,Home Decor,Table,1256.89,8779.37,0,Autumn,1
SKU012,2025-11-17,155,1360802.35,8779.37,2,36,46,7,15,35,Home Decor,Table,1256.89,8779.37,0,Autumn,1
SKU012,2025-11-24,161,1413478.5699999998,8779.37,2,36,46,7,15,35,Home Decor,Table,1256.89,8779.37,0,Autumn,1
SKU012,2025-12-01,167,1466154.79,8779.37,0,47,60,12,16,58,Home Decor,Table,1256.89,8779.37,0,Winter,0
SKU012,2025-12-08,155,1360802.35,8779.37,0,47,60,12,16,58,Home Decor,Table,1256.89,8779.37,0,Winter,0
SKU012,2025-12-15,171,1501272.27,8779.37,0,47,60,12,16,58,Home Decor,Table,1256.89,8779.37,0,Winter,0
SKU012,2025-12-22,150,1316905.5,8779.37,0,47,60,12,16,58,Home Decor,Table,1256.89,8779.37,1,Winter,0
SKU013,2024-01-01,101,581535.78,5757.78,0,5,19,4,6,10,Kitchen,Cushion,3936.71,5757.78,0,Winter,0
SKU013,2024-01-08,99,570020.22,5757.78,0,5,19,4,6,10,Kitchen,Cushion,3936.71,5757.78,0,Winter,0
SKU013,2024-01-15,105,604566.9,5757.78,0,5,19,4,6,10,Kitchen,Cushion,3936.71,5757.78,0,Winter,0
SKU013,2024-01-22,97,558504.66,5757.78,0,5,19,4,6,10,Kitchen,Cushion,3936.71,5757.78,1,Winter,0
SKU013,2024-01-29,98,564262.44,5757.78,0,269,157,10,25,104,Kitchen,Cushion,3936.71,5757.78,0,Winter,0
SKU013,2024-02-05,117,673660.26,5757.78,0,269,157,10,25,104,Kitchen,Cushion,3936.71,5757.78,0,Winter,0
SKU013,2024-02-12,111,639113.58,5757.78,0,269,157,10,25,104,Kitchen,Cushion,3936.71,5757.78,0,Winter,0
SKU013,2024-02-19,94,541231.32,5757.78,0,269,157,10,25,104,Kitchen,Cushion,3936.71,5757.78,0,Winter,0
SKU013,2024-02-26,130,748511.4,5757.78,2,344,197,4,64,105,Kitchen,Cushion,3936.71,5757.78,0,Winter,1
SKU013,2024-03-04,120,690933.6,5757.78,2,344,197,4,64,105,Kitchen,Cushion,3936.71,5757.78,0,Spring,1
SKU013,2024-03-11,137,788815.86,5757.78,2,344,197,4,64,105,Kitchen,Cushion,3936.71,5757.78,0,Spring,1
SKU013,2024-03-18,138,794573.64,5757.78,2,344,197,4,64,105,Kitchen,Cushion,3936.71,5757.78,0,Spring,1
SKU013,2024-03-25,108,621840.24,5757.78,2,344,197,4,64,105,Kitchen,Cushion,3936.71,5757.78,0,Spring,1
SKU013,2024-04-01,114,656386.92,5757.78,0,229,253,11,33,151,Kitchen,Cushion,3936.71,5757.78,0,Spring,0
SKU013,2024-04-08,110,633355.8,5757.78,0,229,253,11,33,151,Kitchen,Cushion,3936.71,5757.78,0,Spring,0
SKU013,2024-04-15,128,736995.84,5757.78,0,229,253,11,33,151,Kitchen,Cushion,3936.71,5757.78,0,Spring,0
SKU013,2024-04-22,102,587293.56,5757.78,0,229,253,11,33,151,Kitchen,Cushion,3936.71,5757.78,0,Spring,0
SKU013,2024-04-29,108,621840.24,5757.78,0,166,0,6,41,104,Kitchen,Cushion,3936.71,5757.78,0,Spring,0
SKU013,2024-05-06,120,690933.6,5757.78,0,166,0,6,41,104,Kitchen,Cushion,3936.71,5757.78,0,Summer,0
SKU013,2024-05-13,103,593051.3400000001,5757.78,0,166,0,6,41,104,Kitchen,Cushion,3936.71,5757.78,0,Summer,0
SKU013,2024-05-20,113,650629.14,5757.78,0,166,0,6,41,104,Kitchen,Cushion,3936.71,5757.78,0,Summer,0
SKU013,2024-05-27,134,771542.52,5757.78,2,186,14,3,32,61,Kitchen,Cushion,3936.71,5757.78,0,Summer,1
SKU013,2024-06-03,112,644871.36,5757.78,2,186,14,3,32,61,Kitchen,Cushion,3936.71,5757.78,0,Summer,1
SKU013,2024-06-10,92,529715.76,5757.78,2,186,14,3,32,61,Kitchen,Cushion,3936.71,5757.78,0,Summer,1
SKU013,2024-06-17,107,616082.46,5757.78,2,186,14,3,32,61,Kitchen,Cushion,3936.71,5757.78,0,Summer,1
SKU013,2024-06-24,107,616082.46,5757.78,2,186,14,3,32,61,Kitchen,Cushion,3936.71,5757.78,0,Summer,1
SKU013,2024-07-01,94,541231.32,5757.78,0,141,117,13,54,186,Kitchen,Cushion,3936.71,5757.78,0,Monsoon,0
SKU013,2024-07-08,95,546989.1,5757.78,0,141,117,13,54,186,Kitchen,Cushion,3936.71,5757.78,0,Monsoon,0
SKU013,2024-07-15,86,495169.07999999996,5757.78,0,141,117,13,54,186,Kitchen,Cushion,3936.71,5757.78,0,Monsoon,0
SKU013,2024-07-22,107,616082.46,5757.78,0,141,117,13,54,186,Kitchen,Cushion,3936.71,5757.78,0,Monsoon,0
SKU013,2024-07-29,104,598809.12,5757.78,0,281,305,14,65,193,Kitchen,Cushion,3936.71,5757.78,0,Monsoon,0
SKU013,2024-08-05,85,489411.3,5757.78,0,281,305,14,65,193,Kitchen,Cushion,3936.71,5757.78,0,Monsoon,0
SKU013,2024-08-12,71,408802.38,5757.78,0,281,305,14,65,193,Kitchen,Cushion,3936.71,5757.78,1,Monsoon,0
SKU013,2024-08-19,91,523957.98,5757.78,0,281,305,14,65,193,Kitchen,Cushion,3936.71,5757.78,0,Monsoon,0
SKU013,2024-08-26,86,495169.07999999996,5757.78,1,138,299,14,56,164,Kitchen,Cushion,3936.71,5757.78,0,Monsoon,1
SKU013,2024-09-02,98,564262.44,5757.78,2,138,299,14,56,164,Kitchen,Cushion,3936.71,5757.78,0,Monsoon,1
SKU013,2024-09-09,101,581535.78,5757.78,2,138,299,14,56,164,Kitchen,Cushion,3936.71,5757.78,0,Monsoon,1
SKU013,2024-09-16,84,483653.52,5757.78,2,138,299,14,56,164,Kitchen,Cushion,3936.71,5757.78,0,Monsoon,1
SKU013,2024-09-23,99,570020.22,5757.78,2,138,299,14,56,164,Kitchen,Cushion,3936.71,5757.78,0,Monsoon,1
SKU013,2024-09-30,68,391529.04,5757.78,0,273,65,3,29,52,Kitchen,Cushion,3936.71,5757.78,0,Monsoon,0
SKU013,2024-10-07,75,431833.5,5757.78,0,273,65,3,29,52,Kitchen,Cushion,3936.71,5757.78,0,Autumn,0
SKU013,2024-10-14,80,460622.4,5757.78,0,273,65,3,29,52,Kitchen,Cushion,3936.71,5757.78,0,Autumn,0
SKU013,2024-10-21,64,368497.92,5757.78,0,273,65,3,29,52,Kitchen,Cushion,3936.71,5757.78,0,Autumn,0
SKU013,2024-10-28,93,535473.54,5757.78,2,249,102,5,41,81,Kitchen,Cushion,3936.71,5757.78,1,Autumn,1
SKU013,2024-11-04,72,414560.16000000003,5757.78,2,249,102,5,41,81,Kitchen,Cushion,3936.71,5757.78,0,Autumn,1
SKU013,2024-11-11,96,552746.88,5757.78,2,249,102,5,41,81,Kitchen,Cushion,3936.71,5757.78,0,Autumn,1
SKU013,2024-11-18,101,581535.78,5757.78,2,249,102,5,41,81,Kitchen,Cushion,3936.71,5757.78,0,Autumn,1
SKU013,2024-11-25,81,466380.18,5757.78,1,249,200,5,68,112,Kitchen,Cushion,3936.71,5757.78,0,Autumn,1
SKU013,2024-12-02,95,546989.1,5757.78,0,249,200,5,68,112,Kitchen,Cushion,3936.71,5757.78,0,Winter,0
SKU013,2024-12-09,94,541231.32,5757.78,0,249,200,5,68,112,Kitchen,Cushion,3936.71,5757.78,0,Winter,0
SKU013,2024-12-16,84,483653.52,5757.78,0,249,200,5,68,112,Kitchen,Cushion,3936.71,5757.78,0,Winter,0
SKU013,2024-12-23,83,477895.74,5757.78,0,249,200,5,68,112,Kitchen,Cushion,3936.71,5757.78,1,Winter,0
SKU013,2024-12-30,82,472137.96,5757.78,0,50,224,12,48,150,Kitchen,Cushion,3936.71,5757.78,0,Winter,0
SKU013,2025-01-06,93,535473.54,5757.78,0,50,224,12,48,150,Kitchen,Cushion,3936.71,5757.78,0,Winter,0
SKU013,2025-01-13,98,564262.44,5757.78,0,50,224,12,48,150,Kitchen,Cushion,3936.71,5757.78,0,Winter,0
SKU013,2025-01-20,87,500926.86,5757.78,0,50,224,12,48,150,Kitchen,Cushion,3936.71,5757.78,1,Winter,0
SKU013,2025-01-27,91,523957.98,5757.78,0,115,167,9,43,123,Kitchen,Cushion,3936.71,5757.78,0,Winter,0
SKU013,2025-02-03,97,558504.66,5757.78,0,115,167,9,43,123,Kitchen,Cushion,3936.71,5757.78,0,Winter,0
SKU013,2025-02-10,97,558504.66,5757.78,0,115,167,9,43,123,Kitchen,Cushion,3936.71,5757.78,0,Winter,0
SKU013,2025-02-17,100,575778.0,5757.78,0,115,167,9,43,123,Kitchen,Cushion,3936.71,5757.78,0,Winter,0
SKU013,2025-02-24,105,604566.9,5757.78,2,83,75,8,41,128,Kitchen,Cushion,3936.71,5757.78,0,Winter,1
SKU013,2025-03-03,110,633355.8,5757.78,2,83,75,8,41,128,Kitchen,Cushion,3936.71,5757.78,0,Spring,1
SKU013,2025-03-10,110,633355.8,5757.78,2,83,75,8,41,128,Kitchen,Cushion,3936.71,5757.78,0,Spring,1
SKU013,2025-03-17,115,662144.7,5757.78,2,83,75,8,41,128,Kitchen,Cushion,3936.71,5757.78,0,Spring,1
SKU013,2025-03-24,127,731238.06,5757.78,2,83,75,8,41,128,Kitchen,Cushion,3936.71,5757.78,0,Spring,1
SKU013,2025-03-31,111,639113.58,5757.78,0,165,89,14,65,214,Kitchen,Cushion,3936.71,5757.78,0,Spring,0
SKU013,2025-04-07,105,604566.9,5757.78,0,165,89,14,65,214,Kitchen,Cushion,3936.71,5757.78,0,Spring,0
SKU013,2025-04-14,114,656386.9199999999,5757.78,0,165,89,14,65,214,Kitchen,Cushion,3936.71,5757.78,0,Spring,0
SKU013,2025-04-21,110,633355.8,5757.78,0,165,89,14,65,214,Kitchen,Cushion,3936.71,5757.78,0,Spring,0
SKU013,2025-04-28,109,627598.02,5757.78,0,158,61,8,43,125,Kitchen,Cushion,3936.71,5757.78,0,Spring,0
SKU013,2025-05-05,139,800331.42,5757.78,0,158,61,8,43,125,Kitchen,Cushion,3936.71,5757.78,0,Summer,0
SKU013,2025-05-12,106,610324.68,5757.78,0,158,61,8,43,125,Kitchen,Cushion,3936.71,5757.78,0,Summer,0
SKU013,2025-05-19,90,518200.2,5757.78,0,158,61,8,43,125,Kitchen,Cushion,3936.71,5757.78,0,Summer,0
SKU013,2025-05-26,117,673660.26,5757.78,1,177,207,7,44,121,Kitchen,Cushion,3936.71,5757.78,0,Summer,1
SKU013,2025-06-02,99,570020.22,5757.78,2,177,207,7,44,121,Kitchen,Cushion,3936.71,5757.78,0,Summer,1
SKU013,2025-06-09,115,662144.7,5757.78,2,177,207,7,44,121,Kitchen,Cushion,3936.71,5757.78,0,Summer,1
SKU013,2025-06-16,118,679418.04,5757.78,2,177,207,7,44,121,Kitchen,Cushion,3936.71,5757.78,0,Summer,1
SKU013,2025-06-23,128,736995.84,5757.78,2,177,207,7,44,121,Kitchen,Cushion,3936.71,5757.78,0,Summer,1
SKU013,2025-06-30,101,581535.78,5757.78,0,332,189,6,35,97,Kitchen,Cushion,3936.71,5757.78,0,Summer,0
SKU013,2025-07-07,109,627598.02,5757.78,0,332,189,6,35,97,Kitchen,Cushion,3936.71,5757.78,0,Monsoon,0
SKU013,2025-07-14,87,500926.86,5757.78,0,332,189,6,35,97,Kitchen,Cushion,3936.71,5757.78,0,Monsoon,0
SKU013,2025-07-21,87,500926.86,5757.78,0,332,189,6,35,97,Kitchen,Cushion,3936.71,5757.78,0,Monsoon,0
SKU013,2025-07-28,85,489411.3,5757.78,0,272,91,7,36,95,Kitchen,Cushion,3936.71,5757.78,0,Monsoon,0
SKU013,2025-08-04,82,472137.95999999996,5757.78,0,272,91,7,36,95,Kitchen,Cushion,3936.71,5757.78,0,Monsoon,0
SKU013,2025-08-11,106,610324.6799999999,5757.78,0,272,91,7,36,95,Kitchen,Cushion,3936.71,5757.78,1,Monsoon,0
SKU013,2025-08-18,96,552746.88,5757.78,0,272,91,7,36,95,Kitchen,Cushion,3936.71,5757.78,0,Monsoon,0
SKU013,2025-08-25,84,483653.52,5757.78,0,272,91,7,36,95,Kitchen,Cushion,3936.71,5757.78,0,Monsoon,0
SKU013,2025-09-01,99,570020.22,5757.78,2,202,226,7,69,133,Kitchen,Cushion,3936.71,5757.78,0,Monsoon,1
SKU013,2025-09-08,105,604566.9,5757.78,2,202,226,7,69,133,Kitchen,Cushion,3936.71,5757.78,0,Monsoon,1
SKU013,2025-09-15,82,472137.96,5757.78,2,202,226,7,69,133,Kitchen,Cushion,3936.71,5757.78,0,Monsoon,1
SKU013,2025-09-22,82,472137.95999999996,5757.78,2,202,226,7,69,133,Kitchen,Cushion,3936.71,5757.78,0,Monsoon,1
SKU013,2025-09-29,96,552746.88,5757.78,0,110,218,11,43,123,Kitchen,Cushion,3936.71,5757.78,0,Monsoon,0
SKU013,2025-10-06,87,500926.86,5757.78,0,110,218,11,43,123,Kitchen,Cushion,3936.71,5757.78,0,Autumn,0
SKU013,2025-10-13,61,351224.57999999996,5757.78,0,110,218,11,43,123,Kitchen,Cushion,3936.71,5757.78,0,Autumn,0
SKU013,2025-10-20,69,397286.82,5757.78,0,110,218,11,43,123,Kitchen,Cushion,3936.71,5757.78,1,Autumn,0
SKU013,2025-10-27,79,454864.62,5757.78,2,54,126,9,25,86,Kitchen,Cushion,3936.71,5757.78,0,Autumn,1
SKU013,2025-11-03,84,483653.52,5757.78,2,54,126,9,25,86,Kitchen,Cushion,3936.71,5757.78,0,Autumn,1
SKU013,2025-11-10,89,512442.42,5757.78,2,54,126,9,25,86,Kitchen,Cushion,3936.71,5757.78,0,Autumn,1
SKU013,2025-11-17,80,460622.4,5757.78,2,54,126,9,25,86,Kitchen,Cushion,3936.71,5757.78,0,Autumn,1
SKU013,2025-11-24,95,546989.1,5757.78,2,54,126,9,25,86,Kitchen,Cushion,3936.71,5757.78,0,Autumn,1
SKU013,2025-12-01,78,449106.83999999997,5757.78,0,151,95,4,32,61,Kitchen,Cushion,3936.71,5757.78,0,Winter,0
SKU013,2025-12-08,107,616082.46,5757.78,0,151,95,4,32,61,Kitchen,Cushion,3936.71,5757.78,0,Winter,0
SKU013,2025-12-15,96,552746.88,5757.78,0,151,95,4,32,61,Kitchen,Cushion,3936.71,5757.78,0,Winter,0
SKU013,2025-12-22,71,408802.38,5757.78,0,151,95,4,32,61,Kitchen,Cushion,3936.71,5757.78,1,Winter,0
SKU014,2024-01-01,155,351966.25,2270.75,0,20,12,6,6,12,Lighting,Cookware,2008.55,2270.75,0,Winter,0
SKU014,2024-01-08,152,345154.0,2270.75,0,20,12,6,6,12,Lighting,Cookware,2008.55,2270.75,0,Winter,0
SKU014,2024-01-15,145,329258.75,2270.75,0,20,12,6,6,12,Lighting,Cookware,2008.55,2270.75,0,Winter,0
SKU014,2024-01-22,132,299739.0,2270.75,0,20,12,6,6,12,Lighting,Cookware,2008.55,2270.75,1,Winter,0
SKU014,2024-01-29,138,313363.5,2270.75,0,383,1,8,98,241,Lighting,Cookware,2008.55,2270.75,0,Winter,0
SKU014,2024-02-05,165,374673.75,2270.75,0,383,1,8,98,241,Lighting,Cookware,2008.55,2270.75,0,Winter,0
SKU014,2024-02-12,169,383756.75,2270.75,0,383,1,8,98,241,Lighting,Cookware,2008.55,2270.75,0,Winter,0
SKU014,2024-02-19,147,333800.25,2270.75,0,383,1,8,98,241,Lighting,Cookware,2008.55,2270.75,0,Winter,0
SKU014,2024-02-26,188,426901.0,2270.75,2,336,8,14,133,408,Lighting,Cookware,2008.55,2270.75,0,Winter,1
SKU014,2024-03-04,185,420088.75,2270.75,2,336,8,14,133,408,Lighting,Cookware,2008.55,2270.75,0,Spring,1
SKU014,2024-03-11,194,440525.5,2270.75,2,336,8,14,133,408,Lighting,Cookware,2008.55,2270.75,0,Spring,1
SKU014,2024-03-18,193,438254.75,2270.75,2,336,8,14,133,408,Lighting,Cookware,2008.55,2270.75,0,Spring,1
SKU014,2024-03-25,193,438254.75,2270.75,2,336,8,14,133,408,Lighting,Cookware,2008.55,2270.75,0,Spring,1
SKU014,2024-04-01,174,395110.5,2270.75,0,140,297,5,88,202,Lighting,Cookware,2008.55,2270.75,0,Spring,0
SKU014,2024-04-08,186,422359.5,2270.75,0,140,297,5,88,202,Lighting,Cookware,2008.55,2270.75,0,Spring,0
SKU014,2024-04-15,198,449608.5,2270.75,0,140,297,5,88,202,Lighting,Cookware,2008.55,2270.75,0,Spring,0
SKU014,2024-04-22,151,342883.25,2270.75,0,140,297,5,88,202,Lighting,Cookware,2008.55,2270.75,0,Spring,0
SKU014,2024-04-29,170,386027.5,2270.75,0,182,396,13,91,370,Lighting,Cookware,2008.55,2270.75,0,Spring,0
SKU014,2024-05-06,163,370132.25,2270.75,0,182,396,13,91,370,Lighting,Cookware,2008.55,2270.75,0,Summer,0
SKU014,2024-05-13,146,331529.5,2270.75,0,182,396,13,91,370,Lighting,Cookware,2008.55,2270.75,0,Summer,0
SKU014,2024-05-20,168,381486.0,2270.75,0,182,396,13,91,370,Lighting,Cookware,2008.55,2270.75,0,Summer,0
SKU014,2024-05-27,199,451879.25,2270.75,2,274,27,7,63,210,Lighting,Cookware,2008.55,2270.75,0,Summer,1
SKU014,2024-06-03,174,395110.5,2270.75,2,274,27,7,63,210,Lighting,Cookware,2008.55,2270.75,0,Summer,1
SKU014,2024-06-10,175,397381.25,2270.75,2,274,27,7,63,210,Lighting,Cookware,2008.55,2270.75,0,Summer,1
SKU014,2024-06-17,176,399652.0,2270.75,2,274,27,7,63,210,Lighting,Cookware,2008.55,2270.75,0,Summer,1
SKU014,2024-06-24,184,417818.0,2270.75,2,274,27,7,63,210,Lighting,Cookware,2008.55,2270.75,0,Summer,1
SKU014,2024-07-01,137,311092.75,2270.75,0,636,321,7,160,307,Lighting,Cookware,2008.55,2270.75,0,Monsoon,0
SKU014,2024-07-08,158,358778.5,2270.75,0,636,321,7,160,307,Lighting,Cookware,2008.55,2270.75,0,Monsoon,0
SKU014,2024-07-15,151,342883.25,2270.75,0,636,321,7,160,307,Lighting,Cookware,2008.55,2270.75,0,Monsoon,0
SKU014,2024-07-22,154,349695.5,2270.75,0,636,321,7,160,307,Lighting,Cookware,2008.55,2270.75,0,Monsoon,0
SKU014,2024-07-29,132,299739.0,2270.75,0,435,351,8,101,245,Lighting,Cookware,2008.55,2270.75,0,Monsoon,0
SKU014,2024-08-05,144,326988.0,2270.75,0,435,351,8,101,245,Lighting,Cookware,2008.55,2270.75,0,Monsoon,0
SKU014,2024-08-12,123,279302.25,2270.75,0,435,351,8,101,245,Lighting,Cookware,2008.55,2270.75,1,Monsoon,0
SKU014,2024-08-19,129,292926.75,2270.75,0,435,351,8,101,245,Lighting,Cookware,2008.55,2270.75,0,Monsoon,0
SKU014,2024-08-26,135,306551.25,2270.75,1,94,291,13,123,331,Lighting,Cookware,2008.55,2270.75,0,Monsoon,1
SKU014,2024-09-02,146,331529.5,2270.75,2,94,291,13,123,331,Lighting,Cookware,2008.55,2270.75,0,Monsoon,1
SKU014,2024-09-09,145,329258.75,2270.75,2,94,291,13,123,331,Lighting,Cookware,2008.55,2270.75,0,Monsoon,1
SKU014,2024-09-16,137,311092.75,2270.75,2,94,291,13,123,331,Lighting,Cookware,2008.55,2270.75,0,Monsoon,1
SKU014,2024-09-23,151,342883.25,2270.75,2,94,291,13,123,331,Lighting,Cookware,2008.55,2270.75,0,Monsoon,1
SKU014,2024-09-30,97,220262.75,2270.75,0,228,47,14,108,335,Lighting,Cookware,2008.55,2270.75,0,Monsoon,0
SKU014,2024-10-07,126,286114.5,2270.75,0,228,47,14,108,335,Lighting,Cookware,2008.55,2270.75,0,Autumn,0
SKU014,2024-10-14,123,279302.25,2270.75,0,228,47,14,108,335,Lighting,Cookware,2008.55,2270.75,0,Autumn,0
SKU014,2024-10-21,128,290656.0,2270.75,0,228,47,14,108,335,Lighting,Cookware,2008.55,2270.75,0,Autumn,0
SKU014,2024-10-28,132,299739.0,2270.75,2,139,31,9,67,210,Lighting,Cookware,2008.55,2270.75,1,Autumn,1
SKU014,2024-11-04,130,295197.5,2270.75,2,139,31,9,67,210,Lighting,Cookware,2008.55,2270.75,0,Autumn,1
SKU014,2024-11-11,124,281573.0,2270.75,2,139,31,9,67,210,Lighting,Cookware,2008.55,2270.75,0,Autumn,1
SKU014,2024-11-18,152,345154.0,2270.75,2,139,31,9,67,210,Lighting,Cookware,2008.55,2270.75,0,Autumn,1
SKU014,2024-11-25,142,322446.5,2270.75,1,419,507,13,115,337,Lighting,Cookware,2008.55,2270.75,0,Autumn,1
SKU014,2024-12-02,128,290656.0,2270.75,0,419,507,13,115,337,Lighting,Cookware,2008.55,2270.75,0,Winter,0
SKU014,2024-12-09,135,306551.25,2270.75,0,419,507,13,115,337,Lighting,Cookware,2008.55,2270.75,0,Winter,0
SKU014,2024-12-16,141,320175.75,2270.75,0,419,507,13,115,337,Lighting,Cookware,2008.55,2270.75,0,Winter,0
SKU014,2024-12-23,135,306551.25,2270.75,0,419,507,13,115,337,Lighting,Cookware,2008.55,2270.75,1,Winter,0
SKU014,2024-12-30,131,297468.25,2270.75,0,99,209,3,126,174,Lighting,Cookware,2008.55,2270.75,0,Winter,0
SKU014,2025-01-06,131,297468.25,2270.75,0,99,209,3,126,174,Lighting,Cookware,2008.55,2270.75,0,Winter,0
SKU014,2025-01-13,144,326988.0,2270.75,0,99,209,3,126,174,Lighting,Cookware,2008.55,2270.75,0,Winter,0
SKU014,2025-01-20,181,411005.75,2270.75,0,99,209,3,126,174,Lighting,Cookware,2008.55,2270.75,1,Winter,0
SKU014,2025-01-27,126,286114.5,2270.75,0,183,26,14,94,358,Lighting,Cookware,2008.55,2270.75,0,Winter,0
SKU014,2025-02-03,167,379215.25,2270.75,0,183,26,14,94,358,Lighting,Cookware,2008.55,2270.75,0,Winter,0
SKU014,2025-02-10,188,426901.0,2270.75,0,183,26,14,94,358,Lighting,Cookware,2008.55,2270.75,0,Winter,0
SKU014,2025-02-17,155,351966.25,2270.75,0,183,26,14,94,358,Lighting,Cookware,2008.55,2270.75,0,Winter,0
SKU014,2025-02-24,180,408735.0,2270.75,2,650,677,14,93,371,Lighting,Cookware,2008.55,2270.75,0,Winter,1
SKU014,2025-03-03,182,413276.5,2270.75,2,650,677,14,93,371,Lighting,Cookware,2008.55,2270.75,0,Spring,1
SKU014,2025-03-10,207,470045.25,2270.75,2,650,677,14,93,371,Lighting,Cookware,2008.55,2270.75,0,Spring,1
SKU014,2025-03-17,187,424630.25,2270.75,2,650,677,14,93,371,Lighting,Cookware,2008.55,2270.75,0,Spring,1
SKU014,2025-03-24,173,392839.75,2270.75,2,650,677,14,93,371,Lighting,Cookware,2008.55,2270.75,0,Spring,1
SKU014,2025-03-31,163,370132.25,2270.75,0,375,298,8,101,294,Lighting,Cookware,2008.55,2270.75,0,Spring,0
SKU014,2025-04-07,182,413276.5,2270.75,0,375,298,8,101,294,Lighting,Cookware,2008.55,2270.75,0,Spring,0
SKU014,2025-04-14,176,399652.0,2270.75,0,375,298,8,101,294,Lighting,Cookware,2008.55,2270.75,0,Spring,0
SKU014,2025-04-21,177,401922.75,2270.75,0,375,298,8,101,294,Lighting,Cookware,2008.55,2270.75,0,Spring,0
SKU014,2025-04-28,156,354237.0,2270.75,0,426,304,9,72,264,Lighting,Cookware,2008.55,2270.75,0,Spring,0
SKU014,2025-05-05,156,354237.0,2270.75,0,426,304,9,72,264,Lighting,Cookware,2008.55,2270.75,0,Summer,0
SKU014,2025-05-12,151,342883.25,2270.75,0,426,304,9,72,264,Lighting,Cookware,2008.55,2270.75,0,Summer,0
SKU014,2025-05-19,164,372403.0,2270.75,0,426,304,9,72,264,Lighting,Cookware,2008.55,2270.75,0,Summer,0
SKU014,2025-05-26,164,372403.0,2270.75,1,236,52,10,72,297,Lighting,Cookware,2008.55,2270.75,0,Summer,1
SKU014,2025-06-02,202,458691.5,2270.75,2,236,52,10,72,297,Lighting,Cookware,2008.55,2270.75,0,Summer,1
SKU014,2025-06-09,163,370132.25,2270.75,2,236,52,10,72,297,Lighting,Cookware,2008.55,2270.75,0,Summer,1
SKU014,2025-06-16,159,361049.25,2270.75,2,236,52,10,72,297,Lighting,Cookware,2008.55,2270.75,0,Summer,1
SKU014,2025-06-23,191,433713.25,2270.75,2,236,52,10,72,297,Lighting,Cookware,2008.55,2270.75,0,Summer,1
SKU014,2025-06-30,134,304280.5,2270.75,0,345,450,14,94,395,Lighting,Cookware,2008.55,2270.75,0,Summer,0
SKU014,2025-07-07,126,286114.5,2270.75,0,345,450,14,94,395,Lighting,Cookware,2008.55,2270.75,0,Monsoon,0
SKU014,2025-07-14,139,315634.25,2270.75,0,345,450,14,94,395,Lighting,Cookware,2008.55,2270.75,0,Monsoon,0
SKU014,2025-07-21,148,336071.0,2270.75,0,345,450,14,94,395,Lighting,Cookware,2008.55,2270.75,0,Monsoon,0
SKU014,2025-07-28,141,320175.75,2270.75,0,376,384,8,100,246,Lighting,Cookware,2008.55,2270.75,0,Monsoon,0
SKU014,2025-08-04,121,274760.75,2270.75,0,376,384,8,100,246,Lighting,Cookware,2008.55,2270.75,0,Monsoon,0
SKU014,2025-08-11,123,279302.25,2270.75,0,376,384,8,100,246,Lighting,Cookware,2008.55,2270.75,1,Monsoon,0
SKU014,2025-08-18,131,297468.25,2270.75,0,376,384,8,100,246,Lighting,Cookware,2008.55,2270.75,0,Monsoon,0
SKU014,2025-08-25,157,356507.75,2270.75,0,376,384,8,100,246,Lighting,Cookware,2008.55,2270.75,0,Monsoon,0
SKU014,2025-09-01,127,288385.25,2270.75,2,346,269,7,117,230,Lighting,Cookware,2008.55,2270.75,0,Monsoon,1
SKU014,2025-09-08,151,342883.25,2270.75,2,346,269,7,117,230,Lighting,Cookware,2008.55,2270.75,0,Monsoon,1
SKU014,2025-09-15,140,317905.0,2270.75,2,346,269,7,117,230,Lighting,Cookware,2008.55,2270.75,0,Monsoon,1
SKU014,2025-09-22,132,299739.0,2270.75,2,346,269,7,117,230,Lighting,Cookware,2008.55,2270.75,0,Monsoon,1
SKU014,2025-09-29,123,279302.25,2270.75,0,564,306,7,104,219,Lighting,Cookware,2008.55,2270.75,0,Monsoon,0
SKU014,2025-10-06,122,277031.5,2270.75,0,564,306,7,104,219,Lighting,Cookware,2008.55,2270.75,0,Autumn,0
SKU014,2025-10-13,120,272490.0,2270.75,0,564,306,7,104,219,Lighting,Cookware,2008.55,2270.75,0,Autumn,0
SKU014,2025-10-20,133,302009.75,2270.75,0,564,306,7,104,219,Lighting,Cookware,2008.55,2270.75,1,Autumn,0
SKU014,2025-10-27,127,288385.25,2270.75,2,362,290,8,74,188,Lighting,Cookware,2008.55,2270.75,0,Autumn,1
SKU014,2025-11-03,117,265677.75,2270.75,2,362,290,8,74,188,Lighting,Cookware,2008.55,2270.75,0,Autumn,1
SKU014,2025-11-10,130,295197.5,2270.75,2,362,290,8,74,188,Lighting,Cookware,2008.55,2270.75,0,Autumn,1
SKU014,2025-11-17,130,295197.5,2270.75,2,362,290,8,74,188,Lighting,Cookware,2008.55,2270.75,0,Autumn,1
SKU014,2025-11-24,151,342883.25,2270.75,2,362,290,8,74,188,Lighting,Cookware,2008.55,2270.75,0,Autumn,1
SKU014,2025-12-01,124,281573.0,2270.75,0,309,334,10,130,299,Lighting,Cookware,2008.55,2270.75,0,Winter,0
SKU014,2025-12-08,137,311092.75,2270.75,0,309,334,10,130,299,Lighting,Cookware,2008.55,2270.75,0,Winter,0
SKU014,2025-12-15,116,263407.0,2270.75,0,309,334,10,130,299,Lighting,Cookware,2008.55,2270.75,0,Winter,0
SKU014,2025-12-22,122,277031.5,2270.75,0,309,334,10,130,299,Lighting,Cookware,2008.55,2270.75,1,Winter,0
SKU015,2024-01-01,35,217424.2,6212.12,0,23,20,6,5,11,Storage,Lamp,5441.06,6212.12,0,Winter,0
SKU015,2024-01-08,27,167727.24,6212.12,0,23,20,6,5,11,Storage,Lamp,5441.06,6212.12,0,Winter,0
SKU015,2024-01-15,30,186363.6,6212.12,0,23,20,6,5,11,Storage,Lamp,5441.06,6212.12,0,Winter,0
SKU015,2024-01-22,27,167727.24,6212.12,0,23,20,6,5,11,Storage,Lamp,5441.06,6212.12,1,Winter,0
SKU015,2024-01-29,35,217424.2,6212.12,0,607,325,10,120,297,Storage,Lamp,5441.06,6212.12,0,Winter,0
SKU015,2024-02-05,46,285757.52,6212.12,0,607,325,10,120,297,Storage,Lamp,5441.06,6212.12,0,Winter,0
SKU015,2024-02-12,29,180151.48,6212.12,0,607,325,10,120,297,Storage,Lamp,5441.06,6212.12,0,Winter,0
SKU015,2024-02-19,35,217424.2,6212.12,0,607,325,10,120,297,Storage,Lamp,5441.06,6212.12,0,Winter,0
SKU015,2024-02-26,26,161515.12,6212.12,2,429,85,4,122,198,Storage,Lamp,5441.06,6212.12,0,Winter,1
SKU015,2024-03-04,43,267121.16000000003,6212.12,2,429,85,4,122,198,Storage,Lamp,5441.06,6212.12,0,Spring,1
SKU015,2024-03-11,42,260909.04,6212.12,2,429,85,4,122,198,Storage,Lamp,5441.06,6212.12,0,Spring,1
SKU015,2024-03-18,41,254696.91999999998,6212.12,2,429,85,4,122,198,Storage,Lamp,5441.06,6212.12,0,Spring,1
SKU015,2024-03-25,34,211212.08000000002,6212.12,2,429,85,4,122,198,Storage,Lamp,5441.06,6212.12,0,Spring,1
SKU015,2024-04-01,29,180151.48,6212.12,0,536,125,3,71,141,Storage,Lamp,5441.06,6212.12,0,Spring,0
SKU015,2024-04-08,37,229848.44,6212.12,0,536,125,3,71,141,Storage,Lamp,5441.06,6212.12,0,Spring,0
SKU015,2024-04-15,26,161515.12,6212.12,0,536,125,3,71,141,Storage,Lamp,5441.06,6212.12,0,Spring,0
SKU015,2024-04-22,35,217424.2,6212.12,0,536,125,3,71,141,Storage,Lamp,5441.06,6212.12,0,Spring,0
SKU015,2024-04-29,30,186363.6,6212.12,0,279,387,7,92,234,Storage,Lamp,5441.06,6212.12,0,Spring,0
SKU015,2024-05-06,26,161515.12,6212.12,0,279,387,7,92,234,Storage,Lamp,5441.06,6212.12,0,Summer,0
SKU015,2024-05-13,31,192575.72,6212.12,0,279,387,7,92,234,Storage,Lamp,5441.06,6212.12,0,Summer,0
SKU015,2024-05-20,36,223636.32,6212.12,0,279,387,7,92,234,Storage,Lamp,5441.06,6212.12,0,Summer,0
SKU015,2024-05-27,32,198787.84,6212.12,2,526,626,7,170,327,Storage,Lamp,5441.06,6212.12,0,Summer,1
SKU015,2024-06-03,41,254696.91999999998,6212.12,2,526,626,7,170,327,Storage,Lamp,5441.06,6212.12,0,Summer,1
SKU015,2024-06-10,36,223636.32,6212.12,2,526,626,7,170,327,Storage,Lamp,5441.06,6212.12,0,Summer,1
SKU015,2024-06-17,29,180151.48,6212.12,2,526,626,7,170,327,Storage,Lamp,5441.06,6212.12,0,Summer,1
SKU015,2024-06-24,29,180151.47999999998,6212.12,2,526,626,7,170,327,Storage,Lamp,5441.06,6212.12,0,Summer,1
SKU015,2024-07-01,27,167727.24,6212.12,0,709,2,9,96,313,Storage,Lamp,5441.06,6212.12,0,Monsoon,0
SKU015,2024-07-08,30,186363.59999999998,6212.12,0,709,2,9,96,313,Storage,Lamp,5441.06,6212.12,0,Monsoon,0
SKU015,2024-07-15,31,192575.72,6212.12,0,709,2,9,96,313,Storage,Lamp,5441.06,6212.12,0,Monsoon,0
SKU015,2024-07-22,26,161515.12,6212.12,0,709,2,9,96,313,Storage,Lamp,5441.06,6212.12,0,Monsoon,0
SKU015,2024-07-29,24,149090.88,6212.12,0,322,412,10,82,258,Storage,Lamp,5441.06,6212.12,0,Monsoon,0
SKU015,2024-08-05,22,136666.64,6212.12,0,322,412,10,82,258,Storage,Lamp,5441.06,6212.12,0,Monsoon,0
SKU015,2024-08-12,24,149090.88,6212.12,0,322,412,10,82,258,Storage,Lamp,5441.06,6212.12,1,Monsoon,0
SKU015,2024-08-19,25,155303.0,6212.12,0,322,412,10,82,258,Storage,Lamp,5441.06,6212.12,0,Monsoon,0
SKU015,2024-08-26,28,173939.36,6212.12,1,327,205,4,106,171,Storage,Lamp,5441.06,6212.12,0,Monsoon,1
SKU015,2024-09-02,25,155303.0,6212.12,2,327,205,4,106,171,Storage,Lamp,5441.06,6212.12,0,Monsoon,1
SKU015,2024-09-09,26,161515.12,6212.12,2,327,205,4,106,171,Storage,Lamp,5441.06,6212.12,0,Monsoon,1
SKU015,2024-09-16,21,130454.51999999999,6212.12,2,327,205,4,106,171,Storage,Lamp,5441.06,6212.12,0,Monsoon,1
SKU015,2024-09-23,20,124242.4,6212.12,2,327,205,4,106,171,Storage,Lamp,5441.06,6212.12,0,Monsoon,1
SKU015,2024-09-30,34,211212.08,6212.12,0,509,121,14,128,376,Storage,Lamp,5441.06,6212.12,0,Monsoon,0
SKU015,2024-10-07,29,180151.48,6212.12,0,509,121,14,128,376,Storage,Lamp,5441.06,6212.12,0,Autumn,0
SKU015,2024-10-14,22,136666.64,6212.12,0,509,121,14,128,376,Storage,Lamp,5441.06,6212.12,0,Autumn,0
SKU015,2024-10-21,24,149090.88,6212.12,0,509,121,14,128,376,Storage,Lamp,5441.06,6212.12,0,Autumn,0
SKU015,2024-10-28,25,155303.0,6212.12,2,264,248,9,106,253,Storage,Lamp,5441.06,6212.12,1,Autumn,1
SKU015,2024-11-04,25,155303.0,6212.12,2,264,248,9,106,253,Storage,Lamp,5441.06,6212.12,0,Autumn,1
SKU015,2024-11-11,19,118030.28,6212.12,2,264,248,9,106,253,Storage,Lamp,5441.06,6212.12,0,Autumn,1
SKU015,2024-11-18,34,211212.08000000002,6212.12,2,264,248,9,106,253,Storage,Lamp,5441.06,6212.12,0,Autumn,1
SKU015,2024-11-25,22,136666.64,6212.12,1,587,380,7,121,245,Storage,Lamp,5441.06,6212.12,0,Autumn,1
SKU015,2024-12-02,29,180151.47999999998,6212.12,0,587,380,7,121,245,Storage,Lamp,5441.06,6212.12,0,Winter,0
SKU015,2024-12-09,21,130454.52,6212.12,0,587,380,7,121,245,Storage,Lamp,5441.06,6212.12,0,Winter,0
SKU015,2024-12-16,26,161515.12,6212.12,0,587,380,7,121,245,Storage,Lamp,5441.06,6212.12,0,Winter,0
SKU015,2024-12-23,32,198787.84,6212.12,0,587,380,7,121,245,Storage,Lamp,5441.06,6212.12,1,Winter,0
SKU015,2024-12-30,31,192575.72,6212.12,0,186,92,3,85,135,Storage,Lamp,5441.06,6212.12,0,Winter,0
SKU015,2025-01-06,25,155303.0,6212.12,0,186,92,3,85,135,Storage,Lamp,5441.06,6212.12,0,Winter,0
SKU015,2025-01-13,27,167727.24,6212.12,0,186,92,3,85,135,Storage,Lamp,5441.06,6212.12,0,Winter,0
SKU015,2025-01-20,32,198787.84,6212.12,0,186,92,3,85,135,Storage,Lamp,5441.06,6212.12,1,Winter,0
SKU015,2025-01-27,29,180151.47999999998,6212.12,0,190,638,14,67,339,Storage,Lamp,5441.06,6212.12,0,Winter,0
SKU015,2025-02-03,31,192575.72,6212.12,0,190,638,14,67,339,Storage,Lamp,5441.06,6212.12,0,Winter,0
SKU015,2025-02-10,37,229848.44,6212.12,0,190,638,14,67,339,Storage,Lamp,5441.06,6212.12,0,Winter,0
SKU015,2025-02-17,30,186363.6,6212.12,0,190,638,14,67,339,Storage,Lamp,5441.06,6212.12,0,Winter,0
SKU015,2025-02-24,36,223636.32,6212.12,2,403,396,9,126,298,Storage,Lamp,5441.06,6212.12,0,Winter,1
SKU015,2025-03-03,37,229848.44,6212.12,2,403,396,9,126,298,Storage,Lamp,5441.06,6212.12,0,Spring,1
SKU015,2025-03-10,38,236060.56,6212.12,2,403,396,9,126,298,Storage,Lamp,5441.06,6212.12,0,Spring,1
SKU015,2025-03-17,22,136666.63999999998,6212.12,2,403,396,9,126,298,Storage,Lamp,5441.06,6212.12,0,Spring,1
SKU015,2025-03-24,30,186363.6,6212.12,2,403,396,9,126,298,Storage,Lamp,5441.06,6212.12,0,Spring,1
SKU015,2025-03-31,40,248484.8,6212.12,0,481,195,10,148,385,Storage,Lamp,5441.06,6212.12,0,Spring,0
SKU015,2025-04-07,38,236060.56,6212.12,0,481,195,10,148,385,Storage,Lamp,5441.06,6212.12,0,Spring,0
SKU015,2025-04-14,36,223636.32,6212.12,0,481,195,10,148,385,Storage,Lamp,5441.06,6212.12,0,Spring,0
SKU015,2025-04-21,33,204999.96,6212.12,0,481,195,10,148,385,Storage,Lamp,5441.06,6212.12,0,Spring,0
SKU015,2025-04-28,31,192575.72,6212.12,0,366,160,9,71,270,Storage,Lamp,5441.06,6212.12,0,Spring,0
SKU015,2025-05-05,40,248484.8,6212.12,0,366,160,9,71,270,Storage,Lamp,5441.06,6212.12,0,Summer,0
SKU015,2025-05-12,33,204999.96,6212.12,0,366,160,9,71,270,Storage,Lamp,5441.06,6212.12,0,Summer,0
SKU015,2025-05-19,27,167727.24,6212.12,0,366,160,9,71,270,Storage,Lamp,5441.06,6212.12,0,Summer,0
SKU015,2025-05-26,36,223636.31999999998,6212.12,1,324,115,8,130,299,Storage,Lamp,5441.06,6212.12,0,Summer,1
SKU015,2025-06-02,30,186363.6,6212.12,2,324,115,8,130,299,Storage,Lamp,5441.06,6212.12,0,Summer,1
SKU015,2025-06-09,23,142878.76,6212.12,2,324,115,8,130,299,Storage,Lamp,5441.06,6212.12,0,Summer,1
SKU015,2025-06-16,32,198787.84,6212.12,2,324,115,8,130,299,Storage,Lamp,5441.06,6212.12,0,Summer,1
SKU015,2025-06-23,25,155303.0,6212.12,2,324,115,8,130,299,Storage,Lamp,5441.06,6212.12,0,Summer,1
SKU015,2025-06-30,22,136666.63999999998,6212.12,0,420,423,10,125,343,Storage,Lamp,5441.06,6212.12,0,Summer,0
SKU015,2025-07-07,23,142878.76,6212.12,0,420,423,10,125,343,Storage,Lamp,5441.06,6212.12,0,Monsoon,0
SKU015,2025-07-14,29,180151.48,6212.12,0,420,423,10,125,343,Storage,Lamp,5441.06,6212.12,0,Monsoon,0
SKU015,2025-07-21,27,167727.24,6212.12,0,420,423,10,125,343,Storage,Lamp,5441.06,6212.12,0,Monsoon,0
SKU015,2025-07-28,25,155303.0,6212.12,0,109,481,9,79,241,Storage,Lamp,5441.06,6212.12,0,Monsoon,0
SKU015,2025-08-04,23,142878.76,6212.12,0,109,481,9,79,241,Storage,Lamp,5441.06,6212.12,0,Monsoon,0
SKU015,2025-08-11,27,167727.24,6212.12,0,109,481,9,79,241,Storage,Lamp,5441.06,6212.12,1,Monsoon,0
SKU015,2025-08-18,26,161515.12,6212.12,0,109,481,9,79,241,Storage,Lamp,5441.06,6212.12,0,Monsoon,0
SKU015,2025-08-25,28,173939.36000000002,6212.12,0,109,481,9,79,241,Storage,Lamp,5441.06,6212.12,0,Monsoon,0
SKU015,2025-09-01,28,173939.36000000002,6212.12,2,268,69,6,76,182,Storage,Lamp,5441.06,6212.12,0,Monsoon,1
SKU015,2025-09-08,24,149090.88,6212.12,2,268,69,6,76,182,Storage,Lamp,5441.06,6212.12,0,Monsoon,1
SKU015,2025-09-15,23,142878.76,6212.12,2,268,69,6,76,182,Storage,Lamp,5441.06,6212.12,0,Monsoon,1
SKU015,2025-09-22,28,173939.36,6212.12,2,268,69,6,76,182,Storage,Lamp,5441.06,6212.12,0,Monsoon,1
SKU015,2025-09-29,19,118030.28,6212.12,0,314,386,14,89,334,Storage,Lamp,5441.06,6212.12,0,Monsoon,0
SKU015,2025-10-06,16,99393.92,6212.12,0,314,386,14,89,334,Storage,Lamp,5441.06,6212.12,0,Autumn,0
SKU015,2025-10-13,21,130454.51999999999,6212.12,0,314,386,14,89,334,Storage,Lamp,5441.06,6212.12,0,Autumn,0
SKU015,2025-10-20,21,130454.52,6212.12,0,314,386,14,89,334,Storage,Lamp,5441.06,6212.12,1,Autumn,0
SKU015,2025-10-27,17,105606.04,6212.12,2,399,237,4,58,121,Storage,Lamp,5441.06,6212.12,0,Autumn,1
SKU015,2025-11-03,13,80757.56,6212.12,2,399,237,4,58,121,Storage,Lamp,5441.06,6212.12,0,Autumn,1
SKU015,2025-11-10,24,149090.88,6212.12,2,399,237,4,58,121,Storage,Lamp,5441.06,6212.12,0,Autumn,1
SKU015,2025-11-17,24,149090.88,6212.12,2,399,237,4,58,121,Storage,Lamp,5441.06,6212.12,0,Autumn,1
SKU015,2025-11-24,31,192575.72,6212.12,2,399,237,4,58,121,Storage,Lamp,5441.06,6212.12,0,Autumn,1
SKU015,2025-12-01,22,136666.64,6212.12,0,187,245,9,119,265,Storage,Lamp,5441.06,6212.12,0,Winter,0
SKU015,2025-12-08,31,192575.71999999997,6212.12,0,187,245,9,119,265,Storage,Lamp,5441.06,6212.12,0,Winter,0
SKU015,2025-12-15,21,130454.51999999999,6212.12,0,187,245,9,119,265,Storage,Lamp,5441.06,6212.12,0,Winter,0
SKU015,2025-12-22,27,167727.24,6212.12,0,187,245,9,119,265,Storage,Lamp,5441.06,6212.12,1,Winter,0
SKU016,2024-01-01,81,175512.42,2166.82,0,20,18,3,7,10,Furniture,Shelf,3637.93,2166.82,0,Winter,0
SKU016,2024-01-08,104,225349.28,2166.82,0,20,18,3,7,10,Furniture,Shelf,3637.93,2166.82,0,Winter,0
SKU016,2024-01-15,88,190680.16,2166.82,0,20,18,3,7,10,Furniture,Shelf,3637.93,2166.82,0,Winter,0
SKU016,2024-01-22,103,223182.46,2166.82,0,20,18,3,7,10,Furniture,Shelf,3637.93,2166.82,1,Winter,0
SKU016,2024-01-29,96,208014.72,2166.82,0,299,121,11,66,173,Furniture,Shelf,3637.93,2166.82,0,Winter,0
SKU016,2024-02-05,96,208014.72,2166.82,0,299,121,11,66,173,Furniture,Shelf,3637.93,2166.82,0,Winter,0
SKU016,2024-02-12,101,218848.82,2166.82,0,299,121,11,66,173,Furniture,Shelf,3637.93,2166.82,0,Winter,0
SKU016,2024-02-19,97,210181.54,2166.82,0,299,121,11,66,173,Furniture,Shelf,3637.93,2166.82,0,Winter,0
SKU016,2024-02-26,115,249184.30000000002,2166.82,2,311,97,12,63,217,Furniture,Shelf,3637.93,2166.82,0,Winter,1
SKU016,2024-03-04,110,238350.2,2166.82,2,311,97,12,63,217,Furniture,Shelf,3637.93,2166.82,0,Spring,1
SKU016,2024-03-11,133,288187.06,2166.82,2,311,97,12,63,217,Furniture,Shelf,3637.93,2166.82,0,Spring,1
SKU016,2024-03-18,122,264352.04000000004,2166.82,2,311,97,12,63,217,Furniture,Shelf,3637.93,2166.82,0,Spring,1
SKU016,2024-03-25,98,212348.36,2166.82,2,311,97,12,63,217,Furniture,Shelf,3637.93,2166.82,0,Spring,1
SKU016,2024-04-01,109,236183.38,2166.82,0,188,93,4,44,95,Furniture,Shelf,3637.93,2166.82,0,Spring,0
SKU016,2024-04-08,98,212348.36,2166.82,0,188,93,4,44,95,Furniture,Shelf,3637.93,2166.82,0,Spring,0
SKU016,2024-04-15,125,270852.5,2166.82,0,188,93,4,44,95,Furniture,Shelf,3637.93,2166.82,0,Spring,0
SKU016,2024-04-22,116,251351.12,2166.82,0,188,93,4,44,95,Furniture,Shelf,3637.93,2166.82,0,Spring,0
SKU016,2024-04-29,93,201514.26,2166.82,0,63,74,10,93,217,Furniture,Shelf,3637.93,2166.82,0,Spring,0
SKU016,2024-05-06,95,205847.90000000002,2166.82,0,63,74,10,93,217,Furniture,Shelf,3637.93,2166.82,0,Summer,0
SKU016,2024-05-13,129,279519.78,2166.82,0,63,74,10,93,217,Furniture,Shelf,3637.93,2166.82,0,Summer,0
SKU016,2024-05-20,122,264352.04,2166.82,0,63,74,10,93,217,Furniture,Shelf,3637.93,2166.82,0,Summer,0
SKU016,2024-05-27,108,234016.56,2166.82,2,424,0,13,88,247,Furniture,Shelf,3637.93,2166.82,0,Summer,1
SKU016,2024-06-03,110,238350.2,2166.82,2,424,0,13,88,247,Furniture,Shelf,3637.93,2166.82,0,Summer,1
SKU016,2024-06-10,107,231849.74000000002,2166.82,2,424,0,13,88,247,Furniture,Shelf,3637.93,2166.82,0,Summer,1
SKU016,2024-06-17,106,229682.92,2166.82,2,424,0,13,88,247,Furniture,Shelf,3637.93,2166.82,0,Summer,1
SKU016,2024-06-24,108,234016.56,2166.82,2,424,0,13,88,247,Furniture,Shelf,3637.93,2166.82,0,Summer,1
SKU016,2024-07-01,93,201514.26,2166.82,0,229,294,11,77,218,Furniture,Shelf,3637.93,2166.82,0,Monsoon,0
SKU016,2024-07-08,99,214515.18,2166.82,0,229,294,11,77,218,Furniture,Shelf,3637.93,2166.82,0,Monsoon,0
SKU016,2024-07-15,78,169011.96,2166.82,0,229,294,11,77,218,Furniture,Shelf,3637.93,2166.82,0,Monsoon,0
SKU016,2024-07-22,92,199347.44,2166.82,0,229,294,11,77,218,Furniture,Shelf,3637.93,2166.82,0,Monsoon,0
SKU016,2024-07-29,90,195013.8,2166.82,0,79,92,11,58,170,Furniture,Shelf,3637.93,2166.82,0,Monsoon,0
SKU016,2024-08-05,82,177679.24,2166.82,0,79,92,11,58,170,Furniture,Shelf,3637.93,2166.82,0,Monsoon,0
SKU016,2024-08-12,96,208014.72,2166.82,0,79,92,11,58,170,Furniture,Shelf,3637.93,2166.82,1,Monsoon,0
SKU016,2024-08-19,78,169011.96000000002,2166.82,0,79,92,11,58,170,Furniture,Shelf,3637.93,2166.82,0,Monsoon,0
SKU016,2024-08-26,98,212348.36,2166.82,1,93,5,13,36,149,Furniture,Shelf,3637.93,2166.82,0,Monsoon,1
SKU016,2024-09-02,94,203681.08000000002,2166.82,2,93,5,13,36,149,Furniture,Shelf,3637.93,2166.82,0,Monsoon,1
SKU016,2024-09-09,77,166845.14,2166.82,2,93,5,13,36,149,Furniture,Shelf,3637.93,2166.82,0,Monsoon,1
SKU016,2024-09-16,90,195013.8,2166.82,2,93,5,13,36,149,Furniture,Shelf,3637.93,2166.82,0,Monsoon,1
SKU016,2024-09-23,89,192846.98,2166.82,2,93,5,13,36,149,Furniture,Shelf,3637.93,2166.82,0,Monsoon,1
SKU016,2024-09-30,71,153844.22,2166.82,0,252,148,6,41,101,Furniture,Shelf,3637.93,2166.82,0,Monsoon,0
SKU016,2024-10-07,85,184179.7,2166.82,0,252,148,6,41,101,Furniture,Shelf,3637.93,2166.82,0,Autumn,0
SKU016,2024-10-14,84,182012.88,2166.82,0,252,148,6,41,101,Furniture,Shelf,3637.93,2166.82,0,Autumn,0
SKU016,2024-10-21,82,177679.24,2166.82,0,252,148,6,41,101,Furniture,Shelf,3637.93,2166.82,0,Autumn,0
SKU016,2024-10-28,98,212348.36000000002,2166.82,2,47,5,5,57,101,Furniture,Shelf,3637.93,2166.82,1,Autumn,1
SKU016,2024-11-04,84,182012.88,2166.82,2,47,5,5,57,101,Furniture,Shelf,3637.93,2166.82,0,Autumn,1
SKU016,2024-11-11,104,225349.28000000003,2166.82,2,47,5,5,57,101,Furniture,Shelf,3637.93,2166.82,0,Autumn,1
SKU016,2024-11-18,94,203681.08000000002,2166.82,2,47,5,5,57,101,Furniture,Shelf,3637.93,2166.82,0,Autumn,1
SKU016,2024-11-25,97,210181.54,2166.82,1,320,181,10,64,170,Furniture,Shelf,3637.93,2166.82,0,Autumn,1
SKU016,2024-12-02,83,179846.06,2166.82,0,320,181,10,64,170,Furniture,Shelf,3637.93,2166.82,0,Winter,0
SKU016,2024-12-09,71,153844.22,2166.82,0,320,181,10,64,170,Furniture,Shelf,3637.93,2166.82,0,Winter,0
SKU016,2024-12-16,82,177679.24,2166.82,0,320,181,10,64,170,Furniture,Shelf,3637.93,2166.82,0,Winter,0
SKU016,2024-12-23,75,162511.5,2166.82,0,320,181,10,64,170,Furniture,Shelf,3637.93,2166.82,1,Winter,0
SKU016,2024-12-30,92,199347.44,2166.82,0,73,171,4,64,105,Furniture,Shelf,3637.93,2166.82,0,Winter,0
SKU016,2025-01-06,97,210181.54,2166.82,0,73,171,4,64,105,Furniture,Shelf,3637.93,2166.82,0,Winter,0
SKU016,2025-01-13,76,164678.32,2166.82,0,73,171,4,64,105,Furniture,Shelf,3637.93,2166.82,0,Winter,0
SKU016,2025-01-20,100,216682.0,2166.82,0,73,171,4,64,105,Furniture,Shelf,3637.93,2166.82,1,Winter,0
SKU016,2025-01-27,95,205847.9,2166.82,0,341,270,11,80,192,Furniture,Shelf,3637.93,2166.82,0,Winter,0
SKU016,2025-02-03,112,242683.84,2166.82,0,341,270,11,80,192,Furniture,Shelf,3637.93,2166.82,0,Winter,0
SKU016,2025-02-10,93,201514.26,2166.82,0,341,270,11,80,192,Furniture,Shelf,3637.93,2166.82,0,Winter,0
SKU016,2025-02-17,97,210181.54,2166.82,0,341,270,11,80,192,Furniture,Shelf,3637.93,2166.82,0,Winter,0
SKU016,2025-02-24,135,292520.7,2166.82,2,124,104,13,65,217,Furniture,Shelf,3637.93,2166.82,0,Winter,1
SKU016,2025-03-03,103,223182.46000000002,2166.82,2,124,104,13,65,217,Furniture,Shelf,3637.93,2166.82,0,Spring,1
SKU016,2025-03-10,115,249184.30000000002,2166.82,2,124,104,13,65,217,Furniture,Shelf,3637.93,2166.82,0,Spring,1
SKU016,2025-03-17,113,244850.66,2166.82,2,124,104,13,65,217,Furniture,Shelf,3637.93,2166.82,0,Spring,1
SKU016,2025-03-24,146,316355.72000000003,2166.82,2,124,104,13,65,217,Furniture,Shelf,3637.93,2166.82,0,Spring,1
SKU016,2025-03-31,116,251351.12,2166.82,0,348,22,3,56,98,Furniture,Shelf,3637.93,2166.82,0,Spring,0
SKU016,2025-04-07,124,268685.68,2166.82,0,348,22,3,56,98,Furniture,Shelf,3637.93,2166.82,0,Spring,0
SKU016,2025-04-14,98,212348.36,2166.82,0,348,22,3,56,98,Furniture,Shelf,3637.93,2166.82,0,Spring,0
SKU016,2025-04-21,102,221015.64,2166.82,0,348,22,3,56,98,Furniture,Shelf,3637.93,2166.82,0,Spring,0
SKU016,2025-04-28,111,240517.02000000002,2166.82,0,425,192,7,105,199,Furniture,Shelf,3637.93,2166.82,0,Spring,0
SKU016,2025-05-05,114,247017.48,2166.82,0,425,192,7,105,199,Furniture,Shelf,3637.93,2166.82,0,Summer,0
SKU016,2025-05-12,126,273019.32,2166.82,0,425,192,7,105,199,Furniture,Shelf,3637.93,2166.82,0,Summer,0
SKU016,2025-05-19,107,231849.74,2166.82,0,425,192,7,105,199,Furniture,Shelf,3637.93,2166.82,0,Summer,0
SKU016,2025-05-26,116,251351.12,2166.82,1,123,148,6,79,147,Furniture,Shelf,3637.93,2166.82,0,Summer,1
SKU016,2025-06-02,111,240517.02000000002,2166.82,2,123,148,6,79,147,Furniture,Shelf,3637.93,2166.82,0,Summer,1
SKU016,2025-06-09,112,242683.84,2166.82,2,123,148,6,79,147,Furniture,Shelf,3637.93,2166.82,0,Summer,1
SKU016,2025-06-16,112,242683.84000000003,2166.82,2,123,148,6,79,147,Furniture,Shelf,3637.93,2166.82,0,Summer,1
SKU016,2025-06-23,116,251351.12,2166.82,2,123,148,6,79,147,Furniture,Shelf,3637.93,2166.82,0,Summer,1
SKU016,2025-06-30,101,218848.82,2166.82,0,269,1,3,50,86,Furniture,Shelf,3637.93,2166.82,0,Summer,0
SKU016,2025-07-07,103,223182.46000000002,2166.82,0,269,1,3,50,86,Furniture,Shelf,3637.93,2166.82,0,Monsoon,0
SKU016,2025-07-14,104,225349.28,2166.82,0,269,1,3,50,86,Furniture,Shelf,3637.93,2166.82,0,Monsoon,0
SKU016,2025-07-21,97,210181.54,2166.82,0,269,1,3,50,86,Furniture,Shelf,3637.93,2166.82,0,Monsoon,0
SKU016,2025-07-28,85,184179.7,2166.82,0,236,119,10,46,152,Furniture,Shelf,3637.93,2166.82,0,Monsoon,0
SKU016,2025-08-04,93,201514.26,2166.82,0,236,119,10,46,152,Furniture,Shelf,3637.93,2166.82,0,Monsoon,0
SKU016,2025-08-11,85,184179.7,2166.82,0,236,119,10,46,152,Furniture,Shelf,3637.93,2166.82,1,Monsoon,0
SKU016,2025-08-18,90,195013.8,2166.82,0,236,119,10,46,152,Furniture,Shelf,3637.93,2166.82,0,Monsoon,0
SKU016,2025-08-25,85,184179.7,2166.82,0,236,119,10,46,152,Furniture,Shelf,3637.93,2166.82,0,Monsoon,0
SKU016,2025-09-01,66,143010.12,2166.82,2,312,96,9,51,131,Furniture,Shelf,3637.93,2166.82,0,Monsoon,1
SKU016,2025-09-08,78,169011.96,2166.82,2,312,96,9,51,131,Furniture,Shelf,3637.93,2166.82,0,Monsoon,1
SKU016,2025-09-15,76,164678.32,2166.82,2,312,96,9,51,131,Furniture,Shelf,3637.93,2166.82,0,Monsoon,1
SKU016,2025-09-22,78,169011.96000000002,2166.82,2,312,96,9,51,131,Furniture,Shelf,3637.93,2166.82,0,Monsoon,1
SKU016,2025-09-29,72,156011.04,2166.82,0,158,80,7,34,100,Furniture,Shelf,3637.93,2166.82,0,Monsoon,0
SKU016,2025-10-06,84,182012.88,2166.82,0,158,80,7,34,100,Furniture,Shelf,3637.93,2166.82,0,Autumn,0
SKU016,2025-10-13,86,186346.52000000002,2166.82,0,158,80,7,34,100,Furniture,Shelf,3637.93,2166.82,0,Autumn,0
SKU016,2025-10-20,73,158177.86000000002,2166.82,0,158,80,7,34,100,Furniture,Shelf,3637.93,2166.82,1,Autumn,0
SKU016,2025-10-27,109,236183.38,2166.82,2,313,63,6,69,126,Furniture,Shelf,3637.93,2166.82,0,Autumn,1
SKU016,2025-11-03,92,199347.44,2166.82,2,313,63,6,69,126,Furniture,Shelf,3637.93,2166.82,0,Autumn,1
SKU016,2025-11-10,95,205847.9,2166.82,2,313,63,6,69,126,Furniture,Shelf,3637.93,2166.82,0,Autumn,1
SKU016,2025-11-17,75,162511.5,2166.82,2,313,63,6,69,126,Furniture,Shelf,3637.93,2166.82,0,Autumn,1
SKU016,2025-11-24,71,153844.22,2166.82,2,313,63,6,69,126,Furniture,Shelf,3637.93,2166.82,0,Autumn,1
SKU016,2025-12-01,77,166845.14,2166.82,0,255,187,11,30,129,Furniture,Shelf,3637.93,2166.82,0,Winter,0
SKU016,2025-12-08,78,169011.96,2166.82,0,255,187,11,30,129,Furniture,Shelf,3637.93,2166.82,0,Winter,0
SKU016,2025-12-15,74,160344.68,2166.82,0,255,187,11,30,129,Furniture,Shelf,3637.93,2166.82,0,Winter,0
SKU016,2025-12-22,104,225349.28,2166.82,0,255,187,11,30,129,Furniture,Shelf,3637.93,2166.82,1,Winter,0
SKU017,2024-01-01,84,712094.88,8477.32,0,28,11,7,5,12,Home Decor,Cabinet,6703.26,8477.32,0,Winter,0
SKU017,2024-01-08,84,712094.88,8477.32,0,28,11,7,5,12,Home Decor,Cabinet,6703.26,8477.32,0,Winter,0
SKU017,2024-01-15,88,746004.16,8477.32,0,28,11,7,5,12,Home Decor,Cabinet,6703.26,8477.32,0,Winter,0
SKU017,2024-01-22,94,796868.0800000001,8477.32,0,28,11,7,5,12,Home Decor,Cabinet,6703.26,8477.32,1,Winter,0
SKU017,2024-01-29,89,754481.48,8477.32,0,218,315,7,85,175,Home Decor,Cabinet,6703.26,8477.32,0,Winter,0
SKU017,2024-02-05,96,813822.72,8477.32,0,218,315,7,85,175,Home Decor,Cabinet,6703.26,8477.32,0,Winter,0
SKU017,2024-02-12,99,839254.6799999999,8477.32,0,218,315,7,85,175,Home Decor,Cabinet,6703.26,8477.32,0,Winter,0
SKU017,2024-02-19,80,678185.6,8477.32,0,218,315,7,85,175,Home Decor,Cabinet,6703.26,8477.32,0,Winter,0
SKU017,2024-02-26,121,1025755.72,8477.32,2,237,170,6,89,168,Home Decor,Cabinet,6703.26,8477.32,0,Winter,1
SKU017,2024-03-04,130,1102051.6,8477.32,2,237,170,6,89,168,Home Decor,Cabinet,6703.26,8477.32,0,Spring,1
SKU017,2024-03-11,115,974891.8,8477.32,2,237,170,6,89,168,Home Decor,Cabinet,6703.26,8477.32,0,Spring,1
SKU017,2024-03-18,109,924027.88,8477.32,2,237,170,6,89,168,Home Decor,Cabinet,6703.26,8477.32,0,Spring,1
SKU017,2024-03-25,114,966414.48,8477.32,2,237,170,6,89,168,Home Decor,Cabinet,6703.26,8477.32,0,Spring,1
SKU017,2024-04-01,125,1059665.0,8477.32,0,425,409,14,60,282,Home Decor,Cabinet,6703.26,8477.32,0,Spring,0
SKU017,2024-04-08,130,1102051.6,8477.32,0,425,409,14,60,282,Home Decor,Cabinet,6703.26,8477.32,0,Spring,0
SKU017,2024-04-15,108,915550.5599999999,8477.32,0,425,409,14,60,282,Home Decor,Cabinet,6703.26,8477.32,0,Spring,0
SKU017,2024-04-22,126,1068142.32,8477.32,0,425,409,14,60,282,Home Decor,Cabinet,6703.26,8477.32,0,Spring,0
SKU017,2024-04-29,129,1093574.28,8477.32,0,231,107,6,102,192,Home Decor,Cabinet,6703.26,8477.32,0,Spring,0
SKU017,2024-05-06,109,924027.88,8477.32,0,231,107,6,102,192,Home Decor,Cabinet,6703.26,8477.32,0,Summer,0
SKU017,2024-05-13,109,924027.88,8477.32,0,231,107,6,102,192,Home Decor,Cabinet,6703.26,8477.32,0,Summer,0
SKU017,2024-05-20,122,1034233.04,8477.32,0,231,107,6,102,192,Home Decor,Cabinet,6703.26,8477.32,0,Summer,0
SKU017,2024-05-27,118,1000323.76,8477.32,2,127,202,4,66,126,Home Decor,Cabinet,6703.26,8477.32,0,Summer,1
SKU017,2024-06-03,121,1025755.72,8477.32,2,127,202,4,66,126,Home Decor,Cabinet,6703.26,8477.32,0,Summer,1
SKU017,2024-06-10,110,932505.2,8477.32,2,127,202,4,66,126,Home Decor,Cabinet,6703.26,8477.32,0,Summer,1
SKU017,2024-06-17,102,864686.64,8477.32,2,127,202,4,66,126,Home Decor,Cabinet,6703.26,8477.32,0,Summer,1
SKU017,2024-06-24,125,1059665.0,8477.32,2,127,202,4,66,126,Home Decor,Cabinet,6703.26,8477.32,0,Summer,1
SKU017,2024-07-01,112,949459.84,8477.32,0,205,120,7,85,199,Home Decor,Cabinet,6703.26,8477.32,0,Monsoon,0
SKU017,2024-07-08,109,924027.88,8477.32,0,205,120,7,85,199,Home Decor,Cabinet,6703.26,8477.32,0,Monsoon,0
SKU017,2024-07-15,106,898595.9199999999,8477.32,0,205,120,7,85,199,Home Decor,Cabinet,6703.26,8477.32,0,Monsoon,0
SKU017,2024-07-22,104,881641.28,8477.32,0,205,120,7,85,199,Home Decor,Cabinet,6703.26,8477.32,0,Monsoon,0
SKU017,2024-07-29,98,830777.36,8477.32,0,70,227,4,83,134,Home Decor,Cabinet,6703.26,8477.32,0,Monsoon,0
SKU017,2024-08-05,100,847732.0,8477.32,0,70,227,4,83,134,Home Decor,Cabinet,6703.26,8477.32,0,Monsoon,0
SKU017,2024-08-12,94,796868.0800000001,8477.32,0,70,227,4,83,134,Home Decor,Cabinet,6703.26,8477.32,1,Monsoon,0
SKU017,2024-08-19,95,805345.4,8477.32,0,70,227,4,83,134,Home Decor,Cabinet,6703.26,8477.32,0,Monsoon,0
SKU017,2024-08-26,85,720572.2,8477.32,1,197,199,4,76,123,Home Decor,Cabinet,6703.26,8477.32,0,Monsoon,1
SKU017,2024-09-02,98,830777.36,8477.32,2,197,199,4,76,123,Home Decor,Cabinet,6703.26,8477.32,0,Monsoon,1
SKU017,2024-09-09,88,746004.16,8477.32,2,197,199,4,76,123,Home Decor,Cabinet,6703.26,8477.32,0,Monsoon,1
SKU017,2024-09-16,88,746004.1599999999,8477.32,2,197,199,4,76,123,Home Decor,Cabinet,6703.26,8477.32,0,Monsoon,1
SKU017,2024-09-23,101,856209.3200000001,8477.32,2,197,199,4,76,123,Home Decor,Cabinet,6703.26,8477.32,0,Monsoon,1
SKU017,2024-09-30,60,508639.2,8477.32,0,317,68,4,84,128,Home Decor,Cabinet,6703.26,8477.32,0,Monsoon,0
SKU017,2024-10-07,67,567980.44,8477.32,0,317,68,4,84,128,Home Decor,Cabinet,6703.26,8477.32,0,Autumn,0
SKU017,2024-10-14,100,847732.0,8477.32,0,317,68,4,84,128,Home Decor,Cabinet,6703.26,8477.32,0,Autumn,0
SKU017,2024-10-21,82,695140.24,8477.32,0,317,68,4,84,128,Home Decor,Cabinet,6703.26,8477.32,0,Autumn,0
SKU017,2024-10-28,90,762958.7999999999,8477.32,2,276,32,12,39,158,Home Decor,Cabinet,6703.26,8477.32,1,Autumn,1
SKU017,2024-11-04,95,805345.4,8477.32,2,276,32,12,39,158,Home Decor,Cabinet,6703.26,8477.32,0,Autumn,1
SKU017,2024-11-11,86,729049.52,8477.32,2,276,32,12,39,158,Home Decor,Cabinet,6703.26,8477.32,0,Autumn,1
SKU017,2024-11-18,97,822300.04,8477.32,2,276,32,12,39,158,Home Decor,Cabinet,6703.26,8477.32,0,Autumn,1
SKU017,2024-11-25,82,695140.24,8477.32,1,142,186,7,65,142,Home Decor,Cabinet,6703.26,8477.32,0,Autumn,1
SKU017,2024-12-02,81,686662.9199999999,8477.32,0,142,186,7,65,142,Home Decor,Cabinet,6703.26,8477.32,0,Winter,0
SKU017,2024-12-09,88,746004.1599999999,8477.32,0,142,186,7,65,142,Home Decor,Cabinet,6703.26,8477.32,0,Winter,0
SKU017,2024-12-16,80,678185.6,8477.32,0,142,186,7,65,142,Home Decor,Cabinet,6703.26,8477.32,0,Winter,0
SKU017,2024-12-23,94,796868.0800000001,8477.32,0,142,186,7,65,142,Home Decor,Cabinet,6703.26,8477.32,1,Winter,0
SKU017,2024-12-30,85,720572.2,8477.32,0,212,82,8,76,162,Home Decor,Cabinet,6703.26,8477.32,0,Winter,0
SKU017,2025-01-06,97,822300.04,8477.32,0,212,82,8,76,162,Home Decor,Cabinet,6703.26,8477.32,0,Winter,0
SKU017,2025-01-13,106,898595.9199999999,8477.32,0,212,82,8,76,162,Home Decor,Cabinet,6703.26,8477.32,0,Winter,0
SKU017,2025-01-20,89,754481.48,8477.32,0,212,82,8,76,162,Home Decor,Cabinet,6703.26,8477.32,1,Winter,0
SKU017,2025-01-27,89,754481.48,8477.32,0,291,111,8,48,143,Home Decor,Cabinet,6703.26,8477.32,0,Winter,0
SKU017,2025-02-03,112,949459.84,8477.32,0,291,111,8,48,143,Home Decor,Cabinet,6703.26,8477.32,0,Winter,0
SKU017,2025-02-10,97,822300.04,8477.32,0,291,111,8,48,143,Home Decor,Cabinet,6703.26,8477.32,0,Winter,0
SKU017,2025-02-17,107,907073.24,8477.32,0,291,111,8,48,143,Home Decor,Cabinet,6703.26,8477.32,0,Winter,0
SKU017,2025-02-24,127,1076619.6400000001,8477.32,2,247,48,9,96,220,Home Decor,Cabinet,6703.26,8477.32,0,Winter,1
SKU017,2025-03-03,104,881641.28,8477.32,2,247,48,9,96,220,Home Decor,Cabinet,6703.26,8477.32,0,Spring,1
SKU017,2025-03-10,129,1093574.28,8477.32,2,247,48,9,96,220,Home Decor,Cabinet,6703.26,8477.32,0,Spring,1
SKU017,2025-03-17,124,1051187.68,8477.32,2,247,48,9,96,220,Home Decor,Cabinet,6703.26,8477.32,0,Spring,1
SKU017,2025-03-24,135,1144438.2,8477.32,2,247,48,9,96,220,Home Decor,Cabinet,6703.26,8477.32,0,Spring,1
SKU017,2025-03-31,114,966414.48,8477.32,0,510,559,11,119,301,Home Decor,Cabinet,6703.26,8477.32,0,Spring,0
SKU017,2025-04-07,115,974891.8,8477.32,0,510,559,11,119,301,Home Decor,Cabinet,6703.26,8477.32,0,Spring,0
SKU017,2025-04-14,115,974891.8,8477.32,0,510,559,11,119,301,Home Decor,Cabinet,6703.26,8477.32,0,Spring,0
SKU017,2025-04-21,138,1169870.16,8477.32,0,510,559,11,119,301,Home Decor,Cabinet,6703.26,8477.32,0,Spring,0
SKU017,2025-04-28,95,805345.4,8477.32,0,375,119,13,90,298,Home Decor,Cabinet,6703.26,8477.32,0,Spring,0
SKU017,2025-05-05,102,864686.64,8477.32,0,375,119,13,90,298,Home Decor,Cabinet,6703.26,8477.32,0,Summer,0
SKU017,2025-05-12,109,924027.88,8477.32,0,375,119,13,90,298,Home Decor,Cabinet,6703.26,8477.32,0,Summer,0
SKU017,2025-05-19,114,966414.48,8477.32,0,375,119,13,90,298,Home Decor,Cabinet,6703.26,8477.32,0,Summer,0
SKU017,2025-05-26,109,924027.88,8477.32,1,443,222,5,53,131,Home Decor,Cabinet,6703.26,8477.32,0,Summer,1
SKU017,2025-06-02,111,940982.52,8477.32,2,443,222,5,53,131,Home Decor,Cabinet,6703.26,8477.32,0,Summer,1
SKU017,2025-06-09,113,957937.16,8477.32,2,443,222,5,53,131,Home Decor,Cabinet,6703.26,8477.32,0,Summer,1
SKU017,2025-06-16,114,966414.48,8477.32,2,443,222,5,53,131,Home Decor,Cabinet,6703.26,8477.32,0,Summer,1
SKU017,2025-06-23,133,1127483.56,8477.32,2,443,222,5,53,131,Home Decor,Cabinet,6703.26,8477.32,0,Summer,1
SKU017,2025-06-30,105,890118.6000000001,8477.32,0,143,61,13,60,248,Home Decor,Cabinet,6703.26,8477.32,0,Summer,0
SKU017,2025-07-07,97,822300.04,8477.32,0,143,61,13,60,248,Home Decor,Cabinet,6703.26,8477.32,0,Monsoon,0
SKU017,2025-07-14,98,830777.36,8477.32,0,143,61,13,60,248,Home Decor,Cabinet,6703.26,8477.32,0,Monsoon,0
SKU017,2025-07-21,83,703617.5599999999,8477.32,0,143,61,13,60,248,Home Decor,Cabinet,6703.26,8477.32,0,Monsoon,0
SKU017,2025-07-28,82,695140.24,8477.32,0,275,371,13,61,231,Home Decor,Cabinet,6703.26,8477.32,0,Monsoon,0
SKU017,2025-08-04,76,644276.32,8477.32,0,275,371,13,61,231,Home Decor,Cabinet,6703.26,8477.32,0,Monsoon,0
SKU017,2025-08-11,85,720572.2,8477.32,0,275,371,13,61,231,Home Decor,Cabinet,6703.26,8477.32,1,Monsoon,0
SKU017,2025-08-18,85,720572.2,8477.32,0,275,371,13,61,231,Home Decor,Cabinet,6703.26,8477.32,0,Monsoon,0
SKU017,2025-08-25,78,661230.96,8477.32,0,275,371,13,61,231,Home Decor,Cabinet,6703.26,8477.32,0,Monsoon,0
SKU017,2025-09-01,71,601889.72,8477.32,2,239,206,6,71,134,Home Decor,Cabinet,6703.26,8477.32,0,Monsoon,1
SKU017,2025-09-08,77,652753.64,8477.32,2,239,206,6,71,134,Home Decor,Cabinet,6703.26,8477.32,0,Monsoon,1
SKU017,2025-09-15,83,703617.56,8477.32,2,239,206,6,71,134,Home Decor,Cabinet,6703.26,8477.32,0,Monsoon,1
SKU017,2025-09-22,90,762958.8,8477.32,2,239,206,6,71,134,Home Decor,Cabinet,6703.26,8477.32,0,Monsoon,1
SKU017,2025-09-29,75,635799.0,8477.32,0,312,66,7,68,151,Home Decor,Cabinet,6703.26,8477.32,0,Monsoon,0
SKU017,2025-10-06,76,644276.32,8477.32,0,312,66,7,68,151,Home Decor,Cabinet,6703.26,8477.32,0,Autumn,0
SKU017,2025-10-13,84,712094.88,8477.32,0,312,66,7,68,151,Home Decor,Cabinet,6703.26,8477.32,0,Autumn,0
SKU017,2025-10-20,61,517116.51999999996,8477.32,0,312,66,7,68,151,Home Decor,Cabinet,6703.26,8477.32,1,Autumn,0
SKU017,2025-10-27,83,703617.56,8477.32,2,269,205,14,69,206,Home Decor,Cabinet,6703.26,8477.32,0,Autumn,1
SKU017,2025-11-03,103,873163.96,8477.32,2,269,205,14,69,206,Home Decor,Cabinet,6703.26,8477.32,0,Autumn,1
SKU017,2025-11-10,88,746004.1599999999,8477.32,2,269,205,14,69,206,Home Decor,Cabinet,6703.26,8477.32,0,Autumn,1
SKU017,2025-11-17,87,737526.84,8477.32,2,269,205,14,69,206,Home Decor,Cabinet,6703.26,8477.32,0,Autumn,1
SKU017,2025-11-24,90,762958.8,8477.32,2,269,205,14,69,206,Home Decor,Cabinet,6703.26,8477.32,0,Autumn,1
SKU017,2025-12-01,105,890118.6,8477.32,0,95,26,12,108,274,Home Decor,Cabinet,6703.26,8477.32,0,Winter,0
SKU017,2025-12-08,96,813822.72,8477.32,0,95,26,12,108,274,Home Decor,Cabinet,6703.26,8477.32,0,Winter,0
SKU017,2025-12-15,81,686662.9199999999,8477.32,0,95,26,12,108,274,Home Decor,Cabinet,6703.26,8477.32,0,Winter,0
SKU017,2025-12-22,98,830777.36,8477.32,0,95,26,12,108,274,Home Decor,Cabinet,6703.26,8477.32,1,Winter,0
SKU018,2024-01-01,176,981272.16,5575.409999999999,0,32,37,13,7,20,Kitchen,Rug,5677.05,5575.41,0,Winter,0
SKU018,2024-01-08,175,975696.75,5575.409999999999,0,32,37,13,7,20,Kitchen,Rug,5677.05,5575.41,0,Winter,0
SKU018,2024-01-15,153,853037.73,5575.409999999999,0,32,37,13,7,20,Kitchen,Rug,5677.05,5575.41,0,Winter,0
SKU018,2024-01-22,188,1048177.0800000001,5575.409999999999,0,32,37,13,7,20,Kitchen,Rug,5677.05,5575.41,1,Winter,0
SKU018,2024-01-29,162,903216.42,5575.409999999999,0,645,236,5,130,222,Kitchen,Rug,5677.05,5575.41,0,Winter,0
SKU018,2024-02-05,171,953395.11,5575.409999999999,0,645,236,5,130,222,Kitchen,Rug,5677.05,5575.41,0,Winter,0
SKU018,2024-02-12,178,992422.98,5575.409999999999,0,645,236,5,130,222,Kitchen,Rug,5677.05,5575.41,0,Winter,0
SKU018,2024-02-19,205,1142959.05,5575.409999999999,0,645,236,5,130,222,Kitchen,Rug,5677.05,5575.41,0,Winter,0
SKU018,2024-02-26,195,1087204.95,5575.409999999999,2,270,347,13,85,331,Kitchen,Rug,5677.05,5575.41,0,Winter,1
SKU018,2024-03-04,206,1148534.46,5575.409999999999,2,270,347,13,85,331,Kitchen,Rug,5677.05,5575.41,0,Spring,1
SKU018,2024-03-11,223,1243316.43,5575.409999999999,2,270,347,13,85,331,Kitchen,Rug,5677.05,5575.41,0,Spring,1
SKU018,2024-03-18,227,1265618.07,5575.409999999999,2,270,347,13,85,331,Kitchen,Rug,5677.05,5575.41,0,Spring,1
SKU018,2024-03-25,221,1232165.61,5575.409999999999,2,270,347,13,85,331,Kitchen,Rug,5677.05,5575.41,0,Spring,1
SKU018,2024-04-01,197,1098355.77,5575.409999999999,0,455,300,3,178,247,Kitchen,Rug,5677.05,5575.41,0,Spring,0
SKU018,2024-04-08,190,1059327.9,5575.409999999999,0,455,300,3,178,247,Kitchen,Rug,5677.05,5575.41,0,Spring,0
SKU018,2024-04-15,209,1165260.69,5575.409999999999,0,455,300,3,178,247,Kitchen,Rug,5677.05,5575.41,0,Spring,0
SKU018,2024-04-22,209,1165260.69,5575.409999999999,0,455,300,3,178,247,Kitchen,Rug,5677.05,5575.41,0,Spring,0
SKU018,2024-04-29,204,1137383.6400000001,5575.409999999999,0,570,529,12,140,404,Kitchen,Rug,5677.05,5575.41,0,Spring,0
SKU018,2024-05-06,220,1226590.2,5575.409999999999,0,570,529,12,140,404,Kitchen,Rug,5677.05,5575.41,0,Summer,0
SKU018,2024-05-13,203,1131808.23,5575.409999999999,0,570,529,12,140,404,Kitchen,Rug,5677.05,5575.41,0,Summer,0
SKU018,2024-05-20,185,1031450.85,5575.409999999999,0,570,529,12,140,404,Kitchen,Rug,5677.05,5575.41,0,Summer,0
SKU018,2024-05-27,199,1109506.59,5575.409999999999,2,477,484,12,117,363,Kitchen,Rug,5677.05,5575.41,0,Summer,1
SKU018,2024-06-03,194,1081629.54,5575.409999999999,2,477,484,12,117,363,Kitchen,Rug,5677.05,5575.41,0,Summer,1
SKU018,2024-06-10,191,1064903.31,5575.409999999999,2,477,484,12,117,363,Kitchen,Rug,5677.05,5575.41,0,Summer,1
SKU018,2024-06-17,198,1103931.18,5575.409999999999,2,477,484,12,117,363,Kitchen,Rug,5677.05,5575.41,0,Summer,1
SKU018,2024-06-24,197,1098355.77,5575.409999999999,2,477,484,12,117,363,Kitchen,Rug,5677.05,5575.41,0,Summer,1
SKU018,2024-07-01,163,908791.83,5575.409999999999,0,476,156,8,93,260,Kitchen,Rug,5677.05,5575.41,0,Monsoon,0
SKU018,2024-07-08,181,1009149.21,5575.409999999999,0,476,156,8,93,260,Kitchen,Rug,5677.05,5575.41,0,Monsoon,0
SKU018,2024-07-15,169,942244.29,5575.409999999999,0,476,156,8,93,260,Kitchen,Rug,5677.05,5575.41,0,Monsoon,0
SKU018,2024-07-22,158,880914.78,5575.409999999999,0,476,156,8,93,260,Kitchen,Rug,5677.05,5575.41,0,Monsoon,0
SKU018,2024-07-29,172,958970.52,5575.409999999999,0,346,526,13,116,353,Kitchen,Rug,5677.05,5575.41,0,Monsoon,0
SKU018,2024-08-05,164,914367.24,5575.409999999999,0,346,526,13,116,353,Kitchen,Rug,5677.05,5575.41,0,Monsoon,0
SKU018,2024-08-12,167,931093.47,5575.409999999999,0,346,526,13,116,353,Kitchen,Rug,5677.05,5575.41,1,Monsoon,0
SKU018,2024-08-19,169,942244.29,5575.409999999999,0,346,526,13,116,353,Kitchen,Rug,5677.05,5575.41,0,Monsoon,0
SKU018,2024-08-26,171,953395.11,5575.409999999999,1,341,456,10,93,254,Kitchen,Rug,5677.05,5575.41,0,Monsoon,1
SKU018,2024-09-02,158,880914.78,5575.409999999999,2,341,456,10,93,254,Kitchen,Rug,5677.05,5575.41,0,Monsoon,1
SKU018,2024-09-09,158,880914.78,5575.409999999999,2,341,456,10,93,254,Kitchen,Rug,5677.05,5575.41,0,Monsoon,1
SKU018,2024-09-16,163,908791.8300000001,5575.409999999999,2,341,456,10,93,254,Kitchen,Rug,5677.05,5575.41,0,Monsoon,1
SKU018,2024-09-23,169,942244.29,5575.409999999999,2,341,456,10,93,254,Kitchen,Rug,5677.05,5575.41,0,Monsoon,1
SKU018,2024-09-30,134,747104.94,5575.409999999999,0,491,220,13,100,308,Kitchen,Rug,5677.05,5575.41,0,Monsoon,0
SKU018,2024-10-07,153,853037.73,5575.409999999999,0,491,220,13,100,308,Kitchen,Rug,5677.05,5575.41,0,Autumn,0
SKU018,2024-10-14,140,780557.4,5575.409999999999,0,491,220,13,100,308,Kitchen,Rug,5677.05,5575.41,0,Autumn,0
SKU018,2024-10-21,159,886490.19,5575.409999999999,0,491,220,13,100,308,Kitchen,Rug,5677.05,5575.41,0,Autumn,0
SKU018,2024-10-28,170,947819.7,5575.409999999999,2,86,207,5,49,125,Kitchen,Rug,5677.05,5575.41,1,Autumn,1
SKU018,2024-11-04,162,903216.42,5575.409999999999,2,86,207,5,49,125,Kitchen,Rug,5677.05,5575.41,0,Autumn,1
SKU018,2024-11-11,150,836311.5,5575.409999999999,2,86,207,5,49,125,Kitchen,Rug,5677.05,5575.41,0,Autumn,1
SKU018,2024-11-18,153,853037.73,5575.409999999999,2,86,207,5,49,125,Kitchen,Rug,5677.05,5575.41,0,Autumn,1
SKU018,2024-11-25,143,797283.63,5575.409999999999,1,543,153,4,81,143,Kitchen,Rug,5677.05,5575.41,0,Autumn,1
SKU018,2024-12-02,182,1014724.62,5575.409999999999,0,543,153,4,81,143,Kitchen,Rug,5677.05,5575.41,0,Winter,0
SKU018,2024-12-09,150,836311.5,5575.409999999999,0,543,153,4,81,143,Kitchen,Rug,5677.05,5575.41,0,Winter,0
SKU018,2024-12-16,172,958970.52,5575.409999999999,0,543,153,4,81,143,Kitchen,Rug,5677.05,5575.41,0,Winter,0
SKU018,2024-12-23,154,858613.14,5575.409999999999,0,543,153,4,81,143,Kitchen,Rug,5677.05,5575.41,1,Winter,0
SKU018,2024-12-30,181,1009149.21,5575.409999999999,0,150,272,4,79,141,Kitchen,Rug,5677.05,5575.41,0,Winter,0
SKU018,2025-01-06,172,958970.52,5575.409999999999,0,150,272,4,79,141,Kitchen,Rug,5677.05,5575.41,0,Winter,0
SKU018,2025-01-13,164,914367.24,5575.409999999999,0,150,272,4,79,141,Kitchen,Rug,5677.05,5575.41,0,Winter,0
SKU018,2025-01-20,163,908791.83,5575.409999999999,0,150,272,4,79,141,Kitchen,Rug,5677.05,5575.41,1,Winter,0
SKU018,2025-01-27,178,992422.98,5575.409999999999,0,196,276,9,123,279,Kitchen,Rug,5677.05,5575.41,0,Winter,0
SKU018,2025-02-03,175,975696.75,5575.409999999999,0,196,276,9,123,279,Kitchen,Rug,5677.05,5575.41,0,Winter,0
SKU018,2025-02-10,186,1037026.26,5575.409999999999,0,196,276,9,123,279,Kitchen,Rug,5677.05,5575.41,0,Winter,0
SKU018,2025-02-17,194,1081629.54,5575.409999999999,0,196,276,9,123,279,Kitchen,Rug,5677.05,5575.41,0,Winter,0
SKU018,2025-02-24,211,1176411.51,5575.409999999999,2,586,251,5,76,166,Kitchen,Rug,5677.05,5575.41,0,Winter,1
SKU018,2025-03-03,206,1148534.46,5575.409999999999,2,586,251,5,76,166,Kitchen,Rug,5677.05,5575.41,0,Spring,1
SKU018,2025-03-10,214,1193137.74,5575.409999999999,2,586,251,5,76,166,Kitchen,Rug,5677.05,5575.41,0,Spring,1
SKU018,2025-03-17,219,1221014.79,5575.409999999999,2,586,251,5,76,166,Kitchen,Rug,5677.05,5575.41,0,Spring,1
SKU018,2025-03-24,196,1092780.36,5575.409999999999,2,586,251,5,76,166,Kitchen,Rug,5677.05,5575.41,0,Spring,1
SKU018,2025-03-31,207,1154109.87,5575.409999999999,0,287,24,11,86,330,Kitchen,Rug,5677.05,5575.41,0,Spring,0
SKU018,2025-04-07,197,1098355.77,5575.409999999999,0,287,24,11,86,330,Kitchen,Rug,5677.05,5575.41,0,Spring,0
SKU018,2025-04-14,212,1181986.92,5575.409999999999,0,287,24,11,86,330,Kitchen,Rug,5677.05,5575.41,0,Spring,0
SKU018,2025-04-21,210,1170836.1,5575.409999999999,0,287,24,11,86,330,Kitchen,Rug,5677.05,5575.41,0,Spring,0
SKU018,2025-04-28,220,1226590.2,5575.409999999999,0,442,147,8,132,297,Kitchen,Rug,5677.05,5575.41,0,Spring,0
SKU018,2025-05-05,220,1226590.2,5575.409999999999,0,442,147,8,132,297,Kitchen,Rug,5677.05,5575.41,0,Summer,0
SKU018,2025-05-12,207,1154109.87,5575.409999999999,0,442,147,8,132,297,Kitchen,Rug,5677.05,5575.41,0,Summer,0
SKU018,2025-05-19,201,1120657.41,5575.409999999999,0,442,147,8,132,297,Kitchen,Rug,5677.05,5575.41,0,Summer,0
SKU018,2025-05-26,192,1070478.72,5575.409999999999,1,568,78,11,69,277,Kitchen,Rug,5677.05,5575.41,0,Summer,1
SKU018,2025-06-02,203,1131808.23,5575.409999999999,2,568,78,11,69,277,Kitchen,Rug,5677.05,5575.41,0,Summer,1
SKU018,2025-06-09,201,1120657.41,5575.409999999999,2,568,78,11,69,277,Kitchen,Rug,5677.05,5575.41,0,Summer,1
SKU018,2025-06-16,212,1181986.92,5575.409999999999,2,568,78,11,69,277,Kitchen,Rug,5677.05,5575.41,0,Summer,1
SKU018,2025-06-23,194,1081629.54,5575.409999999999,2,568,78,11,69,277,Kitchen,Rug,5677.05,5575.41,0,Summer,1
SKU018,2025-06-30,164,914367.24,5575.409999999999,0,631,96,4,62,144,Kitchen,Rug,5677.05,5575.41,0,Summer,0
SKU018,2025-07-07,156,869763.9600000001,5575.409999999999,0,631,96,4,62,144,Kitchen,Rug,5677.05,5575.41,0,Monsoon,0
SKU018,2025-07-14,167,931093.47,5575.409999999999,0,631,96,4,62,144,Kitchen,Rug,5677.05,5575.41,0,Monsoon,0
SKU018,2025-07-21,159,886490.1900000001,5575.409999999999,0,631,96,4,62,144,Kitchen,Rug,5677.05,5575.41,0,Monsoon,0
SKU018,2025-07-28,179,997998.39,5575.409999999999,0,480,61,11,133,324,Kitchen,Rug,5677.05,5575.41,0,Monsoon,0
SKU018,2025-08-04,139,774981.99,5575.409999999999,0,480,61,11,133,324,Kitchen,Rug,5677.05,5575.41,0,Monsoon,0
SKU018,2025-08-11,146,814009.86,5575.409999999999,0,480,61,11,133,324,Kitchen,Rug,5677.05,5575.41,1,Monsoon,0
SKU018,2025-08-18,151,841886.91,5575.409999999999,0,480,61,11,133,324,Kitchen,Rug,5677.05,5575.41,0,Monsoon,0
SKU018,2025-08-25,161,897641.01,5575.409999999999,0,480,61,11,133,324,Kitchen,Rug,5677.05,5575.41,0,Monsoon,0
SKU018,2025-09-01,150,836311.5,5575.409999999999,2,277,317,11,125,305,Kitchen,Rug,5677.05,5575.41,0,Monsoon,1
SKU018,2025-09-08,155,864188.5499999999,5575.409999999999,2,277,317,11,125,305,Kitchen,Rug,5677.05,5575.41,0,Monsoon,1
SKU018,2025-09-15,148,825160.68,5575.409999999999,2,277,317,11,125,305,Kitchen,Rug,5677.05,5575.41,0,Monsoon,1
SKU018,2025-09-22,146,814009.86,5575.409999999999,2,277,317,11,125,305,Kitchen,Rug,5677.05,5575.41,0,Monsoon,1
SKU018,2025-09-29,138,769406.58,5575.409999999999,0,435,29,10,71,222,Kitchen,Rug,5677.05,5575.41,0,Monsoon,0
SKU018,2025-10-06,154,858613.14,5575.409999999999,0,435,29,10,71,222,Kitchen,Rug,5677.05,5575.41,0,Autumn,0
SKU018,2025-10-13,141,786132.8099999999,5575.409999999999,0,435,29,10,71,222,Kitchen,Rug,5677.05,5575.41,0,Autumn,0
SKU018,2025-10-20,135,752680.35,5575.409999999999,0,435,29,10,71,222,Kitchen,Rug,5677.05,5575.41,1,Autumn,0
SKU018,2025-10-27,166,925518.0599999999,5575.409999999999,2,492,375,8,82,196,Kitchen,Rug,5677.05,5575.41,0,Autumn,1
SKU018,2025-11-03,157,875339.37,5575.409999999999,2,492,375,8,82,196,Kitchen,Rug,5677.05,5575.41,0,Autumn,1
SKU018,2025-11-10,142,791708.22,5575.409999999999,2,492,375,8,82,196,Kitchen,Rug,5677.05,5575.41,0,Autumn,1
SKU018,2025-11-17,150,836311.5,5575.409999999999,2,492,375,8,82,196,Kitchen,Rug,5677.05,5575.41,0,Autumn,1
SKU018,2025-11-24,152,847462.3200000001,5575.409999999999,2,492,375,8,82,196,Kitchen,Rug,5677.05,5575.41,0,Autumn,1
SKU018,2025-12-01,158,880914.78,5575.409999999999,0,235,102,8,66,184,Kitchen,Rug,5677.05,5575.41,0,Winter,0
SKU018,2025-12-08,162,903216.42,5575.409999999999,0,235,102,8,66,184,Kitchen,Rug,5677.05,5575.41,0,Winter,0
SKU018,2025-12-15,160,892065.6,5575.409999999999,0,235,102,8,66,184,Kitchen,Rug,5677.05,5575.41,0,Winter,0
SKU018,2025-12-22,161,897641.01,5575.409999999999,0,235,102,8,66,184,Kitchen,Rug,5677.05,5575.41,1,Winter,0
SKU019,2024-01-01,101,486804.85,4819.85,0,7,32,12,5,17,Lighting,Organizer,2670.84,4819.85,0,Winter,0
SKU019,2024-01-08,115,554282.75,4819.85,0,7,32,12,5,17,Lighting,Organizer,2670.84,4819.85,0,Winter,0
SKU019,2024-01-15,103,496444.55000000005,4819.85,0,7,32,12,5,17,Lighting,Organizer,2670.84,4819.85,0,Winter,0
SKU019,2024-01-22,107,515723.94999999995,4819.85,0,7,32,12,5,17,Lighting,Organizer,2670.84,4819.85,1,Winter,0
SKU019,2024-01-29,136,655499.6,4819.85,0,163,199,11,25,111,Lighting,Organizer,2670.84,4819.85,0,Winter,0
SKU019,2024-02-05,119,573562.15,4819.85,0,163,199,11,25,111,Lighting,Organizer,2670.84,4819.85,0,Winter,0
SKU019,2024-02-12,117,563922.45,4819.85,0,163,199,11,25,111,Lighting,Organizer,2670.84,4819.85,0,Winter,0
SKU019,2024-02-19,117,563922.45,4819.85,0,163,199,11,25,111,Lighting,Organizer,2670.84,4819.85,0,Winter,0
SKU019,2024-02-26,132,636220.2,4819.85,2,257,104,6,30,81,Lighting,Organizer,2670.84,4819.85,0,Winter,1
SKU019,2024-03-04,132,636220.2,4819.85,2,257,104,6,30,81,Lighting,Organizer,2670.84,4819.85,0,Spring,1
SKU019,2024-03-11,137,660319.45,4819.85,2,257,104,6,30,81,Lighting,Organizer,2670.84,4819.85,0,Spring,1
SKU019,2024-03-18,136,655499.6,4819.85,2,257,104,6,30,81,Lighting,Organizer,2670.84,4819.85,0,Spring,1
SKU019,2024-03-25,135,650679.75,4819.85,2,257,104,6,30,81,Lighting,Organizer,2670.84,4819.85,0,Spring,1
SKU019,2024-04-01,151,727797.35,4819.85,0,144,99,7,34,103,Lighting,Organizer,2670.84,4819.85,0,Spring,0
SKU019,2024-04-08,135,650679.75,4819.85,0,144,99,7,34,103,Lighting,Organizer,2670.84,4819.85,0,Spring,0
SKU019,2024-04-15,132,636220.2,4819.85,0,144,99,7,34,103,Lighting,Organizer,2670.84,4819.85,0,Spring,0
SKU019,2024-04-22,139,669959.15,4819.85,0,144,99,7,34,103,Lighting,Organizer,2670.84,4819.85,0,Spring,0
SKU019,2024-04-29,134,645859.9,4819.85,0,53,62,3,62,90,Lighting,Organizer,2670.84,4819.85,0,Spring,0
SKU019,2024-05-06,141,679598.85,4819.85,0,53,62,3,62,90,Lighting,Organizer,2670.84,4819.85,0,Summer,0
SKU019,2024-05-13,151,727797.35,4819.85,0,53,62,3,62,90,Lighting,Organizer,2670.84,4819.85,0,Summer,0
SKU019,2024-05-20,131,631400.35,4819.85,0,53,62,3,62,90,Lighting,Organizer,2670.84,4819.85,0,Summer,0
SKU019,2024-05-27,147,708517.95,4819.85,2,216,88,13,43,153,Lighting,Organizer,2670.84,4819.85,0,Summer,1
SKU019,2024-06-03,122,588021.7,4819.85,2,216,88,13,43,153,Lighting,Organizer,2670.84,4819.85,0,Summer,1
SKU019,2024-06-10,137,660319.45,4819.85,2,216,88,13,43,153,Lighting,Organizer,2670.84,4819.85,0,Summer,1
SKU019,2024-06-17,110,530183.5,4819.85,2,216,88,13,43,153,Lighting,Organizer,2670.84,4819.85,0,Summer,1
SKU019,2024-06-24,117,563922.45,4819.85,2,216,88,13,43,153,Lighting,Organizer,2670.84,4819.85,0,Summer,1
SKU019,2024-07-01,113,544643.05,4819.85,0,120,28,9,32,120,Lighting,Organizer,2670.84,4819.85,0,Monsoon,0
SKU019,2024-07-08,115,554282.75,4819.85,0,120,28,9,32,120,Lighting,Organizer,2670.84,4819.85,0,Monsoon,0
SKU019,2024-07-15,101,486804.85,4819.85,0,120,28,9,32,120,Lighting,Organizer,2670.84,4819.85,0,Monsoon,0
SKU019,2024-07-22,108,520543.80000000005,4819.85,0,120,28,9,32,120,Lighting,Organizer,2670.84,4819.85,0,Monsoon,0
SKU019,2024-07-29,115,554282.75,4819.85,0,39,5,10,24,96,Lighting,Organizer,2670.84,4819.85,0,Monsoon,0
SKU019,2024-08-05,89,428966.65,4819.85,0,39,5,10,24,96,Lighting,Organizer,2670.84,4819.85,0,Monsoon,0
SKU019,2024-08-12,93,448246.05,4819.85,0,39,5,10,24,96,Lighting,Organizer,2670.84,4819.85,1,Monsoon,0
SKU019,2024-08-19,104,501264.4,4819.85,0,39,5,10,24,96,Lighting,Organizer,2670.84,4819.85,0,Monsoon,0
SKU019,2024-08-26,102,491624.7,4819.85,1,100,136,4,43,72,Lighting,Organizer,2670.84,4819.85,0,Monsoon,1
SKU019,2024-09-02,104,501264.4,4819.85,2,100,136,4,43,72,Lighting,Organizer,2670.84,4819.85,0,Monsoon,1
SKU019,2024-09-09,108,520543.8,4819.85,2,100,136,4,43,72,Lighting,Organizer,2670.84,4819.85,0,Monsoon,1
SKU019,2024-09-16,80,385588.0,4819.85,2,100,136,4,43,72,Lighting,Organizer,2670.84,4819.85,0,Monsoon,1
SKU019,2024-09-23,97,467525.45,4819.85,2,100,136,4,43,72,Lighting,Organizer,2670.84,4819.85,0,Monsoon,1
SKU019,2024-09-30,81,390407.85,4819.85,0,133,87,5,48,83,Lighting,Organizer,2670.84,4819.85,0,Monsoon,0
SKU019,2024-10-07,93,448246.05000000005,4819.85,0,133,87,5,48,83,Lighting,Organizer,2670.84,4819.85,0,Autumn,0
SKU019,2024-10-14,85,409687.25,4819.85,0,133,87,5,48,83,Lighting,Organizer,2670.84,4819.85,0,Autumn,0
SKU019,2024-10-21,86,414507.1,4819.85,0,133,87,5,48,83,Lighting,Organizer,2670.84,4819.85,0,Autumn,0
SKU019,2024-10-28,98,472345.3,4819.85,2,190,47,10,46,111,Lighting,Organizer,2670.84,4819.85,1,Autumn,1
SKU019,2024-11-04,95,457885.75,4819.85,2,190,47,10,46,111,Lighting,Organizer,2670.84,4819.85,0,Autumn,1
SKU019,2024-11-11,112,539823.2,4819.85,2,190,47,10,46,111,Lighting,Organizer,2670.84,4819.85,0,Autumn,1
SKU019,2024-11-18,113,544643.0499999999,4819.85,2,190,47,10,46,111,Lighting,Organizer,2670.84,4819.85,0,Autumn,1
SKU019,2024-11-25,110,530183.5,4819.85,1,152,0,9,36,96,Lighting,Organizer,2670.84,4819.85,0,Autumn,1
SKU019,2024-12-02,120,578382.0,4819.85,0,152,0,9,36,96,Lighting,Organizer,2670.84,4819.85,0,Winter,0
SKU019,2024-12-09,97,467525.45,4819.85,0,152,0,9,36,96,Lighting,Organizer,2670.84,4819.85,0,Winter,0
SKU019,2024-12-16,106,510904.1,4819.85,0,152,0,9,36,96,Lighting,Organizer,2670.84,4819.85,0,Winter,0
SKU019,2024-12-23,86,414507.10000000003,4819.85,0,152,0,9,36,96,Lighting,Organizer,2670.84,4819.85,1,Winter,0
SKU019,2024-12-30,100,481985.0,4819.85,0,127,90,5,21,56,Lighting,Organizer,2670.84,4819.85,0,Winter,0
SKU019,2025-01-06,114,549462.9,4819.85,0,127,90,5,21,56,Lighting,Organizer,2670.84,4819.85,0,Winter,0
SKU019,2025-01-13,113,544643.05,4819.85,0,127,90,5,21,56,Lighting,Organizer,2670.84,4819.85,0,Winter,0
SKU019,2025-01-20,115,554282.75,4819.85,0,127,90,5,21,56,Lighting,Organizer,2670.84,4819.85,1,Winter,0
SKU019,2025-01-27,109,525363.65,4819.85,0,218,131,14,39,152,Lighting,Organizer,2670.84,4819.85,0,Winter,0
SKU019,2025-02-03,95,457885.75,4819.85,0,218,131,14,39,152,Lighting,Organizer,2670.84,4819.85,0,Winter,0
SKU019,2025-02-10,111,535003.35,4819.85,0,218,131,14,39,152,Lighting,Organizer,2670.84,4819.85,0,Winter,0
SKU019,2025-02-17,132,636220.2,4819.85,0,218,131,14,39,152,Lighting,Organizer,2670.84,4819.85,0,Winter,0
SKU019,2025-02-24,140,674779.0,4819.85,2,299,88,6,29,80,Lighting,Organizer,2670.84,4819.85,0,Winter,1
SKU019,2025-03-03,143,689238.55,4819.85,2,299,88,6,29,80,Lighting,Organizer,2670.84,4819.85,0,Spring,1
SKU019,2025-03-10,135,650679.75,4819.85,2,299,88,6,29,80,Lighting,Organizer,2670.84,4819.85,0,Spring,1
SKU019,2025-03-17,127,612120.95,4819.85,2,299,88,6,29,80,Lighting,Organizer,2670.84,4819.85,0,Spring,1
SKU019,2025-03-24,130,626580.5,4819.85,2,299,88,6,29,80,Lighting,Organizer,2670.84,4819.85,0,Spring,1
SKU019,2025-03-31,132,636220.2,4819.85,0,235,184,9,79,169,Lighting,Organizer,2670.84,4819.85,0,Spring,0
SKU019,2025-04-07,144,694058.4,4819.85,0,235,184,9,79,169,Lighting,Organizer,2670.84,4819.85,0,Spring,0
SKU019,2025-04-14,135,650679.75,4819.85,0,235,184,9,79,169,Lighting,Organizer,2670.84,4819.85,0,Spring,0
SKU019,2025-04-21,117,563922.45,4819.85,0,235,184,9,79,169,Lighting,Organizer,2670.84,4819.85,0,Spring,0
SKU019,2025-04-28,127,612120.95,4819.85,0,117,7,10,45,137,Lighting,Organizer,2670.84,4819.85,0,Spring,0
SKU019,2025-05-05,122,588021.7,4819.85,0,117,7,10,45,137,Lighting,Organizer,2670.84,4819.85,0,Summer,0
SKU019,2025-05-12,112,539823.2,4819.85,0,117,7,10,45,137,Lighting,Organizer,2670.84,4819.85,0,Summer,0
SKU019,2025-05-19,131,631400.35,4819.85,0,117,7,10,45,137,Lighting,Organizer,2670.84,4819.85,0,Summer,0
SKU019,2025-05-26,130,626580.5,4819.85,1,305,167,7,67,131,Lighting,Organizer,2670.84,4819.85,0,Summer,1
SKU019,2025-06-02,148,713337.8,4819.85,2,305,167,7,67,131,Lighting,Organizer,2670.84,4819.85,0,Summer,1
SKU019,2025-06-09,115,554282.75,4819.85,2,305,167,7,67,131,Lighting,Organizer,2670.84,4819.85,0,Summer,1
SKU019,2025-06-16,136,655499.6000000001,4819.85,2,305,167,7,67,131,Lighting,Organizer,2670.84,4819.85,0,Summer,1
SKU019,2025-06-23,129,621760.65,4819.85,2,305,167,7,67,131,Lighting,Organizer,2670.84,4819.85,0,Summer,1
SKU019,2025-06-30,94,453065.9,4819.85,0,317,309,11,69,174,Lighting,Organizer,2670.84,4819.85,0,Summer,0
SKU019,2025-07-07,100,481985.0,4819.85,0,317,309,11,69,174,Lighting,Organizer,2670.84,4819.85,0,Monsoon,0
SKU019,2025-07-14,111,535003.35,4819.85,0,317,309,11,69,174,Lighting,Organizer,2670.84,4819.85,0,Monsoon,0
SKU019,2025-07-21,90,433786.5,4819.85,0,317,309,11,69,174,Lighting,Organizer,2670.84,4819.85,0,Monsoon,0
SKU019,2025-07-28,116,559102.6,4819.85,0,185,231,11,62,154,Lighting,Organizer,2670.84,4819.85,0,Monsoon,0
SKU019,2025-08-04,104,501264.4,4819.85,0,185,231,11,62,154,Lighting,Organizer,2670.84,4819.85,0,Monsoon,0
SKU019,2025-08-11,106,510904.1,4819.85,0,185,231,11,62,154,Lighting,Organizer,2670.84,4819.85,1,Monsoon,0
SKU019,2025-08-18,109,525363.65,4819.85,0,185,231,11,62,154,Lighting,Organizer,2670.84,4819.85,0,Monsoon,0
SKU019,2025-08-25,93,448246.05,4819.85,0,185,231,11,62,154,Lighting,Organizer,2670.84,4819.85,0,Monsoon,0
SKU019,2025-09-01,103,496444.55,4819.85,2,78,192,11,44,118,Lighting,Organizer,2670.84,4819.85,0,Monsoon,1
SKU019,2025-09-08,76,366308.6,4819.85,2,78,192,11,44,118,Lighting,Organizer,2670.84,4819.85,0,Monsoon,1
SKU019,2025-09-15,100,481985.0,4819.85,2,78,192,11,44,118,Lighting,Organizer,2670.84,4819.85,0,Monsoon,1
SKU019,2025-09-22,105,506084.25,4819.85,2,78,192,11,44,118,Lighting,Organizer,2670.84,4819.85,0,Monsoon,1
SKU019,2025-09-29,83,400047.55,4819.85,0,264,78,4,39,69,Lighting,Organizer,2670.84,4819.85,0,Monsoon,0
SKU019,2025-10-06,92,443426.2,4819.85,0,264,78,4,39,69,Lighting,Organizer,2670.84,4819.85,0,Autumn,0
SKU019,2025-10-13,96,462705.6,4819.85,0,264,78,4,39,69,Lighting,Organizer,2670.84,4819.85,0,Autumn,0
SKU019,2025-10-20,84,404867.4,4819.85,0,264,78,4,39,69,Lighting,Organizer,2670.84,4819.85,1,Autumn,0
SKU019,2025-10-27,91,438606.35,4819.85,2,121,2,3,37,56,Lighting,Organizer,2670.84,4819.85,0,Autumn,1
SKU019,2025-11-03,103,496444.55,4819.85,2,121,2,3,37,56,Lighting,Organizer,2670.84,4819.85,0,Autumn,1
SKU019,2025-11-10,112,539823.2,4819.85,2,121,2,3,37,56,Lighting,Organizer,2670.84,4819.85,0,Autumn,1
SKU019,2025-11-17,110,530183.5,4819.85,2,121,2,3,37,56,Lighting,Organizer,2670.84,4819.85,0,Autumn,1
SKU019,2025-11-24,88,424146.80000000005,4819.85,2,121,2,3,37,56,Lighting,Organizer,2670.84,4819.85,0,Autumn,1
SKU019,2025-12-01,103,496444.55,4819.85,0,227,114,14,25,126,Lighting,Organizer,2670.84,4819.85,0,Winter,0
SKU019,2025-12-08,96,462705.6,4819.85,0,227,114,14,25,126,Lighting,Organizer,2670.84,4819.85,0,Winter,0
SKU019,2025-12-15,107,515723.95,4819.85,0,227,114,14,25,126,Lighting,Organizer,2670.84,4819.85,0,Winter,0
SKU019,2025-12-22,104,501264.4,4819.85,0,227,114,14,25,126,Lighting,Organizer,2670.84,4819.85,1,Winter,0
SKU020,2024-01-01,92,358573.68,3897.54,0,31,17,3,5,10,Storage,Sofa,6700.01,3897.54,0,Winter,0
SKU020,2024-01-08,102,397549.08,3897.54,0,31,17,3,5,10,Storage,Sofa,6700.01,3897.54,0,Winter,0
SKU020,2024-01-15,100,389754.0,3897.54,0,31,17,3,5,10,Storage,Sofa,6700.01,3897.54,0,Winter,0
SKU020,2024-01-22,92,358573.68,3897.54,0,31,17,3,5,10,Storage,Sofa,6700.01,3897.54,1,Winter,0
SKU020,2024-01-29,94,366368.76,3897.54,0,643,650,7,204,468,Storage,Sofa,6700.01,3897.54,0,Winter,0
SKU020,2024-02-05,118,459909.72,3897.54,0,643,650,7,204,468,Storage,Sofa,6700.01,3897.54,0,Winter,0
SKU020,2024-02-12,114,444319.56,3897.54,0,643,650,7,204,468,Storage,Sofa,6700.01,3897.54,0,Winter,0
SKU020,2024-02-19,108,420934.32,3897.54,0,643,650,7,204,468,Storage,Sofa,6700.01,3897.54,0,Winter,0
SKU020,2024-02-26,117,456012.18,3897.54,2,736,121,3,272,396,Storage,Sofa,6700.01,3897.54,0,Winter,1
SKU020,2024-03-04,120,467704.8,3897.54,2,736,121,3,272,396,Storage,Sofa,6700.01,3897.54,0,Spring,1
SKU020,2024-03-11,123,479397.42,3897.54,2,736,121,3,272,396,Storage,Sofa,6700.01,3897.54,0,Spring,1
SKU020,2024-03-18,119,463807.26,3897.54,2,736,121,3,272,396,Storage,Sofa,6700.01,3897.54,0,Spring,1
SKU020,2024-03-25,104,405344.16000000003,3897.54,2,736,121,3,272,396,Storage,Sofa,6700.01,3897.54,0,Spring,1
SKU020,2024-04-01,97,378061.38,3897.54,0,1186,802,9,374,803,Storage,Sofa,6700.01,3897.54,0,Spring,0
SKU020,2024-04-08,105,409241.7,3897.54,0,1186,802,9,374,803,Storage,Sofa,6700.01,3897.54,0,Spring,0
SKU020,2024-04-15,122,475499.88,3897.54,0,1186,802,9,374,803,Storage,Sofa,6700.01,3897.54,0,Spring,0
SKU020,2024-04-22,97,378061.38,3897.54,0,1186,802,9,374,803,Storage,Sofa,6700.01,3897.54,0,Spring,0
SKU020,2024-04-29,90,350778.6,3897.54,0,332,591,6,181,439,Storage,Sofa,6700.01,3897.54,0,Spring,0
SKU020,2024-05-06,100,389754.0,3897.54,0,332,591,6,181,439,Storage,Sofa,6700.01,3897.54,0,Summer,0
SKU020,2024-05-13,110,428729.4,3897.54,0,332,591,6,181,439,Storage,Sofa,6700.01,3897.54,0,Summer,0
SKU020,2024-05-20,120,467704.80000000005,3897.54,0,332,591,6,181,439,Storage,Sofa,6700.01,3897.54,0,Summer,0
SKU020,2024-05-27,117,456012.18,3897.54,2,382,448,6,284,532,Storage,Sofa,6700.01,3897.54,0,Summer,1
SKU020,2024-06-03,104,405344.16,3897.54,2,382,448,6,284,532,Storage,Sofa,6700.01,3897.54,0,Summer,1
SKU020,2024-06-10,127,494987.57999999996,3897.54,2,382,448,6,284,532,Storage,Sofa,6700.01,3897.54,0,Summer,1
SKU020,2024-06-17,122,475499.88,3897.54,2,382,448,6,284,532,Storage,Sofa,6700.01,3897.54,0,Summer,1
SKU020,2024-06-24,113,440422.02,3897.54,2,382,448,6,284,532,Storage,Sofa,6700.01,3897.54,0,Summer,1
SKU020,2024-07-01,94,366368.76,3897.54,0,658,732,10,346,807,Storage,Sofa,6700.01,3897.54,0,Monsoon,0
SKU020,2024-07-08,96,374163.83999999997,3897.54,0,658,732,10,346,807,Storage,Sofa,6700.01,3897.54,0,Monsoon,0
SKU020,2024-07-15,112,436524.48,3897.54,0,658,732,10,346,807,Storage,Sofa,6700.01,3897.54,0,Monsoon,0
SKU020,2024-07-22,97,378061.38,3897.54,0,658,732,10,346,807,Storage,Sofa,6700.01,3897.54,0,Monsoon,0
SKU020,2024-07-29,102,397549.08,3897.54,0,565,30,11,268,656,Storage,Sofa,6700.01,3897.54,0,Monsoon,0
SKU020,2024-08-05,88,342983.52,3897.54,0,565,30,11,268,656,Storage,Sofa,6700.01,3897.54,0,Monsoon,0
SKU020,2024-08-12,96,374163.83999999997,3897.54,0,565,30,11,268,656,Storage,Sofa,6700.01,3897.54,1,Monsoon,0
SKU020,2024-08-19,95,370266.3,3897.54,0,565,30,11,268,656,Storage,Sofa,6700.01,3897.54,0,Monsoon,0
SKU020,2024-08-26,102,397549.08,3897.54,1,627,424,6,173,386,Storage,Sofa,6700.01,3897.54,0,Monsoon,1
SKU020,2024-09-02,84,327393.36,3897.54,2,627,424,6,173,386,Storage,Sofa,6700.01,3897.54,0,Monsoon,1
SKU020,2024-09-09,69,268930.26,3897.54,2,627,424,6,173,386,Storage,Sofa,6700.01,3897.54,0,Monsoon,1
SKU020,2024-09-16,83,323495.82,3897.54,2,627,424,6,173,386,Storage,Sofa,6700.01,3897.54,0,Monsoon,1
SKU020,2024-09-23,80,311803.2,3897.54,2,627,424,6,173,386,Storage,Sofa,6700.01,3897.54,0,Monsoon,1
SKU020,2024-09-30,77,300110.58,3897.54,0,674,413,4,103,235,Storage,Sofa,6700.01,3897.54,0,Monsoon,0
SKU020,2024-10-07,83,323495.82,3897.54,0,674,413,4,103,235,Storage,Sofa,6700.01,3897.54,0,Autumn,0
SKU020,2024-10-14,92,358573.68,3897.54,0,674,413,4,103,235,Storage,Sofa,6700.01,3897.54,0,Autumn,0
SKU020,2024-10-21,83,323495.82,3897.54,0,674,413,4,103,235,Storage,Sofa,6700.01,3897.54,0,Autumn,0
SKU020,2024-10-28,71,276725.34,3897.54,2,342,717,11,167,517,Storage,Sofa,6700.01,3897.54,1,Autumn,1
SKU020,2024-11-04,81,315700.74,3897.54,2,342,717,11,167,517,Storage,Sofa,6700.01,3897.54,0,Autumn,1
SKU020,2024-11-11,87,339085.98,3897.54,2,342,717,11,167,517,Storage,Sofa,6700.01,3897.54,0,Autumn,1
SKU020,2024-11-18,69,268930.26,3897.54,2,342,717,11,167,517,Storage,Sofa,6700.01,3897.54,0,Autumn,1
SKU020,2024-11-25,84,327393.36,3897.54,1,881,266,6,184,378,Storage,Sofa,6700.01,3897.54,0,Autumn,1
SKU020,2024-12-02,88,342983.52,3897.54,0,881,266,6,184,378,Storage,Sofa,6700.01,3897.54,0,Winter,0
SKU020,2024-12-09,80,311803.2,3897.54,0,881,266,6,184,378,Storage,Sofa,6700.01,3897.54,0,Winter,0
SKU020,2024-12-16,81,315700.74,3897.54,0,881,266,6,184,378,Storage,Sofa,6700.01,3897.54,0,Winter,0
SKU020,2024-12-23,87,339085.98,3897.54,0,881,266,6,184,378,Storage,Sofa,6700.01,3897.54,1,Winter,0
SKU020,2024-12-30,93,362471.22,3897.54,0,785,165,11,167,538,Storage,Sofa,6700.01,3897.54,0,Winter,0
SKU020,2025-01-06,83,323495.82,3897.54,0,785,165,11,167,538,Storage,Sofa,6700.01,3897.54,0,Winter,0
SKU020,2025-01-13,95,370266.3,3897.54,0,785,165,11,167,538,Storage,Sofa,6700.01,3897.54,0,Winter,0
SKU020,2025-01-20,100,389754.0,3897.54,0,785,165,11,167,538,Storage,Sofa,6700.01,3897.54,1,Winter,0
SKU020,2025-01-27,79,307905.66,3897.54,0,491,30,5,283,475,Storage,Sofa,6700.01,3897.54,0,Winter,0
SKU020,2025-02-03,93,362471.22,3897.54,0,491,30,5,283,475,Storage,Sofa,6700.01,3897.54,0,Winter,0
SKU020,2025-02-10,105,409241.7,3897.54,0,491,30,5,283,475,Storage,Sofa,6700.01,3897.54,0,Winter,0
SKU020,2025-02-17,97,378061.38,3897.54,0,491,30,5,283,475,Storage,Sofa,6700.01,3897.54,0,Winter,0
SKU020,2025-02-24,95,370266.3,3897.54,2,487,36,3,153,274,Storage,Sofa,6700.01,3897.54,0,Winter,1
SKU020,2025-03-03,119,463807.26,3897.54,2,487,36,3,153,274,Storage,Sofa,6700.01,3897.54,0,Spring,1
SKU020,2025-03-10,105,409241.69999999995,3897.54,2,487,36,3,153,274,Storage,Sofa,6700.01,3897.54,0,Spring,1
SKU020,2025-03-17,101,393651.54,3897.54,2,487,36,3,153,274,Storage,Sofa,6700.01,3897.54,0,Spring,1
SKU020,2025-03-24,111,432626.94,3897.54,2,487,36,3,153,274,Storage,Sofa,6700.01,3897.54,0,Spring,1
SKU020,2025-03-31,132,514475.28,3897.54,0,1040,1007,5,296,524,Storage,Sofa,6700.01,3897.54,0,Spring,0
SKU020,2025-04-07,107,417036.77999999997,3897.54,0,1040,1007,5,296,524,Storage,Sofa,6700.01,3897.54,0,Spring,0
SKU020,2025-04-14,117,456012.18,3897.54,0,1040,1007,5,296,524,Storage,Sofa,6700.01,3897.54,0,Spring,0
SKU020,2025-04-21,111,432626.94,3897.54,0,1040,1007,5,296,524,Storage,Sofa,6700.01,3897.54,0,Spring,0
SKU020,2025-04-28,107,417036.77999999997,3897.54,0,1083,486,8,325,675,Storage,Sofa,6700.01,3897.54,0,Spring,0
SKU020,2025-05-05,115,448217.1,3897.54,0,1083,486,8,325,675,Storage,Sofa,6700.01,3897.54,0,Summer,0
SKU020,2025-05-12,110,428729.4,3897.54,0,1083,486,8,325,675,Storage,Sofa,6700.01,3897.54,0,Summer,0
SKU020,2025-05-19,105,409241.7,3897.54,0,1083,486,8,325,675,Storage,Sofa,6700.01,3897.54,0,Summer,0
SKU020,2025-05-26,112,436524.48,3897.54,1,1031,884,6,265,511,Storage,Sofa,6700.01,3897.54,0,Summer,1
SKU020,2025-06-02,111,432626.93999999994,3897.54,2,1031,884,6,265,511,Storage,Sofa,6700.01,3897.54,0,Summer,1
SKU020,2025-06-09,89,346881.06,3897.54,2,1031,884,6,265,511,Storage,Sofa,6700.01,3897.54,0,Summer,1
SKU020,2025-06-16,116,452114.63999999996,3897.54,2,1031,884,6,265,511,Storage,Sofa,6700.01,3897.54,0,Summer,1
SKU020,2025-06-23,104,405344.16000000003,3897.54,2,1031,884,6,265,511,Storage,Sofa,6700.01,3897.54,0,Summer,1
SKU020,2025-06-30,104,405344.16000000003,3897.54,0,568,558,5,194,415,Storage,Sofa,6700.01,3897.54,0,Summer,0
SKU020,2025-07-07,89,346881.06,3897.54,0,568,558,5,194,415,Storage,Sofa,6700.01,3897.54,0,Monsoon,0
SKU020,2025-07-14,97,378061.38,3897.54,0,568,558,5,194,415,Storage,Sofa,6700.01,3897.54,0,Monsoon,0
SKU020,2025-07-21,96,374163.83999999997,3897.54,0,568,558,5,194,415,Storage,Sofa,6700.01,3897.54,0,Monsoon,0
SKU020,2025-07-28,69,268930.26,3897.54,0,636,223,5,117,292,Storage,Sofa,6700.01,3897.54,0,Monsoon,0
SKU020,2025-08-04,94,366368.76,3897.54,0,636,223,5,117,292,Storage,Sofa,6700.01,3897.54,0,Monsoon,0
SKU020,2025-08-11,87,339085.98,3897.54,0,636,223,5,117,292,Storage,Sofa,6700.01,3897.54,1,Monsoon,0
SKU020,2025-08-18,99,385856.46,3897.54,0,636,223,5,117,292,Storage,Sofa,6700.01,3897.54,0,Monsoon,0
SKU020,2025-08-25,74,288417.96,3897.54,0,636,223,5,117,292,Storage,Sofa,6700.01,3897.54,0,Monsoon,0
SKU020,2025-09-01,97,378061.38,3897.54,2,851,406,5,246,413,Storage,Sofa,6700.01,3897.54,0,Monsoon,1
SKU020,2025-09-08,91,354676.14,3897.54,2,851,406,5,246,413,Storage,Sofa,6700.01,3897.54,0,Monsoon,1
SKU020,2025-09-15,79,307905.66000000003,3897.54,2,851,406,5,246,413,Storage,Sofa,6700.01,3897.54,0,Monsoon,1
SKU020,2025-09-22,86,335188.44,3897.54,2,851,406,5,246,413,Storage,Sofa,6700.01,3897.54,0,Monsoon,1
SKU020,2025-09-29,75,292315.5,3897.54,0,774,183,4,101,230,Storage,Sofa,6700.01,3897.54,0,Monsoon,0
SKU020,2025-10-06,107,417036.78,3897.54,0,774,183,4,101,230,Storage,Sofa,6700.01,3897.54,0,Autumn,0
SKU020,2025-10-13,74,288417.96,3897.54,0,774,183,4,101,230,Storage,Sofa,6700.01,3897.54,0,Autumn,0
SKU020,2025-10-20,88,342983.52,3897.54,0,774,183,4,101,230,Storage,Sofa,6700.01,3897.54,1,Autumn,0
SKU020,2025-10-27,101,393651.54,3897.54,2,338,826,11,105,434,Storage,Sofa,6700.01,3897.54,0,Autumn,1
SKU020,2025-11-03,78,304008.12,3897.54,2,338,826,11,105,434,Storage,Sofa,6700.01,3897.54,0,Autumn,1
SKU020,2025-11-10,92,358573.68,3897.54,2,338,826,11,105,434,Storage,Sofa,6700.01,3897.54,0,Autumn,1
SKU020,2025-11-17,81,315700.74,3897.54,2,338,826,11,105,434,Storage,Sofa,6700.01,3897.54,0,Autumn,1
SKU020,2025-11-24,97,378061.38,3897.54,2,338,826,11,105,434,Storage,Sofa,6700.01,3897.54,0,Autumn,1
SKU020,2025-12-01,85,331290.9,3897.54,0,1002,353,3,129,227,Storage,Sofa,6700.01,3897.54,0,Winter,0
SKU020,2025-12-08,82,319598.27999999997,3897.54,0,1002,353,3,129,227,Storage,Sofa,6700.01,3897.54,0,Winter,0
SKU020,2025-12-15,74,288417.95999999996,3897.54,0,1002,353,3,129,227,Storage,Sofa,6700.01,3897.54,0,Winter,0
SKU020,2025-12-22,99,385856.46,3897.54,0,1002,353,3,129,227,Storage,Sofa,6700.01,3897.54,1,Winter,0
SKU021,2024-01-01,50,385564.0,7711.28,0,26,17,4,5,10,Furniture,Chair,6486.92,7711.28,0,Winter,0
SKU021,2024-01-08,65,501233.2,7711.28,0,26,17,4,5,10,Furniture,Chair,6486.92,7711.28,0,Winter,0
SKU021,2024-01-15,51,393275.28,7711.28,0,26,17,4,5,10,Furniture,Chair,6486.92,7711.28,0,Winter,0
SKU021,2024-01-22,50,385564.0,7711.28,0,26,17,4,5,10,Furniture,Chair,6486.92,7711.28,1,Winter,0
SKU021,2024-01-29,71,547500.88,7711.28,0,194,11,13,46,137,Furniture,Chair,6486.92,7711.28,0,Winter,0
SKU021,2024-02-05,54,416409.12,7711.28,0,194,11,13,46,137,Furniture,Chair,6486.92,7711.28,0,Winter,0
SKU021,2024-02-12,67,516655.76,7711.28,0,194,11,13,46,137,Furniture,Chair,6486.92,7711.28,0,Winter,0
SKU021,2024-02-19,71,547500.88,7711.28,0,194,11,13,46,137,Furniture,Chair,6486.92,7711.28,0,Winter,0
SKU021,2024-02-26,68,524367.04,7711.28,2,146,114,6,25,70,Furniture,Chair,6486.92,7711.28,0,Winter,1
SKU021,2024-03-04,79,609191.12,7711.28,2,146,114,6,25,70,Furniture,Chair,6486.92,7711.28,0,Spring,1
SKU021,2024-03-11,77,593768.56,7711.28,2,146,114,6,25,70,Furniture,Chair,6486.92,7711.28,0,Spring,1
SKU021,2024-03-18,59,454965.52,7711.28,2,146,114,6,25,70,Furniture,Chair,6486.92,7711.28,0,Spring,1
SKU021,2024-03-25,65,501233.2,7711.28,2,146,114,6,25,70,Furniture,Chair,6486.92,7711.28,0,Spring,1
SKU021,2024-04-01,54,416409.12,7711.28,0,191,113,10,32,120,Furniture,Chair,6486.92,7711.28,0,Spring,0
SKU021,2024-04-08,62,478099.36,7711.28,0,191,113,10,32,120,Furniture,Chair,6486.92,7711.28,0,Spring,0
SKU021,2024-04-15,80,616902.4,7711.28,0,191,113,10,32,120,Furniture,Chair,6486.92,7711.28,0,Spring,0
SKU021,2024-04-22,74,570634.72,7711.28,0,191,113,10,32,120,Furniture,Chair,6486.92,7711.28,0,Spring,0
SKU021,2024-04-29,79,609191.12,7711.28,0,168,17,7,42,96,Furniture,Chair,6486.92,7711.28,0,Spring,0
SKU021,2024-05-06,67,516655.76,7711.28,0,168,17,7,42,96,Furniture,Chair,6486.92,7711.28,0,Summer,0
SKU021,2024-05-13,70,539789.6,7711.28,0,168,17,7,42,96,Furniture,Chair,6486.92,7711.28,0,Summer,0
SKU021,2024-05-20,61,470388.08,7711.28,0,168,17,7,42,96,Furniture,Chair,6486.92,7711.28,0,Summer,0
SKU021,2024-05-27,73,562923.4400000001,7711.28,2,164,103,3,45,66,Furniture,Chair,6486.92,7711.28,0,Summer,1
SKU021,2024-06-03,59,454965.52,7711.28,2,164,103,3,45,66,Furniture,Chair,6486.92,7711.28,0,Summer,1
SKU021,2024-06-10,76,586057.28,7711.28,2,164,103,3,45,66,Furniture,Chair,6486.92,7711.28,0,Summer,1
SKU021,2024-06-17,56,431831.68,7711.28,2,164,103,3,45,66,Furniture,Chair,6486.92,7711.28,0,Summer,1
SKU021,2024-06-24,56,431831.68,7711.28,2,164,103,3,45,66,Furniture,Chair,6486.92,7711.28,0,Summer,1
SKU021,2024-07-01,60,462676.8,7711.28,0,262,102,12,27,121,Furniture,Chair,6486.92,7711.28,0,Monsoon,0
SKU021,2024-07-08,53,408697.84,7711.28,0,262,102,12,27,121,Furniture,Chair,6486.92,7711.28,0,Monsoon,0
SKU021,2024-07-15,63,485810.64,7711.28,0,262,102,12,27,121,Furniture,Chair,6486.92,7711.28,0,Monsoon,0
SKU021,2024-07-22,55,424120.4,7711.28,0,262,102,12,27,121,Furniture,Chair,6486.92,7711.28,0,Monsoon,0
SKU021,2024-07-29,55,424120.4,7711.28,0,191,58,9,27,81,Furniture,Chair,6486.92,7711.28,0,Monsoon,0
SKU021,2024-08-05,52,400986.56,7711.28,0,191,58,9,27,81,Furniture,Chair,6486.92,7711.28,0,Monsoon,0
SKU021,2024-08-12,68,524367.04,7711.28,0,191,58,9,27,81,Furniture,Chair,6486.92,7711.28,1,Monsoon,0
SKU021,2024-08-19,59,454965.52,7711.28,0,191,58,9,27,81,Furniture,Chair,6486.92,7711.28,0,Monsoon,0
SKU021,2024-08-26,53,408697.83999999997,7711.28,1,184,10,3,25,41,Furniture,Chair,6486.92,7711.28,0,Monsoon,1
SKU021,2024-09-02,52,400986.56,7711.28,2,184,10,3,25,41,Furniture,Chair,6486.92,7711.28,0,Monsoon,1
SKU021,2024-09-09,55,424120.4,7711.28,2,184,10,3,25,41,Furniture,Chair,6486.92,7711.28,0,Monsoon,1
SKU021,2024-09-16,48,370141.44,7711.28,2,184,10,3,25,41,Furniture,Chair,6486.92,7711.28,0,Monsoon,1
SKU021,2024-09-23,61,470388.08,7711.28,2,184,10,3,25,41,Furniture,Chair,6486.92,7711.28,0,Monsoon,1
SKU021,2024-09-30,50,385564.0,7711.28,0,214,117,14,46,134,Furniture,Chair,6486.92,7711.28,0,Monsoon,0
SKU021,2024-10-07,39,300739.92,7711.28,0,214,117,14,46,134,Furniture,Chair,6486.92,7711.28,0,Autumn,0
SKU021,2024-10-14,43,331585.04,7711.28,0,214,117,14,46,134,Furniture,Chair,6486.92,7711.28,0,Autumn,0
SKU021,2024-10-21,55,424120.4,7711.28,0,214,117,14,46,134,Furniture,Chair,6486.92,7711.28,0,Autumn,0
SKU021,2024-10-28,58,447254.24,7711.28,2,40,119,9,16,66,Furniture,Chair,6486.92,7711.28,1,Autumn,1
SKU021,2024-11-04,58,447254.24,7711.28,2,40,119,9,16,66,Furniture,Chair,6486.92,7711.28,0,Autumn,1
SKU021,2024-11-11,63,485810.64,7711.28,2,40,119,9,16,66,Furniture,Chair,6486.92,7711.28,0,Autumn,1
SKU021,2024-11-18,54,416409.12,7711.28,2,40,119,9,16,66,Furniture,Chair,6486.92,7711.28,0,Autumn,1
SKU021,2024-11-25,37,285317.36,7711.28,1,151,101,5,28,58,Furniture,Chair,6486.92,7711.28,0,Autumn,1
SKU021,2024-12-02,55,424120.4,7711.28,0,151,101,5,28,58,Furniture,Chair,6486.92,7711.28,0,Winter,0
SKU021,2024-12-09,63,485810.64,7711.28,0,151,101,5,28,58,Furniture,Chair,6486.92,7711.28,0,Winter,0
SKU021,2024-12-16,50,385564.0,7711.28,0,151,101,5,28,58,Furniture,Chair,6486.92,7711.28,0,Winter,0
SKU021,2024-12-23,54,416409.12,7711.28,0,151,101,5,28,58,Furniture,Chair,6486.92,7711.28,1,Winter,0
SKU021,2024-12-30,48,370141.44,7711.28,0,116,112,9,47,104,Furniture,Chair,6486.92,7711.28,0,Winter,0
SKU021,2025-01-06,63,485810.64,7711.28,0,116,112,9,47,104,Furniture,Chair,6486.92,7711.28,0,Winter,0
SKU021,2025-01-13,60,462676.80000000005,7711.28,0,116,112,9,47,104,Furniture,Chair,6486.92,7711.28,0,Winter,0
SKU021,2025-01-20,57,439542.96,7711.28,0,116,112,9,47,104,Furniture,Chair,6486.92,7711.28,1,Winter,0
SKU021,2025-01-27,73,562923.4400000001,7711.28,0,100,89,3,40,57,Furniture,Chair,6486.92,7711.28,0,Winter,0
SKU021,2025-02-03,63,485810.64,7711.28,0,100,89,3,40,57,Furniture,Chair,6486.92,7711.28,0,Winter,0
SKU021,2025-02-10,73,562923.4400000001,7711.28,0,100,89,3,40,57,Furniture,Chair,6486.92,7711.28,0,Winter,0
SKU021,2025-02-17,63,485810.64,7711.28,0,100,89,3,40,57,Furniture,Chair,6486.92,7711.28,0,Winter,0
SKU021,2025-02-24,78,601479.84,7711.28,2,131,179,8,42,95,Furniture,Chair,6486.92,7711.28,0,Winter,1
SKU021,2025-03-03,59,454965.52,7711.28,2,131,179,8,42,95,Furniture,Chair,6486.92,7711.28,0,Spring,1
SKU021,2025-03-10,64,493521.92,7711.28,2,131,179,8,42,95,Furniture,Chair,6486.92,7711.28,0,Spring,1
SKU021,2025-03-17,75,578346.0,7711.28,2,131,179,8,42,95,Furniture,Chair,6486.92,7711.28,0,Spring,1
SKU021,2025-03-24,76,586057.28,7711.28,2,131,179,8,42,95,Furniture,Chair,6486.92,7711.28,0,Spring,1
SKU021,2025-03-31,68,524367.04,7711.28,0,89,68,5,60,98,Furniture,Chair,6486.92,7711.28,0,Spring,0
SKU021,2025-04-07,50,385564.0,7711.28,0,89,68,5,60,98,Furniture,Chair,6486.92,7711.28,0,Spring,0
SKU021,2025-04-14,66,508944.48,7711.28,0,89,68,5,60,98,Furniture,Chair,6486.92,7711.28,0,Spring,0
SKU021,2025-04-21,61,470388.08,7711.28,0,89,68,5,60,98,Furniture,Chair,6486.92,7711.28,0,Spring,0
SKU021,2025-04-28,66,508944.48,7711.28,0,123,197,11,32,122,Furniture,Chair,6486.92,7711.28,0,Spring,0
SKU021,2025-05-05,79,609191.12,7711.28,0,123,197,11,32,122,Furniture,Chair,6486.92,7711.28,0,Summer,0
SKU021,2025-05-12,72,555212.16,7711.28,0,123,197,11,32,122,Furniture,Chair,6486.92,7711.28,0,Summer,0
SKU021,2025-05-19,70,539789.6,7711.28,0,123,197,11,32,122,Furniture,Chair,6486.92,7711.28,0,Summer,0
SKU021,2025-05-26,71,547500.88,7711.28,1,248,70,4,37,66,Furniture,Chair,6486.92,7711.28,0,Summer,1
SKU021,2025-06-02,77,593768.5599999999,7711.28,2,248,70,4,37,66,Furniture,Chair,6486.92,7711.28,0,Summer,1
SKU021,2025-06-09,79,609191.12,7711.28,2,248,70,4,37,66,Furniture,Chair,6486.92,7711.28,0,Summer,1
SKU021,2025-06-16,67,516655.76,7711.28,2,248,70,4,37,66,Furniture,Chair,6486.92,7711.28,0,Summer,1
SKU021,2025-06-23,69,532078.32,7711.28,2,248,70,4,37,66,Furniture,Chair,6486.92,7711.28,0,Summer,1
SKU021,2025-06-30,57,439542.96,7711.28,0,286,38,8,64,132,Furniture,Chair,6486.92,7711.28,0,Summer,0
SKU021,2025-07-07,68,524367.04,7711.28,0,286,38,8,64,132,Furniture,Chair,6486.92,7711.28,0,Monsoon,0
SKU021,2025-07-14,58,447254.24,7711.28,0,286,38,8,64,132,Furniture,Chair,6486.92,7711.28,0,Monsoon,0
SKU021,2025-07-21,62,478099.36,7711.28,0,286,38,8,64,132,Furniture,Chair,6486.92,7711.28,0,Monsoon,0
SKU021,2025-07-28,54,416409.12,7711.28,0,33,8,6,48,86,Furniture,Chair,6486.92,7711.28,0,Monsoon,0
SKU021,2025-08-04,60,462676.8,7711.28,0,33,8,6,48,86,Furniture,Chair,6486.92,7711.28,0,Monsoon,0
SKU021,2025-08-11,54,416409.12,7711.28,0,33,8,6,48,86,Furniture,Chair,6486.92,7711.28,1,Monsoon,0
SKU021,2025-08-18,60,462676.8,7711.28,0,33,8,6,48,86,Furniture,Chair,6486.92,7711.28,0,Monsoon,0
SKU021,2025-08-25,43,331585.04,7711.28,0,33,8,6,48,86,Furniture,Chair,6486.92,7711.28,0,Monsoon,0
SKU021,2025-09-01,47,362430.16000000003,7711.28,2,89,123,9,21,74,Furniture,Chair,6486.92,7711.28,0,Monsoon,1
SKU021,2025-09-08,55,424120.4,7711.28,2,89,123,9,21,74,Furniture,Chair,6486.92,7711.28,0,Monsoon,1
SKU021,2025-09-15,55,424120.4,7711.28,2,89,123,9,21,74,Furniture,Chair,6486.92,7711.28,0,Monsoon,1
SKU021,2025-09-22,53,408697.83999999997,7711.28,2,89,123,9,21,74,Furniture,Chair,6486.92,7711.28,0,Monsoon,1
SKU021,2025-09-29,35,269894.8,7711.28,0,101,48,6,34,73,Furniture,Chair,6486.92,7711.28,0,Monsoon,0
SKU021,2025-10-06,48,370141.44,7711.28,0,101,48,6,34,73,Furniture,Chair,6486.92,7711.28,0,Autumn,0
SKU021,2025-10-13,65,501233.2,7711.28,0,101,48,6,34,73,Furniture,Chair,6486.92,7711.28,0,Autumn,0
SKU021,2025-10-20,44,339296.32,7711.28,0,101,48,6,34,73,Furniture,Chair,6486.92,7711.28,1,Autumn,0
SKU021,2025-10-27,58,447254.24,7711.28,2,56,194,13,40,113,Furniture,Chair,6486.92,7711.28,0,Autumn,1
SKU021,2025-11-03,46,354718.88,7711.28,2,56,194,13,40,113,Furniture,Chair,6486.92,7711.28,0,Autumn,1
SKU021,2025-11-10,45,347007.60000000003,7711.28,2,56,194,13,40,113,Furniture,Chair,6486.92,7711.28,0,Autumn,1
SKU021,2025-11-17,43,331585.04,7711.28,2,56,194,13,40,113,Furniture,Chair,6486.92,7711.28,0,Autumn,1
SKU021,2025-11-24,47,362430.16000000003,7711.28,2,56,194,13,40,113,Furniture,Chair,6486.92,7711.28,0,Autumn,1
SKU021,2025-12-01,52,400986.56,7711.28,0,88,97,9,36,88,Furniture,Chair,6486.92,7711.28,0,Winter,0
SKU021,2025-12-08,59,454965.52,7711.28,0,88,97,9,36,88,Furniture,Chair,6486.92,7711.28,0,Winter,0
SKU021,2025-12-15,47,362430.16000000003,7711.28,0,88,97,9,36,88,Furniture,Chair,6486.92,7711.28,0,Winter,0
SKU021,2025-12-22,50,385564.0,7711.28,0,88,97,9,36,88,Furniture,Chair,6486.92,7711.28,1,Winter,0
SKU022,2024-01-01,64,294209.92,4597.03,0,32,20,6,6,12,Home Decor,Table,3252.96,4597.03,0,Winter,0
SKU022,2024-01-08,72,330986.16000000003,4597.03,0,32,20,6,6,12,Home Decor,Table,3252.96,4597.03,0,Winter,0
SKU022,2024-01-15,74,340180.22,4597.03,0,32,20,6,6,12,Home Decor,Table,3252.96,4597.03,0,Winter,0
SKU022,2024-01-22,74,340180.22,4597.03,0,32,20,6,6,12,Home Decor,Table,3252.96,4597.03,1,Winter,0
SKU022,2024-01-29,57,262030.71,4597.03,0,394,205,14,45,218,Home Decor,Table,3252.96,4597.03,0,Winter,0
SKU022,2024-02-05,87,399941.61,4597.03,0,394,205,14,45,218,Home Decor,Table,3252.96,4597.03,0,Winter,0
SKU022,2024-02-12,80,367762.4,4597.03,0,394,205,14,45,218,Home Decor,Table,3252.96,4597.03,0,Winter,0
SKU022,2024-02-19,69,317195.07,4597.03,0,394,205,14,45,218,Home Decor,Table,3252.96,4597.03,0,Winter,0
SKU022,2024-02-26,96,441314.88,4597.03,2,109,191,9,42,155,Home Decor,Table,3252.96,4597.03,0,Winter,1
SKU022,2024-03-04,73,335583.19,4597.03,2,109,191,9,42,155,Home Decor,Table,3252.96,4597.03,0,Spring,1
SKU022,2024-03-11,97,445911.91,4597.03,2,109,191,9,42,155,Home Decor,Table,3252.96,4597.03,0,Spring,1
SKU022,2024-03-18,75,344777.25,4597.03,2,109,191,9,42,155,Home Decor,Table,3252.96,4597.03,0,Spring,1
SKU022,2024-03-25,93,427523.79,4597.03,2,109,191,9,42,155,Home Decor,Table,3252.96,4597.03,0,Spring,1
SKU022,2024-04-01,82,376956.46,4597.03,0,399,434,12,70,238,Home Decor,Table,3252.96,4597.03,0,Spring,0
SKU022,2024-04-08,100,459703.0,4597.03,0,399,434,12,70,238,Home Decor,Table,3252.96,4597.03,0,Spring,0
SKU022,2024-04-15,73,335583.19,4597.03,0,399,434,12,70,238,Home Decor,Table,3252.96,4597.03,0,Spring,0
SKU022,2024-04-22,96,441314.88,4597.03,0,399,434,12,70,238,Home Decor,Table,3252.96,4597.03,0,Spring,0
SKU022,2024-04-29,87,399941.61,4597.03,0,444,150,6,80,157,Home Decor,Table,3252.96,4597.03,0,Spring,0
SKU022,2024-05-06,83,381553.49,4597.03,0,444,150,6,80,157,Home Decor,Table,3252.96,4597.03,0,Summer,0
SKU022,2024-05-13,84,386150.51999999996,4597.03,0,444,150,6,80,157,Home Decor,Table,3252.96,4597.03,0,Summer,0
SKU022,2024-05-20,82,376956.46,4597.03,0,444,150,6,80,157,Home Decor,Table,3252.96,4597.03,0,Summer,0
SKU022,2024-05-27,78,358568.33999999997,4597.03,2,95,271,11,67,218,Home Decor,Table,3252.96,4597.03,0,Summer,1
SKU022,2024-06-03,63,289612.89,4597.03,2,95,271,11,67,218,Home Decor,Table,3252.96,4597.03,0,Summer,1
SKU022,2024-06-10,91,418329.73,4597.03,2,95,271,11,67,218,Home Decor,Table,3252.96,4597.03,0,Summer,1
SKU022,2024-06-17,94,432120.81999999995,4597.03,2,95,271,11,67,218,Home Decor,Table,3252.96,4597.03,0,Summer,1
SKU022,2024-06-24,76,349374.28,4597.03,2,95,271,11,67,218,Home Decor,Table,3252.96,4597.03,0,Summer,1
SKU022,2024-07-01,58,266627.74,4597.03,0,486,26,8,90,202,Home Decor,Table,3252.96,4597.03,0,Monsoon,0
SKU022,2024-07-08,74,340180.22,4597.03,0,486,26,8,90,202,Home Decor,Table,3252.96,4597.03,0,Monsoon,0
SKU022,2024-07-15,68,312598.04,4597.03,0,486,26,8,90,202,Home Decor,Table,3252.96,4597.03,0,Monsoon,0
SKU022,2024-07-22,70,321792.1,4597.03,0,486,26,8,90,202,Home Decor,Table,3252.96,4597.03,0,Monsoon,0
SKU022,2024-07-29,59,271224.77,4597.03,0,199,177,4,88,137,Home Decor,Table,3252.96,4597.03,0,Monsoon,0
SKU022,2024-08-05,64,294209.92,4597.03,0,199,177,4,88,137,Home Decor,Table,3252.96,4597.03,0,Monsoon,0
SKU022,2024-08-12,56,257433.68,4597.03,0,199,177,4,88,137,Home Decor,Table,3252.96,4597.03,1,Monsoon,0
SKU022,2024-08-19,68,312598.04,4597.03,0,199,177,4,88,137,Home Decor,Table,3252.96,4597.03,0,Monsoon,0
SKU022,2024-08-26,66,303403.98,4597.03,1,393,426,13,74,222,Home Decor,Table,3252.96,4597.03,0,Monsoon,1
SKU022,2024-09-02,64,294209.92,4597.03,2,393,426,13,74,222,Home Decor,Table,3252.96,4597.03,0,Monsoon,1
SKU022,2024-09-09,59,271224.77,4597.03,2,393,426,13,74,222,Home Decor,Table,3252.96,4597.03,0,Monsoon,1
SKU022,2024-09-16,66,303403.98,4597.03,2,393,426,13,74,222,Home Decor,Table,3252.96,4597.03,0,Monsoon,1
SKU022,2024-09-23,72,330986.16,4597.03,2,393,426,13,74,222,Home Decor,Table,3252.96,4597.03,0,Monsoon,1
SKU022,2024-09-30,53,243642.59,4597.03,0,123,292,12,80,208,Home Decor,Table,3252.96,4597.03,0,Monsoon,0
SKU022,2024-10-07,55,252836.65,4597.03,0,123,292,12,80,208,Home Decor,Table,3252.96,4597.03,0,Autumn,0
SKU022,2024-10-14,52,239045.56,4597.03,0,123,292,12,80,208,Home Decor,Table,3252.96,4597.03,0,Autumn,0
SKU022,2024-10-21,47,216060.41,4597.03,0,123,292,12,80,208,Home Decor,Table,3252.96,4597.03,0,Autumn,0
SKU022,2024-10-28,56,257433.68,4597.03,2,226,260,12,57,169,Home Decor,Table,3252.96,4597.03,1,Autumn,1
SKU022,2024-11-04,54,248239.62,4597.03,2,226,260,12,57,169,Home Decor,Table,3252.96,4597.03,0,Autumn,1
SKU022,2024-11-11,69,317195.07,4597.03,2,226,260,12,57,169,Home Decor,Table,3252.96,4597.03,0,Autumn,1
SKU022,2024-11-18,64,294209.92,4597.03,2,226,260,12,57,169,Home Decor,Table,3252.96,4597.03,0,Autumn,1
SKU022,2024-11-25,61,280418.83,4597.03,1,224,291,14,60,206,Home Decor,Table,3252.96,4597.03,0,Autumn,1
SKU022,2024-12-02,62,285015.86,4597.03,0,224,291,14,60,206,Home Decor,Table,3252.96,4597.03,0,Winter,0
SKU022,2024-12-09,70,321792.1,4597.03,0,224,291,14,60,206,Home Decor,Table,3252.96,4597.03,0,Winter,0
SKU022,2024-12-16,46,211463.38,4597.03,0,224,291,14,60,206,Home Decor,Table,3252.96,4597.03,0,Winter,0
SKU022,2024-12-23,59,271224.77,4597.03,0,224,291,14,60,206,Home Decor,Table,3252.96,4597.03,1,Winter,0
SKU022,2024-12-30,77,353971.31,4597.03,0,342,293,11,67,193,Home Decor,Table,3252.96,4597.03,0,Winter,0
SKU022,2025-01-06,77,353971.31,4597.03,0,342,293,11,67,193,Home Decor,Table,3252.96,4597.03,0,Winter,0
SKU022,2025-01-13,69,317195.07,4597.03,0,342,293,11,67,193,Home Decor,Table,3252.96,4597.03,0,Winter,0
SKU022,2025-01-20,79,363165.37,4597.03,0,342,293,11,67,193,Home Decor,Table,3252.96,4597.03,1,Winter,0
SKU022,2025-01-27,75,344777.25,4597.03,0,123,231,7,69,155,Home Decor,Table,3252.96,4597.03,0,Winter,0
SKU022,2025-02-03,75,344777.25,4597.03,0,123,231,7,69,155,Home Decor,Table,3252.96,4597.03,0,Winter,0
SKU022,2025-02-10,86,395344.57999999996,4597.03,0,123,231,7,69,155,Home Decor,Table,3252.96,4597.03,0,Winter,0
SKU022,2025-02-17,88,404538.64,4597.03,0,123,231,7,69,155,Home Decor,Table,3252.96,4597.03,0,Winter,0
SKU022,2025-02-24,76,349374.27999999997,4597.03,2,289,297,9,92,212,Home Decor,Table,3252.96,4597.03,0,Winter,1
SKU022,2025-03-03,78,358568.34,4597.03,2,289,297,9,92,212,Home Decor,Table,3252.96,4597.03,0,Spring,1
SKU022,2025-03-10,82,376956.45999999996,4597.03,2,289,297,9,92,212,Home Decor,Table,3252.96,4597.03,0,Spring,1
SKU022,2025-03-17,84,386150.52,4597.03,2,289,297,9,92,212,Home Decor,Table,3252.96,4597.03,0,Spring,1
SKU022,2025-03-24,87,399941.61,4597.03,2,289,297,9,92,212,Home Decor,Table,3252.96,4597.03,0,Spring,1
SKU022,2025-03-31,61,280418.83,4597.03,0,468,312,8,62,182,Home Decor,Table,3252.96,4597.03,0,Spring,0
SKU022,2025-04-07,67,308001.01,4597.03,0,468,312,8,62,182,Home Decor,Table,3252.96,4597.03,0,Spring,0
SKU022,2025-04-14,77,353971.31,4597.03,0,468,312,8,62,182,Home Decor,Table,3252.96,4597.03,0,Spring,0
SKU022,2025-04-21,81,372359.43,4597.03,0,468,312,8,62,182,Home Decor,Table,3252.96,4597.03,0,Spring,0
SKU022,2025-04-28,85,390747.55,4597.03,0,202,341,11,97,246,Home Decor,Table,3252.96,4597.03,0,Spring,0
SKU022,2025-05-05,69,317195.07,4597.03,0,202,341,11,97,246,Home Decor,Table,3252.96,4597.03,0,Summer,0
SKU022,2025-05-12,80,367762.39999999997,4597.03,0,202,341,11,97,246,Home Decor,Table,3252.96,4597.03,0,Summer,0
SKU022,2025-05-19,93,427523.79,4597.03,0,202,341,11,97,246,Home Decor,Table,3252.96,4597.03,0,Summer,0
SKU022,2025-05-26,90,413732.69999999995,4597.03,1,97,172,10,73,205,Home Decor,Table,3252.96,4597.03,0,Summer,1
SKU022,2025-06-02,89,409135.67,4597.03,2,97,172,10,73,205,Home Decor,Table,3252.96,4597.03,0,Summer,1
SKU022,2025-06-09,90,413732.7,4597.03,2,97,172,10,73,205,Home Decor,Table,3252.96,4597.03,0,Summer,1
SKU022,2025-06-16,86,395344.57999999996,4597.03,2,97,172,10,73,205,Home Decor,Table,3252.96,4597.03,0,Summer,1
SKU022,2025-06-23,83,381553.49,4597.03,2,97,172,10,73,205,Home Decor,Table,3252.96,4597.03,0,Summer,1
SKU022,2025-06-30,70,321792.1,4597.03,0,83,171,5,79,152,Home Decor,Table,3252.96,4597.03,0,Summer,0
SKU022,2025-07-07,58,266627.74,4597.03,0,83,171,5,79,152,Home Decor,Table,3252.96,4597.03,0,Monsoon,0
SKU022,2025-07-14,82,376956.46,4597.03,0,83,171,5,79,152,Home Decor,Table,3252.96,4597.03,0,Monsoon,0
SKU022,2025-07-21,64,294209.92,4597.03,0,83,171,5,79,152,Home Decor,Table,3252.96,4597.03,0,Monsoon,0
SKU022,2025-07-28,70,321792.1,4597.03,0,74,116,13,60,211,Home Decor,Table,3252.96,4597.03,0,Monsoon,0
SKU022,2025-08-04,64,294209.92,4597.03,0,74,116,13,60,211,Home Decor,Table,3252.96,4597.03,0,Monsoon,0
SKU022,2025-08-11,64,294209.92,4597.03,0,74,116,13,60,211,Home Decor,Table,3252.96,4597.03,1,Monsoon,0
SKU022,2025-08-18,69,317195.07,4597.03,0,74,116,13,60,211,Home Decor,Table,3252.96,4597.03,0,Monsoon,0
SKU022,2025-08-25,49,225254.47,4597.03,0,74,116,13,60,211,Home Decor,Table,3252.96,4597.03,0,Monsoon,0
SKU022,2025-09-01,55,252836.65,4597.03,2,332,76,8,43,133,Home Decor,Table,3252.96,4597.03,0,Monsoon,1
SKU022,2025-09-08,67,308001.01,4597.03,2,332,76,8,43,133,Home Decor,Table,3252.96,4597.03,0,Monsoon,1
SKU022,2025-09-15,60,275821.8,4597.03,2,332,76,8,43,133,Home Decor,Table,3252.96,4597.03,0,Monsoon,1
SKU022,2025-09-22,61,280418.83,4597.03,2,332,76,8,43,133,Home Decor,Table,3252.96,4597.03,0,Monsoon,1
SKU022,2025-09-29,50,229851.5,4597.03,0,89,217,8,54,140,Home Decor,Table,3252.96,4597.03,0,Monsoon,0
SKU022,2025-10-06,54,248239.62,4597.03,0,89,217,8,54,140,Home Decor,Table,3252.96,4597.03,0,Autumn,0
SKU022,2025-10-13,58,266627.74,4597.03,0,89,217,8,54,140,Home Decor,Table,3252.96,4597.03,0,Autumn,0
SKU022,2025-10-20,51,234448.53,4597.03,0,89,217,8,54,140,Home Decor,Table,3252.96,4597.03,1,Autumn,0
SKU022,2025-10-27,62,285015.86,4597.03,2,118,383,14,73,226,Home Decor,Table,3252.96,4597.03,0,Autumn,1
SKU022,2025-11-03,44,202269.32,4597.03,2,118,383,14,73,226,Home Decor,Table,3252.96,4597.03,0,Autumn,1
SKU022,2025-11-10,78,358568.33999999997,4597.03,2,118,383,14,73,226,Home Decor,Table,3252.96,4597.03,0,Autumn,1
SKU022,2025-11-17,53,243642.59,4597.03,2,118,383,14,73,226,Home Decor,Table,3252.96,4597.03,0,Autumn,1
SKU022,2025-11-24,69,317195.07,4597.03,2,118,383,14,73,226,Home Decor,Table,3252.96,4597.03,0,Autumn,1
SKU022,2025-12-01,70,321792.1,4597.03,0,95,194,8,76,163,Home Decor,Table,3252.96,4597.03,0,Winter,0
SKU022,2025-12-08,60,275821.8,4597.03,0,95,194,8,76,163,Home Decor,Table,3252.96,4597.03,0,Winter,0
SKU022,2025-12-15,62,285015.86,4597.03,0,95,194,8,76,163,Home Decor,Table,3252.96,4597.03,0,Winter,0
SKU022,2025-12-22,84,386150.52,4597.03,0,95,194,8,76,163,Home Decor,Table,3252.96,4597.03,1,Winter,0
SKU023,2024-01-01,100,141674.0,1416.74,0,29,8,5,5,10,Kitchen,Cushion,2484.54,1416.74,0,Winter,0
SKU023,2024-01-08,83,117589.42,1416.74,0,29,8,5,5,10,Kitchen,Cushion,2484.54,1416.74,0,Winter,0
SKU023,2024-01-15,97,137423.78,1416.74,0,29,8,5,5,10,Kitchen,Cushion,2484.54,1416.74,0,Winter,0
SKU023,2024-01-22,100,141674.0,1416.74,0,29,8,5,5,10,Kitchen,Cushion,2484.54,1416.74,1,Winter,0
SKU023,2024-01-29,126,178509.24,1416.74,0,46,153,14,61,183,Kitchen,Cushion,2484.54,1416.74,0,Winter,0
SKU023,2024-02-05,126,178509.24,1416.74,0,46,153,14,61,183,Kitchen,Cushion,2484.54,1416.74,0,Winter,0
SKU023,2024-02-12,109,154424.66,1416.74,0,46,153,14,61,183,Kitchen,Cushion,2484.54,1416.74,0,Winter,0
SKU023,2024-02-19,99,140257.26,1416.74,0,46,153,14,61,183,Kitchen,Cushion,2484.54,1416.74,0,Winter,0
SKU023,2024-02-26,114,161508.36,1416.74,2,151,321,14,59,203,Kitchen,Cushion,2484.54,1416.74,0,Winter,1
SKU023,2024-03-04,136,192676.64,1416.74,2,151,321,14,59,203,Kitchen,Cushion,2484.54,1416.74,0,Spring,1
SKU023,2024-03-11,137,194093.38,1416.74,2,151,321,14,59,203,Kitchen,Cushion,2484.54,1416.74,0,Spring,1
SKU023,2024-03-18,99,140257.26,1416.74,2,151,321,14,59,203,Kitchen,Cushion,2484.54,1416.74,0,Spring,1
SKU023,2024-03-25,117,165758.58000000002,1416.74,2,151,321,14,59,203,Kitchen,Cushion,2484.54,1416.74,0,Spring,1
SKU023,2024-04-01,122,172842.28,1416.74,0,318,72,3,65,100,Kitchen,Cushion,2484.54,1416.74,0,Spring,0
SKU023,2024-04-08,132,187009.68,1416.74,0,318,72,3,65,100,Kitchen,Cushion,2484.54,1416.74,0,Spring,0
SKU023,2024-04-15,118,167175.32,1416.74,0,318,72,3,65,100,Kitchen,Cushion,2484.54,1416.74,0,Spring,0
SKU023,2024-04-22,102,144507.47999999998,1416.74,0,318,72,3,65,100,Kitchen,Cushion,2484.54,1416.74,0,Spring,0
SKU023,2024-04-29,102,144507.48,1416.74,0,161,14,6,77,141,Kitchen,Cushion,2484.54,1416.74,0,Spring,0
SKU023,2024-05-06,120,170008.8,1416.74,0,161,14,6,77,141,Kitchen,Cushion,2484.54,1416.74,0,Summer,0
SKU023,2024-05-13,129,182759.46,1416.74,0,161,14,6,77,141,Kitchen,Cushion,2484.54,1416.74,0,Summer,0
SKU023,2024-05-20,101,143090.74,1416.74,0,161,14,6,77,141,Kitchen,Cushion,2484.54,1416.74,0,Summer,0
SKU023,2024-05-27,123,174259.02000000002,1416.74,2,370,55,3,82,116,Kitchen,Cushion,2484.54,1416.74,0,Summer,1
SKU023,2024-06-03,116,164341.84000000003,1416.74,2,370,55,3,82,116,Kitchen,Cushion,2484.54,1416.74,0,Summer,1
SKU023,2024-06-10,114,161508.36,1416.74,2,370,55,3,82,116,Kitchen,Cushion,2484.54,1416.74,0,Summer,1
SKU023,2024-06-17,124,175675.76,1416.74,2,370,55,3,82,116,Kitchen,Cushion,2484.54,1416.74,0,Summer,1
SKU023,2024-06-24,118,167175.32,1416.74,2,370,55,3,82,116,Kitchen,Cushion,2484.54,1416.74,0,Summer,1
SKU023,2024-07-01,109,154424.66,1416.74,0,251,157,4,86,132,Kitchen,Cushion,2484.54,1416.74,0,Monsoon,0
SKU023,2024-07-08,88,124673.12,1416.74,0,251,157,4,86,132,Kitchen,Cushion,2484.54,1416.74,0,Monsoon,0
SKU023,2024-07-15,102,144507.48,1416.74,0,251,157,4,86,132,Kitchen,Cushion,2484.54,1416.74,0,Monsoon,0
SKU023,2024-07-22,109,154424.66,1416.74,0,251,157,4,86,132,Kitchen,Cushion,2484.54,1416.74,0,Monsoon,0
SKU023,2024-07-29,105,148757.7,1416.74,0,272,223,13,48,167,Kitchen,Cushion,2484.54,1416.74,0,Monsoon,0
SKU023,2024-08-05,105,148757.7,1416.74,0,272,223,13,48,167,Kitchen,Cushion,2484.54,1416.74,0,Monsoon,0
SKU023,2024-08-12,82,116172.68,1416.74,0,272,223,13,48,167,Kitchen,Cushion,2484.54,1416.74,1,Monsoon,0
SKU023,2024-08-19,99,140257.26,1416.74,0,272,223,13,48,167,Kitchen,Cushion,2484.54,1416.74,0,Monsoon,0
SKU023,2024-08-26,85,120422.9,1416.74,1,73,269,11,51,149,Kitchen,Cushion,2484.54,1416.74,0,Monsoon,1
SKU023,2024-09-02,88,124673.12,1416.74,2,73,269,11,51,149,Kitchen,Cushion,2484.54,1416.74,0,Monsoon,1
SKU023,2024-09-09,87,123256.38,1416.74,2,73,269,11,51,149,Kitchen,Cushion,2484.54,1416.74,0,Monsoon,1
SKU023,2024-09-16,85,120422.9,1416.74,2,73,269,11,51,149,Kitchen,Cushion,2484.54,1416.74,0,Monsoon,1
SKU023,2024-09-23,89,126089.86,1416.74,2,73,269,11,51,149,Kitchen,Cushion,2484.54,1416.74,0,Monsoon,1
SKU023,2024-09-30,76,107672.24,1416.74,0,322,27,13,60,180,Kitchen,Cushion,2484.54,1416.74,0,Monsoon,0
SKU023,2024-10-07,67,94921.58,1416.74,0,322,27,13,60,180,Kitchen,Cushion,2484.54,1416.74,0,Autumn,0
SKU023,2024-10-14,74,104838.76000000001,1416.74,0,322,27,13,60,180,Kitchen,Cushion,2484.54,1416.74,0,Autumn,0
SKU023,2024-10-21,84,119006.16,1416.74,0,322,27,13,60,180,Kitchen,Cushion,2484.54,1416.74,0,Autumn,0
SKU023,2024-10-28,86,121839.64,1416.74,2,243,43,9,47,120,Kitchen,Cushion,2484.54,1416.74,1,Autumn,1
SKU023,2024-11-04,85,120422.9,1416.74,2,243,43,9,47,120,Kitchen,Cushion,2484.54,1416.74,0,Autumn,1
SKU023,2024-11-11,94,133173.56,1416.74,2,243,43,9,47,120,Kitchen,Cushion,2484.54,1416.74,0,Autumn,1
SKU023,2024-11-18,98,138840.52,1416.74,2,243,43,9,47,120,Kitchen,Cushion,2484.54,1416.74,0,Autumn,1
SKU023,2024-11-25,111,157258.14,1416.74,1,166,243,14,26,145,Kitchen,Cushion,2484.54,1416.74,0,Autumn,1
SKU023,2024-12-02,104,147340.96,1416.74,0,166,243,14,26,145,Kitchen,Cushion,2484.54,1416.74,0,Winter,0
SKU023,2024-12-09,80,113339.2,1416.74,0,166,243,14,26,145,Kitchen,Cushion,2484.54,1416.74,0,Winter,0
SKU023,2024-12-16,90,127506.6,1416.74,0,166,243,14,26,145,Kitchen,Cushion,2484.54,1416.74,0,Winter,0
SKU023,2024-12-23,99,140257.26,1416.74,0,166,243,14,26,145,Kitchen,Cushion,2484.54,1416.74,1,Winter,0
SKU023,2024-12-30,117,165758.58000000002,1416.74,0,126,315,13,49,176,Kitchen,Cushion,2484.54,1416.74,0,Winter,0
SKU023,2025-01-06,114,161508.36,1416.74,0,126,315,13,49,176,Kitchen,Cushion,2484.54,1416.74,0,Winter,0
SKU023,2025-01-13,92,130340.08,1416.74,0,126,315,13,49,176,Kitchen,Cushion,2484.54,1416.74,0,Winter,0
SKU023,2025-01-20,83,117589.42,1416.74,0,126,315,13,49,176,Kitchen,Cushion,2484.54,1416.74,1,Winter,0
SKU023,2025-01-27,106,150174.44,1416.74,0,145,20,7,42,109,Kitchen,Cushion,2484.54,1416.74,0,Winter,0
SKU023,2025-02-03,98,138840.52,1416.74,0,145,20,7,42,109,Kitchen,Cushion,2484.54,1416.74,0,Winter,0
SKU023,2025-02-10,113,160091.62,1416.74,0,145,20,7,42,109,Kitchen,Cushion,2484.54,1416.74,0,Winter,0
SKU023,2025-02-17,115,162925.1,1416.74,0,145,20,7,42,109,Kitchen,Cushion,2484.54,1416.74,0,Winter,0
SKU023,2025-02-24,119,168592.06,1416.74,2,130,3,7,82,157,Kitchen,Cushion,2484.54,1416.74,0,Winter,1
SKU023,2025-03-03,125,177092.5,1416.74,2,130,3,7,82,157,Kitchen,Cushion,2484.54,1416.74,0,Spring,1
SKU023,2025-03-10,131,185592.94,1416.74,2,130,3,7,82,157,Kitchen,Cushion,2484.54,1416.74,0,Spring,1
SKU023,2025-03-17,127,179925.98,1416.74,2,130,3,7,82,157,Kitchen,Cushion,2484.54,1416.74,0,Spring,1
SKU023,2025-03-24,141,199760.34,1416.74,2,130,3,7,82,157,Kitchen,Cushion,2484.54,1416.74,0,Spring,1
SKU023,2025-03-31,121,171425.54,1416.74,0,425,305,6,88,162,Kitchen,Cushion,2484.54,1416.74,0,Spring,0
SKU023,2025-04-07,127,179925.98,1416.74,0,425,305,6,88,162,Kitchen,Cushion,2484.54,1416.74,0,Spring,0
SKU023,2025-04-14,120,170008.8,1416.74,0,425,305,6,88,162,Kitchen,Cushion,2484.54,1416.74,0,Spring,0
SKU023,2025-04-21,128,181342.72,1416.74,0,425,305,6,88,162,Kitchen,Cushion,2484.54,1416.74,0,Spring,0
SKU023,2025-04-28,107,151591.18,1416.74,0,257,37,10,32,135,Kitchen,Cushion,2484.54,1416.74,0,Spring,0
SKU023,2025-05-05,133,188426.41999999998,1416.74,0,257,37,10,32,135,Kitchen,Cushion,2484.54,1416.74,0,Summer,0
SKU023,2025-05-12,111,157258.14,1416.74,0,257,37,10,32,135,Kitchen,Cushion,2484.54,1416.74,0,Summer,0
SKU023,2025-05-19,118,167175.32,1416.74,0,257,37,10,32,135,Kitchen,Cushion,2484.54,1416.74,0,Summer,0
SKU023,2025-05-26,112,158674.88,1416.74,1,201,180,3,73,108,Kitchen,Cushion,2484.54,1416.74,0,Summer,1
SKU023,2025-06-02,122,172842.28,1416.74,2,201,180,3,73,108,Kitchen,Cushion,2484.54,1416.74,0,Summer,1
SKU023,2025-06-09,117,165758.58,1416.74,2,201,180,3,73,108,Kitchen,Cushion,2484.54,1416.74,0,Summer,1
SKU023,2025-06-16,133,188426.41999999998,1416.74,2,201,180,3,73,108,Kitchen,Cushion,2484.54,1416.74,0,Summer,1
SKU023,2025-06-23,130,184176.2,1416.74,2,201,180,3,73,108,Kitchen,Cushion,2484.54,1416.74,0,Summer,1
SKU023,2025-06-30,105,148757.7,1416.74,0,290,166,12,78,210,Kitchen,Cushion,2484.54,1416.74,0,Summer,0
SKU023,2025-07-07,100,141674.0,1416.74,0,290,166,12,78,210,Kitchen,Cushion,2484.54,1416.74,0,Monsoon,0
SKU023,2025-07-14,91,128923.34,1416.74,0,290,166,12,78,210,Kitchen,Cushion,2484.54,1416.74,0,Monsoon,0
SKU023,2025-07-21,107,151591.18,1416.74,0,290,166,12,78,210,Kitchen,Cushion,2484.54,1416.74,0,Monsoon,0
SKU023,2025-07-28,102,144507.48,1416.74,0,228,286,13,37,151,Kitchen,Cushion,2484.54,1416.74,0,Monsoon,0
SKU023,2025-08-04,107,151591.18,1416.74,0,228,286,13,37,151,Kitchen,Cushion,2484.54,1416.74,0,Monsoon,0
SKU023,2025-08-11,102,144507.48,1416.74,0,228,286,13,37,151,Kitchen,Cushion,2484.54,1416.74,1,Monsoon,0
SKU023,2025-08-18,95,134590.3,1416.74,0,228,286,13,37,151,Kitchen,Cushion,2484.54,1416.74,0,Monsoon,0
SKU023,2025-08-25,82,116172.68,1416.74,0,228,286,13,37,151,Kitchen,Cushion,2484.54,1416.74,0,Monsoon,0
SKU023,2025-09-01,76,107672.23999999999,1416.74,2,276,63,5,67,112,Kitchen,Cushion,2484.54,1416.74,0,Monsoon,1
SKU023,2025-09-08,53,75087.22,1416.74,2,276,63,5,67,112,Kitchen,Cushion,2484.54,1416.74,0,Monsoon,1
SKU023,2025-09-15,111,157258.14,1416.74,2,276,63,5,67,112,Kitchen,Cushion,2484.54,1416.74,0,Monsoon,1
SKU023,2025-09-22,90,127506.6,1416.74,2,276,63,5,67,112,Kitchen,Cushion,2484.54,1416.74,0,Monsoon,1
SKU023,2025-09-29,89,126089.86,1416.74,0,221,176,12,52,155,Kitchen,Cushion,2484.54,1416.74,0,Monsoon,0
SKU023,2025-10-06,80,113339.2,1416.74,0,221,176,12,52,155,Kitchen,Cushion,2484.54,1416.74,0,Autumn,0
SKU023,2025-10-13,74,104838.76,1416.74,0,221,176,12,52,155,Kitchen,Cushion,2484.54,1416.74,0,Autumn,0
SKU023,2025-10-20,91,128923.34,1416.74,0,221,176,12,52,155,Kitchen,Cushion,2484.54,1416.74,1,Autumn,0
SKU023,2025-10-27,84,119006.16,1416.74,2,247,201,8,42,101,Kitchen,Cushion,2484.54,1416.74,0,Autumn,1
SKU023,2025-11-03,91,128923.34,1416.74,2,247,201,8,42,101,Kitchen,Cushion,2484.54,1416.74,0,Autumn,1
SKU023,2025-11-10,88,124673.12,1416.74,2,247,201,8,42,101,Kitchen,Cushion,2484.54,1416.74,0,Autumn,1
SKU023,2025-11-17,88,124673.12,1416.74,2,247,201,8,42,101,Kitchen,Cushion,2484.54,1416.74,0,Autumn,1
SKU023,2025-11-24,90,127506.6,1416.74,2,247,201,8,42,101,Kitchen,Cushion,2484.54,1416.74,0,Autumn,1
SKU023,2025-12-01,97,137423.78,1416.74,0,130,79,12,41,148,Kitchen,Cushion,2484.54,1416.74,0,Winter,0
SKU023,2025-12-08,98,138840.52,1416.74,0,130,79,12,41,148,Kitchen,Cushion,2484.54,1416.74,0,Winter,0
SKU023,2025-12-15,96,136007.04,1416.74,0,130,79,12,41,148,Kitchen,Cushion,2484.54,1416.74,0,Winter,0
SKU023,2025-12-22,99,140257.26,1416.74,0,130,79,12,41,148,Kitchen,Cushion,2484.54,1416.74,1,Winter,0
SKU024,2024-01-01,93,164504.91,1768.8700000000001,0,10,12,12,7,19,Lighting,Cookware,5539.34,1768.87,0,Winter,0
SKU024,2024-01-08,81,143278.47,1768.8700000000001,0,10,12,12,7,19,Lighting,Cookware,5539.34,1768.87,0,Winter,0
SKU024,2024-01-15,95,168042.65,1768.8700000000001,0,10,12,12,7,19,Lighting,Cookware,5539.34,1768.87,0,Winter,0
SKU024,2024-01-22,87,153891.69,1768.8700000000001,0,10,12,12,7,19,Lighting,Cookware,5539.34,1768.87,1,Winter,0
SKU024,2024-01-29,100,176887.0,1768.8700000000001,0,165,251,7,67,172,Lighting,Cookware,5539.34,1768.87,0,Winter,0
SKU024,2024-02-05,106,187500.22,1768.8700000000001,0,165,251,7,67,172,Lighting,Cookware,5539.34,1768.87,0,Winter,0
SKU024,2024-02-12,84,148585.08,1768.8700000000001,0,165,251,7,67,172,Lighting,Cookware,5539.34,1768.87,0,Winter,0
SKU024,2024-02-19,90,159198.3,1768.8700000000001,0,165,251,7,67,172,Lighting,Cookware,5539.34,1768.87,0,Winter,0
SKU024,2024-02-26,114,201651.18,1768.8700000000001,2,436,379,8,66,195,Lighting,Cookware,5539.34,1768.87,0,Winter,1
SKU024,2024-03-04,115,203420.05,1768.8700000000001,2,436,379,8,66,195,Lighting,Cookware,5539.34,1768.87,0,Spring,1
SKU024,2024-03-11,118,208726.66,1768.8700000000001,2,436,379,8,66,195,Lighting,Cookware,5539.34,1768.87,0,Spring,1
SKU024,2024-03-18,111,196344.57,1768.8700000000001,2,436,379,8,66,195,Lighting,Cookware,5539.34,1768.87,0,Spring,1
SKU024,2024-03-25,117,206957.79,1768.8700000000001,2,436,379,8,66,195,Lighting,Cookware,5539.34,1768.87,0,Spring,1
SKU024,2024-04-01,95,168042.65,1768.8700000000001,0,167,338,9,119,294,Lighting,Cookware,5539.34,1768.87,0,Spring,0
SKU024,2024-04-08,103,182193.61,1768.8700000000001,0,167,338,9,119,294,Lighting,Cookware,5539.34,1768.87,0,Spring,0
SKU024,2024-04-15,113,199882.31,1768.8700000000001,0,167,338,9,119,294,Lighting,Cookware,5539.34,1768.87,0,Spring,0
SKU024,2024-04-22,106,187500.22,1768.8700000000001,0,167,338,9,119,294,Lighting,Cookware,5539.34,1768.87,0,Spring,0
SKU024,2024-04-29,103,182193.61,1768.8700000000001,0,263,84,13,76,326,Lighting,Cookware,5539.34,1768.87,0,Spring,0
SKU024,2024-05-06,108,191037.96,1768.8700000000001,0,263,84,13,76,326,Lighting,Cookware,5539.34,1768.87,0,Summer,0
SKU024,2024-05-13,109,192806.83,1768.8700000000001,0,263,84,13,76,326,Lighting,Cookware,5539.34,1768.87,0,Summer,0
SKU024,2024-05-20,104,183962.48,1768.8700000000001,0,263,84,13,76,326,Lighting,Cookware,5539.34,1768.87,0,Summer,0
SKU024,2024-05-27,118,208726.66,1768.8700000000001,2,418,185,8,62,189,Lighting,Cookware,5539.34,1768.87,0,Summer,1
SKU024,2024-06-03,97,171580.39,1768.8700000000001,2,418,185,8,62,189,Lighting,Cookware,5539.34,1768.87,0,Summer,1
SKU024,2024-06-10,95,168042.65,1768.8700000000001,2,418,185,8,62,189,Lighting,Cookware,5539.34,1768.87,0,Summer,1
SKU024,2024-06-17,114,201651.18,1768.8700000000001,2,418,185,8,62,189,Lighting,Cookware,5539.34,1768.87,0,Summer,1
SKU024,2024-06-24,105,185731.35,1768.8700000000001,2,418,185,8,62,189,Lighting,Cookware,5539.34,1768.87,0,Summer,1
SKU024,2024-07-01,100,176887.0,1768.8700000000001,0,332,12,8,117,266,Lighting,Cookware,5539.34,1768.87,0,Monsoon,0
SKU024,2024-07-08,83,146816.21,1768.8700000000001,0,332,12,8,117,266,Lighting,Cookware,5539.34,1768.87,0,Monsoon,0
SKU024,2024-07-15,92,162736.04,1768.8700000000001,0,332,12,8,117,266,Lighting,Cookware,5539.34,1768.87,0,Monsoon,0
SKU024,2024-07-22,92,162736.04,1768.8700000000001,0,332,12,8,117,266,Lighting,Cookware,5539.34,1768.87,0,Monsoon,0
SKU024,2024-07-29,88,155660.56,1768.8700000000001,0,253,350,14,77,282,Lighting,Cookware,5539.34,1768.87,0,Monsoon,0
SKU024,2024-08-05,83,146816.21,1768.8700000000001,0,253,350,14,77,282,Lighting,Cookware,5539.34,1768.87,0,Monsoon,0
SKU024,2024-08-12,86,152122.82,1768.8700000000001,0,253,350,14,77,282,Lighting,Cookware,5539.34,1768.87,1,Monsoon,0
SKU024,2024-08-19,100,176887.0,1768.8700000000001,0,253,350,14,77,282,Lighting,Cookware,5539.34,1768.87,0,Monsoon,0
SKU024,2024-08-26,88,155660.56,1768.8700000000001,1,152,125,12,72,237,Lighting,Cookware,5539.34,1768.87,0,Monsoon,1
SKU024,2024-09-02,84,148585.08,1768.8700000000001,2,152,125,12,72,237,Lighting,Cookware,5539.34,1768.87,0,Monsoon,1
SKU024,2024-09-09,83,146816.21,1768.8700000000001,2,152,125,12,72,237,Lighting,Cookware,5539.34,1768.87,0,Monsoon,1
SKU024,2024-09-16,72,127358.64,1768.8700000000001,2,152,125,12,72,237,Lighting,Cookware,5539.34,1768.87,0,Monsoon,1
SKU024,2024-09-23,85,150353.95,1768.8700000000001,2,152,125,12,72,237,Lighting,Cookware,5539.34,1768.87,0,Monsoon,1
SKU024,2024-09-30,83,146816.21,1768.8700000000001,0,141,317,14,65,244,Lighting,Cookware,5539.34,1768.87,0,Monsoon,0
SKU024,2024-10-07,66,116745.42,1768.8700000000001,0,141,317,14,65,244,Lighting,Cookware,5539.34,1768.87,0,Autumn,0
SKU024,2024-10-14,72,127358.64,1768.8700000000001,0,141,317,14,65,244,Lighting,Cookware,5539.34,1768.87,0,Autumn,0
SKU024,2024-10-21,62,109669.94,1768.8700000000001,0,141,317,14,65,244,Lighting,Cookware,5539.34,1768.87,0,Autumn,0
SKU024,2024-10-28,86,152122.82,1768.8700000000001,2,298,208,8,69,174,Lighting,Cookware,5539.34,1768.87,1,Autumn,1
SKU024,2024-11-04,78,137971.86,1768.8700000000001,2,298,208,8,69,174,Lighting,Cookware,5539.34,1768.87,0,Autumn,1
SKU024,2024-11-11,72,127358.64,1768.8700000000001,2,298,208,8,69,174,Lighting,Cookware,5539.34,1768.87,0,Autumn,1
SKU024,2024-11-18,74,130896.38,1768.8700000000001,2,298,208,8,69,174,Lighting,Cookware,5539.34,1768.87,0,Autumn,1
SKU024,2024-11-25,65,114976.55,1768.8700000000001,1,263,44,5,48,112,Lighting,Cookware,5539.34,1768.87,0,Autumn,1
SKU024,2024-12-02,76,134434.12,1768.8700000000001,0,263,44,5,48,112,Lighting,Cookware,5539.34,1768.87,0,Winter,0
SKU024,2024-12-09,101,178655.87,1768.8700000000001,0,263,44,5,48,112,Lighting,Cookware,5539.34,1768.87,0,Winter,0
SKU024,2024-12-16,75,132665.25,1768.8700000000001,0,263,44,5,48,112,Lighting,Cookware,5539.34,1768.87,0,Winter,0
SKU024,2024-12-23,71,125589.77,1768.8700000000001,0,263,44,5,48,112,Lighting,Cookware,5539.34,1768.87,1,Winter,0
SKU024,2024-12-30,101,178655.87,1768.8700000000001,0,381,33,3,48,90,Lighting,Cookware,5539.34,1768.87,0,Winter,0
SKU024,2025-01-06,77,136202.99,1768.8700000000001,0,381,33,3,48,90,Lighting,Cookware,5539.34,1768.87,0,Winter,0
SKU024,2025-01-13,73,129127.51000000001,1768.8700000000001,0,381,33,3,48,90,Lighting,Cookware,5539.34,1768.87,0,Winter,0
SKU024,2025-01-20,80,141509.6,1768.8700000000001,0,381,33,3,48,90,Lighting,Cookware,5539.34,1768.87,1,Winter,0
SKU024,2025-01-27,88,155660.56,1768.8700000000001,0,241,148,10,70,220,Lighting,Cookware,5539.34,1768.87,0,Winter,0
SKU024,2025-02-03,84,148585.08000000002,1768.8700000000001,0,241,148,10,70,220,Lighting,Cookware,5539.34,1768.87,0,Winter,0
SKU024,2025-02-10,95,168042.65,1768.8700000000001,0,241,148,10,70,220,Lighting,Cookware,5539.34,1768.87,0,Winter,0
SKU024,2025-02-17,91,160967.16999999998,1768.8700000000001,0,241,148,10,70,220,Lighting,Cookware,5539.34,1768.87,0,Winter,0
SKU024,2025-02-24,116,205188.91999999998,1768.8700000000001,2,310,427,13,81,287,Lighting,Cookware,5539.34,1768.87,0,Winter,1
SKU024,2025-03-03,104,183962.48,1768.8700000000001,2,310,427,13,81,287,Lighting,Cookware,5539.34,1768.87,0,Spring,1
SKU024,2025-03-10,117,206957.78999999998,1768.8700000000001,2,310,427,13,81,287,Lighting,Cookware,5539.34,1768.87,0,Spring,1
SKU024,2025-03-17,141,249410.66999999998,1768.8700000000001,2,310,427,13,81,287,Lighting,Cookware,5539.34,1768.87,0,Spring,1
SKU024,2025-03-24,119,210495.53,1768.8700000000001,2,310,427,13,81,287,Lighting,Cookware,5539.34,1768.87,0,Spring,1
SKU024,2025-03-31,116,205188.91999999998,1768.8700000000001,0,177,103,3,134,191,Lighting,Cookware,5539.34,1768.87,0,Spring,0
SKU024,2025-04-07,90,159198.30000000002,1768.8700000000001,0,177,103,3,134,191,Lighting,Cookware,5539.34,1768.87,0,Spring,0
SKU024,2025-04-14,110,194575.7,1768.8700000000001,0,177,103,3,134,191,Lighting,Cookware,5539.34,1768.87,0,Spring,0
SKU024,2025-04-21,105,185731.35,1768.8700000000001,0,177,103,3,134,191,Lighting,Cookware,5539.34,1768.87,0,Spring,0
SKU024,2025-04-28,108,191037.96000000002,1768.8700000000001,0,345,362,13,97,311,Lighting,Cookware,5539.34,1768.87,0,Spring,0
SKU024,2025-05-05,121,214033.27000000002,1768.8700000000001,0,345,362,13,97,311,Lighting,Cookware,5539.34,1768.87,0,Summer,0
SKU024,2025-05-12,88,155660.56,1768.8700000000001,0,345,362,13,97,311,Lighting,Cookware,5539.34,1768.87,0,Summer,0
SKU024,2025-05-19,91,160967.16999999998,1768.8700000000001,0,345,362,13,97,311,Lighting,Cookware,5539.34,1768.87,0,Summer,0
SKU024,2025-05-26,97,171580.39,1768.8700000000001,1,536,132,6,137,240,Lighting,Cookware,5539.34,1768.87,0,Summer,1
SKU024,2025-06-02,94,166273.78,1768.8700000000001,2,536,132,6,137,240,Lighting,Cookware,5539.34,1768.87,0,Summer,1
SKU024,2025-06-09,105,185731.35,1768.8700000000001,2,536,132,6,137,240,Lighting,Cookware,5539.34,1768.87,0,Summer,1
SKU024,2025-06-16,101,178655.87,1768.8700000000001,2,536,132,6,137,240,Lighting,Cookware,5539.34,1768.87,0,Summer,1
SKU024,2025-06-23,107,189269.09,1768.8700000000001,2,536,132,6,137,240,Lighting,Cookware,5539.34,1768.87,0,Summer,1
SKU024,2025-06-30,94,166273.78,1768.8700000000001,0,429,261,12,125,340,Lighting,Cookware,5539.34,1768.87,0,Summer,0
SKU024,2025-07-07,79,139740.73,1768.8700000000001,0,429,261,12,125,340,Lighting,Cookware,5539.34,1768.87,0,Monsoon,0
SKU024,2025-07-14,70,123820.9,1768.8700000000001,0,429,261,12,125,340,Lighting,Cookware,5539.34,1768.87,0,Monsoon,0
SKU024,2025-07-21,73,129127.51,1768.8700000000001,0,429,261,12,125,340,Lighting,Cookware,5539.34,1768.87,0,Monsoon,0
SKU024,2025-07-28,104,183962.48,1768.8700000000001,0,182,318,5,91,162,Lighting,Cookware,5539.34,1768.87,0,Monsoon,0
SKU024,2025-08-04,84,148585.08,1768.8700000000001,0,182,318,5,91,162,Lighting,Cookware,5539.34,1768.87,0,Monsoon,0
SKU024,2025-08-11,83,146816.21,1768.8700000000001,0,182,318,5,91,162,Lighting,Cookware,5539.34,1768.87,1,Monsoon,0
SKU024,2025-08-18,69,122052.03,1768.8700000000001,0,182,318,5,91,162,Lighting,Cookware,5539.34,1768.87,0,Monsoon,0
SKU024,2025-08-25,93,164504.91,1768.8700000000001,0,182,318,5,91,162,Lighting,Cookware,5539.34,1768.87,0,Monsoon,0
SKU024,2025-09-01,104,183962.48,1768.8700000000001,2,75,99,3,46,87,Lighting,Cookware,5539.34,1768.87,0,Monsoon,1
SKU024,2025-09-08,79,139740.72999999998,1768.8700000000001,2,75,99,3,46,87,Lighting,Cookware,5539.34,1768.87,0,Monsoon,1
SKU024,2025-09-15,84,148585.08000000002,1768.8700000000001,2,75,99,3,46,87,Lighting,Cookware,5539.34,1768.87,0,Monsoon,1
SKU024,2025-09-22,80,141509.6,1768.8700000000001,2,75,99,3,46,87,Lighting,Cookware,5539.34,1768.87,0,Monsoon,1
SKU024,2025-09-29,69,122052.03,1768.8700000000001,0,119,126,14,84,267,Lighting,Cookware,5539.34,1768.87,0,Monsoon,0
SKU024,2025-10-06,65,114976.55,1768.8700000000001,0,119,126,14,84,267,Lighting,Cookware,5539.34,1768.87,0,Autumn,0
SKU024,2025-10-13,75,132665.25,1768.8700000000001,0,119,126,14,84,267,Lighting,Cookware,5539.34,1768.87,0,Autumn,0
SKU024,2025-10-20,82,145047.34,1768.8700000000001,0,119,126,14,84,267,Lighting,Cookware,5539.34,1768.87,1,Autumn,0
SKU024,2025-10-27,83,146816.21,1768.8700000000001,2,337,112,3,89,126,Lighting,Cookware,5539.34,1768.87,0,Autumn,1
SKU024,2025-11-03,82,145047.34,1768.8700000000001,2,337,112,3,89,126,Lighting,Cookware,5539.34,1768.87,0,Autumn,1
SKU024,2025-11-10,82,145047.34,1768.8700000000001,2,337,112,3,89,126,Lighting,Cookware,5539.34,1768.87,0,Autumn,1
SKU024,2025-11-17,80,141509.6,1768.8700000000001,2,337,112,3,89,126,Lighting,Cookware,5539.34,1768.87,0,Autumn,1
SKU024,2025-11-24,76,134434.12,1768.8700000000001,2,337,112,3,89,126,Lighting,Cookware,5539.34,1768.87,0,Autumn,1
SKU024,2025-12-01,93,164504.91,1768.8700000000001,0,341,18,14,60,259,Lighting,Cookware,5539.34,1768.87,0,Winter,0
SKU024,2025-12-08,72,127358.64,1768.8700000000001,0,341,18,14,60,259,Lighting,Cookware,5539.34,1768.87,0,Winter,0
SKU024,2025-12-15,85,150353.95,1768.8700000000001,0,341,18,14,60,259,Lighting,Cookware,5539.34,1768.87,0,Winter,0
SKU024,2025-12-22,71,125589.77,1768.8700000000001,0,341,18,14,60,259,Lighting,Cookware,5539.34,1768.87,1,Winter,0
SKU025,2024-01-01,14,161812.14,11558.01,0,34,10,12,7,19,Storage,Lamp,1333.08,11558.01,0,Winter,0
SKU025,2024-01-08,21,242718.21000000002,11558.01,0,34,10,12,7,19,Storage,Lamp,1333.08,11558.01,0,Winter,0
SKU025,2024-01-15,16,184928.16,11558.01,0,34,10,12,7,19,Storage,Lamp,1333.08,11558.01,0,Winter,0
SKU025,2024-01-22,24,277392.24,11558.01,0,34,10,12,7,19,Storage,Lamp,1333.08,11558.01,1,Winter,0
SKU025,2024-01-29,18,208044.18,11558.01,0,532,517,8,211,489,Storage,Lamp,1333.08,11558.01,0,Winter,0
SKU025,2024-02-05,19,219602.19,11558.01,0,532,517,8,211,489,Storage,Lamp,1333.08,11558.01,0,Winter,0
SKU025,2024-02-12,18,208044.18,11558.01,0,532,517,8,211,489,Storage,Lamp,1333.08,11558.01,0,Winter,0
SKU025,2024-02-19,23,265834.23,11558.01,0,532,517,8,211,489,Storage,Lamp,1333.08,11558.01,0,Winter,0
SKU025,2024-02-26,25,288950.25,11558.01,2,585,659,6,137,372,Storage,Lamp,1333.08,11558.01,0,Winter,1
SKU025,2024-03-04,22,254276.22,11558.01,2,585,659,6,137,372,Storage,Lamp,1333.08,11558.01,0,Spring,1
SKU025,2024-03-11,21,242718.21000000002,11558.01,2,585,659,6,137,372,Storage,Lamp,1333.08,11558.01,0,Spring,1
SKU025,2024-03-18,27,312066.27,11558.01,2,585,659,6,137,372,Storage,Lamp,1333.08,11558.01,0,Spring,1
SKU025,2024-03-25,31,358298.31,11558.01,2,585,659,6,137,372,Storage,Lamp,1333.08,11558.01,0,Spring,1
SKU025,2024-04-01,24,277392.24,11558.01,0,1263,1100,10,350,810,Storage,Lamp,1333.08,11558.01,0,Spring,0
SKU025,2024-04-08,19,219602.19,11558.01,0,1263,1100,10,350,810,Storage,Lamp,1333.08,11558.01,0,Spring,0
SKU025,2024-04-15,17,196486.17,11558.01,0,1263,1100,10,350,810,Storage,Lamp,1333.08,11558.01,0,Spring,0
SKU025,2024-04-22,28,323624.28,11558.01,0,1263,1100,10,350,810,Storage,Lamp,1333.08,11558.01,0,Spring,0
SKU025,2024-04-29,19,219602.19,11558.01,0,1015,185,6,307,565,Storage,Lamp,1333.08,11558.01,0,Spring,0
SKU025,2024-05-06,20,231160.2,11558.01,0,1015,185,6,307,565,Storage,Lamp,1333.08,11558.01,0,Summer,0
SKU025,2024-05-13,21,242718.21,11558.01,0,1015,185,6,307,565,Storage,Lamp,1333.08,11558.01,0,Summer,0
SKU025,2024-05-20,15,173370.15,11558.01,0,1015,185,6,307,565,Storage,Lamp,1333.08,11558.01,0,Summer,0
SKU025,2024-05-27,16,184928.16,11558.01,2,1407,841,9,255,626,Storage,Lamp,1333.08,11558.01,0,Summer,1
SKU025,2024-06-03,21,242718.21000000002,11558.01,2,1407,841,9,255,626,Storage,Lamp,1333.08,11558.01,0,Summer,1
SKU025,2024-06-10,16,184928.16,11558.01,2,1407,841,9,255,626,Storage,Lamp,1333.08,11558.01,0,Summer,1
SKU025,2024-06-17,18,208044.18,11558.01,2,1407,841,9,255,626,Storage,Lamp,1333.08,11558.01,0,Summer,1
SKU025,2024-06-24,25,288950.25,11558.01,2,1407,841,9,255,626,Storage,Lamp,1333.08,11558.01,0,Summer,1
SKU025,2024-07-01,24,277392.24,11558.01,0,1339,717,9,199,571,Storage,Lamp,1333.08,11558.01,0,Monsoon,0
SKU025,2024-07-08,23,265834.23,11558.01,0,1339,717,9,199,571,Storage,Lamp,1333.08,11558.01,0,Monsoon,0
SKU025,2024-07-15,16,184928.16,11558.01,0,1339,717,9,199,571,Storage,Lamp,1333.08,11558.01,0,Monsoon,0
SKU025,2024-07-22,14,161812.14,11558.01,0,1339,717,9,199,571,Storage,Lamp,1333.08,11558.01,0,Monsoon,0
SKU025,2024-07-29,18,208044.18,11558.01,0,483,277,11,227,624,Storage,Lamp,1333.08,11558.01,0,Monsoon,0
SKU025,2024-08-05,17,196486.17,11558.01,0,483,277,11,227,624,Storage,Lamp,1333.08,11558.01,0,Monsoon,0
SKU025,2024-08-12,17,196486.17,11558.01,0,483,277,11,227,624,Storage,Lamp,1333.08,11558.01,1,Monsoon,0
SKU025,2024-08-19,19,219602.19,11558.01,0,483,277,11,227,624,Storage,Lamp,1333.08,11558.01,0,Monsoon,0
SKU025,2024-08-26,26,300508.26,11558.01,1,606,242,9,240,537,Storage,Lamp,1333.08,11558.01,0,Monsoon,1
SKU025,2024-09-02,16,184928.16,11558.01,2,606,242,9,240,537,Storage,Lamp,1333.08,11558.01,0,Monsoon,1
SKU025,2024-09-09,17,196486.17,11558.01,2,606,242,9,240,537,Storage,Lamp,1333.08,11558.01,0,Monsoon,1
SKU025,2024-09-16,15,173370.15000000002,11558.01,2,606,242,9,240,537,Storage,Lamp,1333.08,11558.01,0,Monsoon,1
SKU025,2024-09-23,12,138696.12,11558.01,2,606,242,9,240,537,Storage,Lamp,1333.08,11558.01,0,Monsoon,1
SKU025,2024-09-30,14,161812.14,11558.01,0,916,356,11,183,527,Storage,Lamp,1333.08,11558.01,0,Monsoon,0
SKU025,2024-10-07,20,231160.2,11558.01,0,916,356,11,183,527,Storage,Lamp,1333.08,11558.01,0,Autumn,0
SKU025,2024-10-14,26,300508.26,11558.01,0,916,356,11,183,527,Storage,Lamp,1333.08,11558.01,0,Autumn,0
SKU025,2024-10-21,16,184928.16,11558.01,0,916,356,11,183,527,Storage,Lamp,1333.08,11558.01,0,Autumn,0
SKU025,2024-10-28,21,242718.21000000002,11558.01,2,306,647,5,203,338,Storage,Lamp,1333.08,11558.01,1,Autumn,1
SKU025,2024-11-04,18,208044.18,11558.01,2,306,647,5,203,338,Storage,Lamp,1333.08,11558.01,0,Autumn,1
SKU025,2024-11-11,17,196486.17,11558.01,2,306,647,5,203,338,Storage,Lamp,1333.08,11558.01,0,Autumn,1
SKU025,2024-11-18,26,300508.26,11558.01,2,306,647,5,203,338,Storage,Lamp,1333.08,11558.01,0,Autumn,1
SKU025,2024-11-25,5,57790.05,11558.01,1,317,628,3,235,329,Storage,Lamp,1333.08,11558.01,0,Autumn,1
SKU025,2024-12-02,22,254276.22,11558.01,0,317,628,3,235,329,Storage,Lamp,1333.08,11558.01,0,Winter,0
SKU025,2024-12-09,24,277392.24,11558.01,0,317,628,3,235,329,Storage,Lamp,1333.08,11558.01,0,Winter,0
SKU025,2024-12-16,22,254276.22,11558.01,0,317,628,3,235,329,Storage,Lamp,1333.08,11558.01,0,Winter,0
SKU025,2024-12-23,16,184928.16,11558.01,0,317,628,3,235,329,Storage,Lamp,1333.08,11558.01,1,Winter,0
SKU025,2024-12-30,15,173370.15,11558.01,0,968,203,4,162,295,Storage,Lamp,1333.08,11558.01,0,Winter,0
SKU025,2025-01-06,21,242718.21,11558.01,0,968,203,4,162,295,Storage,Lamp,1333.08,11558.01,0,Winter,0
SKU025,2025-01-13,12,138696.12,11558.01,0,968,203,4,162,295,Storage,Lamp,1333.08,11558.01,0,Winter,0
SKU025,2025-01-20,21,242718.21000000002,11558.01,0,968,203,4,162,295,Storage,Lamp,1333.08,11558.01,1,Winter,0
SKU025,2025-01-27,17,196486.16999999998,11558.01,0,448,67,3,196,303,Storage,Lamp,1333.08,11558.01,0,Winter,0
SKU025,2025-02-03,28,323624.28,11558.01,0,448,67,3,196,303,Storage,Lamp,1333.08,11558.01,0,Winter,0
SKU025,2025-02-10,16,184928.16,11558.01,0,448,67,3,196,303,Storage,Lamp,1333.08,11558.01,0,Winter,0
SKU025,2025-02-17,17,196486.16999999998,11558.01,0,448,67,3,196,303,Storage,Lamp,1333.08,11558.01,0,Winter,0
SKU025,2025-02-24,27,312066.27,11558.01,2,298,870,6,225,463,Storage,Lamp,1333.08,11558.01,0,Winter,1
SKU025,2025-03-03,20,231160.2,11558.01,2,298,870,6,225,463,Storage,Lamp,1333.08,11558.01,0,Spring,1
SKU025,2025-03-10,16,184928.16,11558.01,2,298,870,6,225,463,Storage,Lamp,1333.08,11558.01,0,Spring,1
SKU025,2025-03-17,28,323624.28,11558.01,2,298,870,6,225,463,Storage,Lamp,1333.08,11558.01,0,Spring,1
SKU025,2025-03-24,27,312066.27,11558.01,2,298,870,6,225,463,Storage,Lamp,1333.08,11558.01,0,Spring,1
SKU025,2025-03-31,10,115580.1,11558.01,0,292,677,11,166,641,Storage,Lamp,1333.08,11558.01,0,Spring,0
SKU025,2025-04-07,26,300508.26,11558.01,0,292,677,11,166,641,Storage,Lamp,1333.08,11558.01,0,Spring,0
SKU025,2025-04-14,14,161812.14,11558.01,0,292,677,11,166,641,Storage,Lamp,1333.08,11558.01,0,Spring,0
SKU025,2025-04-21,16,184928.16,11558.01,0,292,677,11,166,641,Storage,Lamp,1333.08,11558.01,0,Spring,0
SKU025,2025-04-28,13,150254.13,11558.01,0,847,772,4,303,477,Storage,Lamp,1333.08,11558.01,0,Spring,0
SKU025,2025-05-05,16,184928.16,11558.01,0,847,772,4,303,477,Storage,Lamp,1333.08,11558.01,0,Summer,0
SKU025,2025-05-12,21,242718.21,11558.01,0,847,772,4,303,477,Storage,Lamp,1333.08,11558.01,0,Summer,0
SKU025,2025-05-19,19,219602.19,11558.01,0,847,772,4,303,477,Storage,Lamp,1333.08,11558.01,0,Summer,0
SKU025,2025-05-26,30,346740.3,11558.01,1,1181,324,6,170,407,Storage,Lamp,1333.08,11558.01,0,Summer,1
SKU025,2025-06-02,19,219602.19,11558.01,2,1181,324,6,170,407,Storage,Lamp,1333.08,11558.01,0,Summer,1
SKU025,2025-06-09,23,265834.23,11558.01,2,1181,324,6,170,407,Storage,Lamp,1333.08,11558.01,0,Summer,1
SKU025,2025-06-16,16,184928.16,11558.01,2,1181,324,6,170,407,Storage,Lamp,1333.08,11558.01,0,Summer,1
SKU025,2025-06-23,25,288950.25,11558.01,2,1181,324,6,170,407,Storage,Lamp,1333.08,11558.01,0,Summer,1
SKU025,2025-06-30,18,208044.18,11558.01,0,365,573,7,171,461,Storage,Lamp,1333.08,11558.01,0,Summer,0
SKU025,2025-07-07,15,173370.15,11558.01,0,365,573,7,171,461,Storage,Lamp,1333.08,11558.01,0,Monsoon,0
SKU025,2025-07-14,24,277392.24,11558.01,0,365,573,7,171,461,Storage,Lamp,1333.08,11558.01,0,Monsoon,0
SKU025,2025-07-21,23,265834.23,11558.01,0,365,573,7,171,461,Storage,Lamp,1333.08,11558.01,0,Monsoon,0
SKU025,2025-07-28,20,231160.2,11558.01,0,594,562,8,227,507,Storage,Lamp,1333.08,11558.01,0,Monsoon,0
SKU025,2025-08-04,17,196486.16999999998,11558.01,0,594,562,8,227,507,Storage,Lamp,1333.08,11558.01,0,Monsoon,0
SKU025,2025-08-11,13,150254.13,11558.01,0,594,562,8,227,507,Storage,Lamp,1333.08,11558.01,1,Monsoon,0
SKU025,2025-08-18,18,208044.18,11558.01,0,594,562,8,227,507,Storage,Lamp,1333.08,11558.01,0,Monsoon,0
SKU025,2025-08-25,22,254276.22,11558.01,0,594,562,8,227,507,Storage,Lamp,1333.08,11558.01,0,Monsoon,0
SKU025,2025-09-01,17,196486.17,11558.01,2,322,488,4,160,296,Storage,Lamp,1333.08,11558.01,0,Monsoon,1
SKU025,2025-09-08,16,184928.16,11558.01,2,322,488,4,160,296,Storage,Lamp,1333.08,11558.01,0,Monsoon,1
SKU025,2025-09-15,16,184928.16,11558.01,2,322,488,4,160,296,Storage,Lamp,1333.08,11558.01,0,Monsoon,1
SKU025,2025-09-22,21,242718.21,11558.01,2,322,488,4,160,296,Storage,Lamp,1333.08,11558.01,0,Monsoon,1
SKU025,2025-09-29,12,138696.12,11558.01,0,330,150,4,174,302,Storage,Lamp,1333.08,11558.01,0,Monsoon,0
SKU025,2025-10-06,13,150254.13,11558.01,0,330,150,4,174,302,Storage,Lamp,1333.08,11558.01,0,Autumn,0
SKU025,2025-10-13,17,196486.17,11558.01,0,330,150,4,174,302,Storage,Lamp,1333.08,11558.01,0,Autumn,0
SKU025,2025-10-20,17,196486.17,11558.01,0,330,150,4,174,302,Storage,Lamp,1333.08,11558.01,1,Autumn,0
SKU025,2025-10-27,20,231160.2,11558.01,2,295,53,3,194,278,Storage,Lamp,1333.08,11558.01,0,Autumn,1
SKU025,2025-11-03,18,208044.18,11558.01,2,295,53,3,194,278,Storage,Lamp,1333.08,11558.01,0,Autumn,1
SKU025,2025-11-10,18,208044.18,11558.01,2,295,53,3,194,278,Storage,Lamp,1333.08,11558.01,0,Autumn,1
SKU025,2025-11-17,12,138696.12,11558.01,2,295,53,3,194,278,Storage,Lamp,1333.08,11558.01,0,Autumn,1
SKU025,2025-11-24,9,104022.09,11558.01,2,295,53,3,194,278,Storage,Lamp,1333.08,11558.01,0,Autumn,1
SKU025,2025-12-01,18,208044.18,11558.01,0,1124,61,14,121,582,Storage,Lamp,1333.08,11558.01,0,Winter,0
SKU025,2025-12-08,13,150254.13,11558.01,0,1124,61,14,121,582,Storage,Lamp,1333.08,11558.01,0,Winter,0
SKU025,2025-12-15,14,161812.13999999998,11558.01,0,1124,61,14,121,582,Storage,Lamp,1333.08,11558.01,0,Winter,0
SKU025,2025-12-22,16,184928.16,11558.01,0,1124,61,14,121,582,Storage,Lamp,1333.08,11558.01,1,Winter,0
SKU026,2024-01-01,166,1815963.64,10939.539999999999,0,14,33,11,7,18,Furniture,Shelf,1799.29,10939.54,0,Winter,0
SKU026,2024-01-08,156,1706568.24,10939.539999999999,0,14,33,11,7,18,Furniture,Shelf,1799.29,10939.54,0,Winter,0
SKU026,2024-01-15,152,1662810.08,10939.539999999999,0,14,33,11,7,18,Furniture,Shelf,1799.29,10939.54,0,Winter,0
SKU026,2024-01-22,150,1640931.0,10939.539999999999,0,14,33,11,7,18,Furniture,Shelf,1799.29,10939.54,1,Winter,0
SKU026,2024-01-29,158,1728447.32,10939.539999999999,0,146,65,11,31,101,Furniture,Shelf,1799.29,10939.54,0,Winter,0
SKU026,2024-02-05,195,2133210.3,10939.539999999999,0,146,65,11,31,101,Furniture,Shelf,1799.29,10939.54,0,Winter,0
SKU026,2024-02-12,169,1848782.26,10939.539999999999,0,146,65,11,31,101,Furniture,Shelf,1799.29,10939.54,0,Winter,0
SKU026,2024-02-19,171,1870661.34,10939.539999999999,0,146,65,11,31,101,Furniture,Shelf,1799.29,10939.54,0,Winter,0
SKU026,2024-02-26,161,1761265.94,10939.539999999999,2,140,20,9,35,98,Furniture,Shelf,1799.29,10939.54,0,Winter,1
SKU026,2024-03-04,189,2067573.06,10939.539999999999,2,140,20,9,35,98,Furniture,Shelf,1799.29,10939.54,0,Spring,1
SKU026,2024-03-11,222,2428577.88,10939.539999999999,2,140,20,9,35,98,Furniture,Shelf,1799.29,10939.54,0,Spring,1
SKU026,2024-03-18,202,2209787.08,10939.539999999999,2,140,20,9,35,98,Furniture,Shelf,1799.29,10939.54,0,Spring,1
SKU026,2024-03-25,179,1958177.6600000001,10939.539999999999,2,140,20,9,35,98,Furniture,Shelf,1799.29,10939.54,0,Spring,1
SKU026,2024-04-01,159,1739386.8599999999,10939.539999999999,0,85,5,9,43,110,Furniture,Shelf,1799.29,10939.54,0,Spring,0
SKU026,2024-04-08,196,2144149.84,10939.539999999999,0,85,5,9,43,110,Furniture,Shelf,1799.29,10939.54,0,Spring,0
SKU026,2024-04-15,181,1980056.74,10939.539999999999,0,85,5,9,43,110,Furniture,Shelf,1799.29,10939.54,0,Spring,0
SKU026,2024-04-22,186,2034754.44,10939.539999999999,0,85,5,9,43,110,Furniture,Shelf,1799.29,10939.54,0,Spring,0
SKU026,2024-04-29,174,1903479.96,10939.539999999999,0,198,53,13,53,142,Furniture,Shelf,1799.29,10939.54,0,Spring,0
SKU026,2024-05-06,190,2078512.6,10939.539999999999,0,198,53,13,53,142,Furniture,Shelf,1799.29,10939.54,0,Summer,0
SKU026,2024-05-13,162,1772205.48,10939.539999999999,0,198,53,13,53,142,Furniture,Shelf,1799.29,10939.54,0,Summer,0
SKU026,2024-05-20,180,1969117.2,10939.539999999999,0,198,53,13,53,142,Furniture,Shelf,1799.29,10939.54,0,Summer,0
SKU026,2024-05-27,201,2198847.54,10939.539999999999,2,223,283,13,48,149,Furniture,Shelf,1799.29,10939.54,0,Summer,1
SKU026,2024-06-03,183,2001935.82,10939.539999999999,2,223,283,13,48,149,Furniture,Shelf,1799.29,10939.54,0,Summer,1
SKU026,2024-06-10,175,1914419.5,10939.539999999999,2,223,283,13,48,149,Furniture,Shelf,1799.29,10939.54,0,Summer,1
SKU026,2024-06-17,211,2308242.94,10939.539999999999,2,223,283,13,48,149,Furniture,Shelf,1799.29,10939.54,0,Summer,1
SKU026,2024-06-24,182,1990996.28,10939.539999999999,2,223,283,13,48,149,Furniture,Shelf,1799.29,10939.54,0,Summer,1
SKU026,2024-07-01,163,1783145.02,10939.539999999999,0,220,75,8,41,101,Furniture,Shelf,1799.29,10939.54,0,Monsoon,0
SKU026,2024-07-08,138,1509656.52,10939.539999999999,0,220,75,8,41,101,Furniture,Shelf,1799.29,10939.54,0,Monsoon,0
SKU026,2024-07-15,157,1717507.78,10939.539999999999,0,220,75,8,41,101,Furniture,Shelf,1799.29,10939.54,0,Monsoon,0
SKU026,2024-07-22,137,1498716.98,10939.539999999999,0,220,75,8,41,101,Furniture,Shelf,1799.29,10939.54,0,Monsoon,0
SKU026,2024-07-29,144,1575293.76,10939.539999999999,0,164,72,10,30,84,Furniture,Shelf,1799.29,10939.54,0,Monsoon,0
SKU026,2024-08-05,138,1509656.52,10939.539999999999,0,164,72,10,30,84,Furniture,Shelf,1799.29,10939.54,0,Monsoon,0
SKU026,2024-08-12,138,1509656.52,10939.539999999999,0,164,72,10,30,84,Furniture,Shelf,1799.29,10939.54,1,Monsoon,0
SKU026,2024-08-19,144,1575293.76,10939.539999999999,0,164,72,10,30,84,Furniture,Shelf,1799.29,10939.54,0,Monsoon,0
SKU026,2024-08-26,129,1411200.6600000001,10939.539999999999,1,160,96,7,19,57,Furniture,Shelf,1799.29,10939.54,0,Monsoon,1
SKU026,2024-09-02,146,1597172.8399999999,10939.539999999999,2,160,96,7,19,57,Furniture,Shelf,1799.29,10939.54,0,Monsoon,1
SKU026,2024-09-09,143,1564354.22,10939.539999999999,2,160,96,7,19,57,Furniture,Shelf,1799.29,10939.54,0,Monsoon,1
SKU026,2024-09-16,120,1312744.8,10939.539999999999,2,160,96,7,19,57,Furniture,Shelf,1799.29,10939.54,0,Monsoon,1
SKU026,2024-09-23,129,1411200.6600000001,10939.539999999999,2,160,96,7,19,57,Furniture,Shelf,1799.29,10939.54,0,Monsoon,1
SKU026,2024-09-30,131,1433079.74,10939.539999999999,0,144,7,9,52,111,Furniture,Shelf,1799.29,10939.54,0,Monsoon,0
SKU026,2024-10-07,145,1586233.3,10939.539999999999,0,144,7,9,52,111,Furniture,Shelf,1799.29,10939.54,0,Autumn,0
SKU026,2024-10-14,141,1542475.1400000001,10939.539999999999,0,144,7,9,52,111,Furniture,Shelf,1799.29,10939.54,0,Autumn,0
SKU026,2024-10-21,137,1498716.98,10939.539999999999,0,144,7,9,52,111,Furniture,Shelf,1799.29,10939.54,0,Autumn,0
SKU026,2024-10-28,130,1422140.2,10939.539999999999,2,108,3,6,15,43,Furniture,Shelf,1799.29,10939.54,1,Autumn,1
SKU026,2024-11-04,127,1389321.58,10939.539999999999,2,108,3,6,15,43,Furniture,Shelf,1799.29,10939.54,0,Autumn,1
SKU026,2024-11-11,156,1706568.24,10939.539999999999,2,108,3,6,15,43,Furniture,Shelf,1799.29,10939.54,0,Autumn,1
SKU026,2024-11-18,124,1356502.96,10939.539999999999,2,108,3,6,15,43,Furniture,Shelf,1799.29,10939.54,0,Autumn,1
SKU026,2024-11-25,116,1268986.6400000001,10939.539999999999,1,126,100,14,33,109,Furniture,Shelf,1799.29,10939.54,0,Autumn,1
SKU026,2024-12-02,162,1772205.48,10939.539999999999,0,126,100,14,33,109,Furniture,Shelf,1799.29,10939.54,0,Winter,0
SKU026,2024-12-09,148,1619051.92,10939.539999999999,0,126,100,14,33,109,Furniture,Shelf,1799.29,10939.54,0,Winter,0
SKU026,2024-12-16,131,1433079.74,10939.539999999999,0,126,100,14,33,109,Furniture,Shelf,1799.29,10939.54,0,Winter,0
SKU026,2024-12-23,145,1586233.3,10939.539999999999,0,126,100,14,33,109,Furniture,Shelf,1799.29,10939.54,1,Winter,0
SKU026,2024-12-30,147,1608112.38,10939.539999999999,0,201,108,14,42,128,Furniture,Shelf,1799.29,10939.54,0,Winter,0
SKU026,2025-01-06,165,1805024.1,10939.539999999999,0,201,108,14,42,128,Furniture,Shelf,1799.29,10939.54,0,Winter,0
SKU026,2025-01-13,136,1487777.44,10939.539999999999,0,201,108,14,42,128,Furniture,Shelf,1799.29,10939.54,0,Winter,0
SKU026,2025-01-20,165,1805024.0999999999,10939.539999999999,0,201,108,14,42,128,Furniture,Shelf,1799.29,10939.54,1,Winter,0
SKU026,2025-01-27,161,1761265.94,10939.539999999999,0,29,162,11,42,104,Furniture,Shelf,1799.29,10939.54,0,Winter,0
SKU026,2025-02-03,170,1859721.8,10939.539999999999,0,29,162,11,42,104,Furniture,Shelf,1799.29,10939.54,0,Winter,0
SKU026,2025-02-10,166,1815963.6400000001,10939.539999999999,0,29,162,11,42,104,Furniture,Shelf,1799.29,10939.54,0,Winter,0
SKU026,2025-02-17,177,1936298.58,10939.539999999999,0,29,162,11,42,104,Furniture,Shelf,1799.29,10939.54,0,Winter,0
SKU026,2025-02-24,169,1848782.26,10939.539999999999,2,40,20,10,38,101,Furniture,Shelf,1799.29,10939.54,0,Winter,1
SKU026,2025-03-03,173,1892540.42,10939.539999999999,2,40,20,10,38,101,Furniture,Shelf,1799.29,10939.54,0,Spring,1
SKU026,2025-03-10,197,2155089.38,10939.539999999999,2,40,20,10,38,101,Furniture,Shelf,1799.29,10939.54,0,Spring,1
SKU026,2025-03-17,207,2264484.78,10939.539999999999,2,40,20,10,38,101,Furniture,Shelf,1799.29,10939.54,0,Spring,1
SKU026,2025-03-24,202,2209787.08,10939.539999999999,2,40,20,10,38,101,Furniture,Shelf,1799.29,10939.54,0,Spring,1
SKU026,2025-03-31,174,1903479.96,10939.539999999999,0,65,33,8,25,80,Furniture,Shelf,1799.29,10939.54,0,Spring,0
SKU026,2025-04-07,195,2133210.3,10939.539999999999,0,65,33,8,25,80,Furniture,Shelf,1799.29,10939.54,0,Spring,0
SKU026,2025-04-14,160,1750326.4,10939.539999999999,0,65,33,8,25,80,Furniture,Shelf,1799.29,10939.54,0,Spring,0
SKU026,2025-04-21,189,2067573.06,10939.539999999999,0,65,33,8,25,80,Furniture,Shelf,1799.29,10939.54,0,Spring,0
SKU026,2025-04-28,179,1958177.6600000001,10939.539999999999,0,136,42,6,40,85,Furniture,Shelf,1799.29,10939.54,0,Spring,0
SKU026,2025-05-05,177,1936298.58,10939.539999999999,0,136,42,6,40,85,Furniture,Shelf,1799.29,10939.54,0,Summer,0
SKU026,2025-05-12,184,2012875.36,10939.539999999999,0,136,42,6,40,85,Furniture,Shelf,1799.29,10939.54,0,Summer,0
SKU026,2025-05-19,177,1936298.58,10939.539999999999,0,136,42,6,40,85,Furniture,Shelf,1799.29,10939.54,0,Summer,0
SKU026,2025-05-26,206,2253545.2399999998,10939.539999999999,1,75,119,10,41,112,Furniture,Shelf,1799.29,10939.54,0,Summer,1
SKU026,2025-06-02,199,2176968.46,10939.539999999999,2,75,119,10,41,112,Furniture,Shelf,1799.29,10939.54,0,Summer,1
SKU026,2025-06-09,201,2198847.54,10939.539999999999,2,75,119,10,41,112,Furniture,Shelf,1799.29,10939.54,0,Summer,1
SKU026,2025-06-16,171,1870661.34,10939.539999999999,2,75,119,10,41,112,Furniture,Shelf,1799.29,10939.54,0,Summer,1
SKU026,2025-06-23,161,1761265.94,10939.539999999999,2,75,119,10,41,112,Furniture,Shelf,1799.29,10939.54,0,Summer,1
SKU026,2025-06-30,150,1640931.0,10939.539999999999,0,172,248,13,52,138,Furniture,Shelf,1799.29,10939.54,0,Summer,0
SKU026,2025-07-07,153,1673749.6199999999,10939.539999999999,0,172,248,13,52,138,Furniture,Shelf,1799.29,10939.54,0,Monsoon,0
SKU026,2025-07-14,155,1695628.7,10939.539999999999,0,172,248,13,52,138,Furniture,Shelf,1799.29,10939.54,0,Monsoon,0
SKU026,2025-07-21,173,1892540.42,10939.539999999999,0,172,248,13,52,138,Furniture,Shelf,1799.29,10939.54,0,Monsoon,0
SKU026,2025-07-28,156,1706568.24,10939.539999999999,0,96,90,12,20,97,Furniture,Shelf,1799.29,10939.54,0,Monsoon,0
SKU026,2025-08-04,150,1640931.0,10939.539999999999,0,96,90,12,20,97,Furniture,Shelf,1799.29,10939.54,0,Monsoon,0
SKU026,2025-08-11,128,1400261.12,10939.539999999999,0,96,90,12,20,97,Furniture,Shelf,1799.29,10939.54,1,Monsoon,0
SKU026,2025-08-18,123,1345563.42,10939.539999999999,0,96,90,12,20,97,Furniture,Shelf,1799.29,10939.54,0,Monsoon,0
SKU026,2025-08-25,129,1411200.6600000001,10939.539999999999,0,96,90,12,20,97,Furniture,Shelf,1799.29,10939.54,0,Monsoon,0
SKU026,2025-09-01,153,1673749.62,10939.539999999999,2,110,18,3,25,41,Furniture,Shelf,1799.29,10939.54,0,Monsoon,1
SKU026,2025-09-08,124,1356502.96,10939.539999999999,2,110,18,3,25,41,Furniture,Shelf,1799.29,10939.54,0,Monsoon,1
SKU026,2025-09-15,138,1509656.52,10939.539999999999,2,110,18,3,25,41,Furniture,Shelf,1799.29,10939.54,0,Monsoon,1
SKU026,2025-09-22,132,1444019.28,10939.539999999999,2,110,18,3,25,41,Furniture,Shelf,1799.29,10939.54,0,Monsoon,1
SKU026,2025-09-29,114,1247107.56,10939.539999999999,0,56,39,13,42,115,Furniture,Shelf,1799.29,10939.54,0,Monsoon,0
SKU026,2025-10-06,135,1476837.9,10939.539999999999,0,56,39,13,42,115,Furniture,Shelf,1799.29,10939.54,0,Autumn,0
SKU026,2025-10-13,138,1509656.52,10939.539999999999,0,56,39,13,42,115,Furniture,Shelf,1799.29,10939.54,0,Autumn,0
SKU026,2025-10-20,124,1356502.96,10939.539999999999,0,56,39,13,42,115,Furniture,Shelf,1799.29,10939.54,1,Autumn,0
SKU026,2025-10-27,141,1542475.1400000001,10939.539999999999,2,47,59,12,20,77,Furniture,Shelf,1799.29,10939.54,0,Autumn,1
SKU026,2025-11-03,127,1389321.58,10939.539999999999,2,47,59,12,20,77,Furniture,Shelf,1799.29,10939.54,0,Autumn,1
SKU026,2025-11-10,130,1422140.2,10939.539999999999,2,47,59,12,20,77,Furniture,Shelf,1799.29,10939.54,0,Autumn,1
SKU026,2025-11-17,128,1400261.12,10939.539999999999,2,47,59,12,20,77,Furniture,Shelf,1799.29,10939.54,0,Autumn,1
SKU026,2025-11-24,126,1378382.04,10939.539999999999,2,47,59,12,20,77,Furniture,Shelf,1799.29,10939.54,0,Autumn,1
SKU026,2025-12-01,157,1717507.78,10939.539999999999,0,160,70,5,31,59,Furniture,Shelf,1799.29,10939.54,0,Winter,0
SKU026,2025-12-08,128,1400261.12,10939.539999999999,0,160,70,5,31,59,Furniture,Shelf,1799.29,10939.54,0,Winter,0
SKU026,2025-12-15,156,1706568.24,10939.539999999999,0,160,70,5,31,59,Furniture,Shelf,1799.29,10939.54,0,Winter,0
SKU026,2025-12-22,135,1476837.9,10939.539999999999,0,160,70,5,31,59,Furniture,Shelf,1799.29,10939.54,1,Winter,0
SKU027,2024-01-01,162,1379689.2,8516.6,0,25,1,11,5,16,Home Decor,Cabinet,307.06,8516.6,0,Winter,0
SKU027,2024-01-08,170,1447822.0,8516.6,0,25,1,11,5,16,Home Decor,Cabinet,307.06,8516.6,0,Winter,0
SKU027,2024-01-15,170,1447822.0,8516.6,0,25,1,11,5,16,Home Decor,Cabinet,307.06,8516.6,0,Winter,0
SKU027,2024-01-22,145,1234907.0,8516.6,0,25,1,11,5,16,Home Decor,Cabinet,307.06,8516.6,1,Winter,0
SKU027,2024-01-29,182,1550021.2,8516.6,0,568,306,7,69,198,Home Decor,Cabinet,307.06,8516.6,0,Winter,0
SKU027,2024-02-05,188,1601120.8,8516.6,0,568,306,7,69,198,Home Decor,Cabinet,307.06,8516.6,0,Winter,0
SKU027,2024-02-12,177,1507438.2,8516.6,0,568,306,7,69,198,Home Decor,Cabinet,307.06,8516.6,0,Winter,0
SKU027,2024-02-19,158,1345622.8,8516.6,0,568,306,7,69,198,Home Decor,Cabinet,307.06,8516.6,0,Winter,0
SKU027,2024-02-26,188,1601120.8,8516.6,2,536,487,11,76,313,Home Decor,Cabinet,307.06,8516.6,0,Winter,1
SKU027,2024-03-04,212,1805519.2,8516.6,2,536,487,11,76,313,Home Decor,Cabinet,307.06,8516.6,0,Spring,1
SKU027,2024-03-11,214,1822552.4000000001,8516.6,2,536,487,11,76,313,Home Decor,Cabinet,307.06,8516.6,0,Spring,1
SKU027,2024-03-18,195,1660737.0,8516.6,2,536,487,11,76,313,Home Decor,Cabinet,307.06,8516.6,0,Spring,1
SKU027,2024-03-25,195,1660737.0,8516.6,2,536,487,11,76,313,Home Decor,Cabinet,307.06,8516.6,0,Spring,1
SKU027,2024-04-01,200,1703320.0,8516.6,0,177,97,13,160,462,Home Decor,Cabinet,307.06,8516.6,0,Spring,0
SKU027,2024-04-08,181,1541504.6,8516.6,0,177,97,13,160,462,Home Decor,Cabinet,307.06,8516.6,0,Spring,0
SKU027,2024-04-15,185,1575571.0,8516.6,0,177,97,13,160,462,Home Decor,Cabinet,307.06,8516.6,0,Spring,0
SKU027,2024-04-22,205,1745903.0,8516.6,0,177,97,13,160,462,Home Decor,Cabinet,307.06,8516.6,0,Spring,0
SKU027,2024-04-29,188,1601120.8,8516.6,0,562,459,10,160,388,Home Decor,Cabinet,307.06,8516.6,0,Spring,0
SKU027,2024-05-06,194,1652220.4,8516.6,0,562,459,10,160,388,Home Decor,Cabinet,307.06,8516.6,0,Summer,0
SKU027,2024-05-13,196,1669253.6,8516.6,0,562,459,10,160,388,Home Decor,Cabinet,307.06,8516.6,0,Summer,0
SKU027,2024-05-20,193,1643703.8,8516.6,0,562,459,10,160,388,Home Decor,Cabinet,307.06,8516.6,0,Summer,0
SKU027,2024-05-27,210,1788486.0,8516.6,2,712,434,13,142,412,Home Decor,Cabinet,307.06,8516.6,0,Summer,1
SKU027,2024-06-03,179,1524471.4,8516.6,2,712,434,13,142,412,Home Decor,Cabinet,307.06,8516.6,0,Summer,1
SKU027,2024-06-10,219,1865135.4,8516.6,2,712,434,13,142,412,Home Decor,Cabinet,307.06,8516.6,0,Summer,1
SKU027,2024-06-17,200,1703320.0,8516.6,2,712,434,13,142,412,Home Decor,Cabinet,307.06,8516.6,0,Summer,1
SKU027,2024-06-24,178,1515954.8,8516.6,2,712,434,13,142,412,Home Decor,Cabinet,307.06,8516.6,0,Summer,1
SKU027,2024-07-01,149,1268973.4,8516.6,0,519,230,5,153,259,Home Decor,Cabinet,307.06,8516.6,0,Monsoon,0
SKU027,2024-07-08,168,1430788.8,8516.6,0,519,230,5,153,259,Home Decor,Cabinet,307.06,8516.6,0,Monsoon,0
SKU027,2024-07-15,167,1422272.2,8516.6,0,519,230,5,153,259,Home Decor,Cabinet,307.06,8516.6,0,Monsoon,0
SKU027,2024-07-22,154,1311556.4,8516.6,0,519,230,5,153,259,Home Decor,Cabinet,307.06,8516.6,0,Monsoon,0
SKU027,2024-07-29,151,1286006.6,8516.6,0,579,183,5,127,213,Home Decor,Cabinet,307.06,8516.6,0,Monsoon,0
SKU027,2024-08-05,149,1268973.4,8516.6,0,579,183,5,127,213,Home Decor,Cabinet,307.06,8516.6,0,Monsoon,0
SKU027,2024-08-12,158,1345622.8,8516.6,0,579,183,5,127,213,Home Decor,Cabinet,307.06,8516.6,1,Monsoon,0
SKU027,2024-08-19,165,1405239.0,8516.6,0,579,183,5,127,213,Home Decor,Cabinet,307.06,8516.6,0,Monsoon,0
SKU027,2024-08-26,154,1311556.4,8516.6,1,350,44,13,82,296,Home Decor,Cabinet,307.06,8516.6,0,Monsoon,1
SKU027,2024-09-02,127,1081608.2,8516.6,2,350,44,13,82,296,Home Decor,Cabinet,307.06,8516.6,0,Monsoon,1
SKU027,2024-09-09,134,1141224.4,8516.6,2,350,44,13,82,296,Home Decor,Cabinet,307.06,8516.6,0,Monsoon,1
SKU027,2024-09-16,143,1217873.8,8516.6,2,350,44,13,82,296,Home Decor,Cabinet,307.06,8516.6,0,Monsoon,1
SKU027,2024-09-23,156,1328589.6,8516.6,2,350,44,13,82,296,Home Decor,Cabinet,307.06,8516.6,0,Monsoon,1
SKU027,2024-09-30,126,1073091.6,8516.6,0,501,40,9,128,278,Home Decor,Cabinet,307.06,8516.6,0,Monsoon,0
SKU027,2024-10-07,126,1073091.6,8516.6,0,501,40,9,128,278,Home Decor,Cabinet,307.06,8516.6,0,Autumn,0
SKU027,2024-10-14,121,1030508.6,8516.6,0,501,40,9,128,278,Home Decor,Cabinet,307.06,8516.6,0,Autumn,0
SKU027,2024-10-21,151,1286006.6,8516.6,0,501,40,9,128,278,Home Decor,Cabinet,307.06,8516.6,0,Autumn,0
SKU027,2024-10-28,138,1175290.8,8516.6,2,439,385,14,108,333,Home Decor,Cabinet,307.06,8516.6,1,Autumn,1
SKU027,2024-11-04,143,1217873.8,8516.6,2,439,385,14,108,333,Home Decor,Cabinet,307.06,8516.6,0,Autumn,1
SKU027,2024-11-11,153,1303039.8,8516.6,2,439,385,14,108,333,Home Decor,Cabinet,307.06,8516.6,0,Autumn,1
SKU027,2024-11-18,163,1388205.8,8516.6,2,439,385,14,108,333,Home Decor,Cabinet,307.06,8516.6,0,Autumn,1
SKU027,2024-11-25,152,1294523.2,8516.6,1,460,43,3,61,111,Home Decor,Cabinet,307.06,8516.6,0,Autumn,1
SKU027,2024-12-02,153,1303039.8,8516.6,0,460,43,3,61,111,Home Decor,Cabinet,307.06,8516.6,0,Winter,0
SKU027,2024-12-09,154,1311556.4,8516.6,0,460,43,3,61,111,Home Decor,Cabinet,307.06,8516.6,0,Winter,0
SKU027,2024-12-16,133,1132707.8,8516.6,0,460,43,3,61,111,Home Decor,Cabinet,307.06,8516.6,0,Winter,0
SKU027,2024-12-23,172,1464855.2,8516.6,0,460,43,3,61,111,Home Decor,Cabinet,307.06,8516.6,1,Winter,0
SKU027,2024-12-30,185,1575571.0,8516.6,0,99,310,13,54,272,Home Decor,Cabinet,307.06,8516.6,0,Winter,0
SKU027,2025-01-06,167,1422272.2,8516.6,0,99,310,13,54,272,Home Decor,Cabinet,307.06,8516.6,0,Winter,0
SKU027,2025-01-13,190,1618154.0,8516.6,0,99,310,13,54,272,Home Decor,Cabinet,307.06,8516.6,0,Winter,0
SKU027,2025-01-20,179,1524471.4,8516.6,0,99,310,13,54,272,Home Decor,Cabinet,307.06,8516.6,1,Winter,0
SKU027,2025-01-27,160,1362656.0,8516.6,0,205,215,6,104,211,Home Decor,Cabinet,307.06,8516.6,0,Winter,0
SKU027,2025-02-03,197,1677770.2,8516.6,0,205,215,6,104,211,Home Decor,Cabinet,307.06,8516.6,0,Winter,0
SKU027,2025-02-10,187,1592604.2,8516.6,0,205,215,6,104,211,Home Decor,Cabinet,307.06,8516.6,0,Winter,0
SKU027,2025-02-17,156,1328589.5999999999,8516.6,0,205,215,6,104,211,Home Decor,Cabinet,307.06,8516.6,0,Winter,0
SKU027,2025-02-24,204,1737386.4,8516.6,2,232,96,7,79,220,Home Decor,Cabinet,307.06,8516.6,0,Winter,1
SKU027,2025-03-03,206,1754419.6,8516.6,2,232,96,7,79,220,Home Decor,Cabinet,307.06,8516.6,0,Spring,1
SKU027,2025-03-10,219,1865135.4,8516.6,2,232,96,7,79,220,Home Decor,Cabinet,307.06,8516.6,0,Spring,1
SKU027,2025-03-17,216,1839585.6,8516.6,2,232,96,7,79,220,Home Decor,Cabinet,307.06,8516.6,0,Spring,1
SKU027,2025-03-24,206,1754419.6,8516.6,2,232,96,7,79,220,Home Decor,Cabinet,307.06,8516.6,0,Spring,1
SKU027,2025-03-31,188,1601120.7999999998,8516.6,0,775,125,11,108,380,Home Decor,Cabinet,307.06,8516.6,0,Spring,0
SKU027,2025-04-07,195,1660737.0,8516.6,0,775,125,11,108,380,Home Decor,Cabinet,307.06,8516.6,0,Spring,0
SKU027,2025-04-14,228,1941784.8,8516.6,0,775,125,11,108,380,Home Decor,Cabinet,307.06,8516.6,0,Spring,0
SKU027,2025-04-21,180,1532988.0,8516.6,0,775,125,11,108,380,Home Decor,Cabinet,307.06,8516.6,0,Spring,0
SKU027,2025-04-28,188,1601120.8,8516.6,0,614,389,12,68,332,Home Decor,Cabinet,307.06,8516.6,0,Spring,0
SKU027,2025-05-05,180,1532988.0,8516.6,0,614,389,12,68,332,Home Decor,Cabinet,307.06,8516.6,0,Summer,0
SKU027,2025-05-12,209,1779969.4,8516.6,0,614,389,12,68,332,Home Decor,Cabinet,307.06,8516.6,0,Summer,0
SKU027,2025-05-19,204,1737386.4,8516.6,0,614,389,12,68,332,Home Decor,Cabinet,307.06,8516.6,0,Summer,0
SKU027,2025-05-26,195,1660737.0,8516.6,1,534,9,6,144,268,Home Decor,Cabinet,307.06,8516.6,0,Summer,1
SKU027,2025-06-02,181,1541504.5999999999,8516.6,2,534,9,6,144,268,Home Decor,Cabinet,307.06,8516.6,0,Summer,1
SKU027,2025-06-09,165,1405239.0,8516.6,2,534,9,6,144,268,Home Decor,Cabinet,307.06,8516.6,0,Summer,1
SKU027,2025-06-16,193,1643703.8,8516.6,2,534,9,6,144,268,Home Decor,Cabinet,307.06,8516.6,0,Summer,1
SKU027,2025-06-23,183,1558537.7999999998,8516.6,2,534,9,6,144,268,Home Decor,Cabinet,307.06,8516.6,0,Summer,1
SKU027,2025-06-30,165,1405239.0,8516.6,0,281,658,11,117,351,Home Decor,Cabinet,307.06,8516.6,0,Summer,0
SKU027,2025-07-07,185,1575571.0,8516.6,0,281,658,11,117,351,Home Decor,Cabinet,307.06,8516.6,0,Monsoon,0
SKU027,2025-07-14,163,1388205.8,8516.6,0,281,658,11,117,351,Home Decor,Cabinet,307.06,8516.6,0,Monsoon,0
SKU027,2025-07-21,155,1320073.0,8516.6,0,281,658,11,117,351,Home Decor,Cabinet,307.06,8516.6,0,Monsoon,0
SKU027,2025-07-28,156,1328589.6,8516.6,0,263,604,11,127,340,Home Decor,Cabinet,307.06,8516.6,0,Monsoon,0
SKU027,2025-08-04,120,1021992.0,8516.6,0,263,604,11,127,340,Home Decor,Cabinet,307.06,8516.6,0,Monsoon,0
SKU027,2025-08-11,146,1243423.6,8516.6,0,263,604,11,127,340,Home Decor,Cabinet,307.06,8516.6,1,Monsoon,0
SKU027,2025-08-18,145,1234907.0,8516.6,0,263,604,11,127,340,Home Decor,Cabinet,307.06,8516.6,0,Monsoon,0
SKU027,2025-08-25,138,1175290.8,8516.6,0,263,604,11,127,340,Home Decor,Cabinet,307.06,8516.6,0,Monsoon,0
SKU027,2025-09-01,167,1422272.2,8516.6,2,368,36,6,102,206,Home Decor,Cabinet,307.06,8516.6,0,Monsoon,1
SKU027,2025-09-08,143,1217873.8,8516.6,2,368,36,6,102,206,Home Decor,Cabinet,307.06,8516.6,0,Monsoon,1
SKU027,2025-09-15,158,1345622.8,8516.6,2,368,36,6,102,206,Home Decor,Cabinet,307.06,8516.6,0,Monsoon,1
SKU027,2025-09-22,150,1277490.0,8516.6,2,368,36,6,102,206,Home Decor,Cabinet,307.06,8516.6,0,Monsoon,1
SKU027,2025-09-29,151,1286006.6,8516.6,0,133,79,3,76,123,Home Decor,Cabinet,307.06,8516.6,0,Monsoon,0
SKU027,2025-10-06,149,1268973.4,8516.6,0,133,79,3,76,123,Home Decor,Cabinet,307.06,8516.6,0,Autumn,0
SKU027,2025-10-13,127,1081608.2,8516.6,0,133,79,3,76,123,Home Decor,Cabinet,307.06,8516.6,0,Autumn,0
SKU027,2025-10-20,130,1107158.0,8516.6,0,133,79,3,76,123,Home Decor,Cabinet,307.06,8516.6,1,Autumn,0
SKU027,2025-10-27,136,1158257.6,8516.6,2,540,365,9,90,230,Home Decor,Cabinet,307.06,8516.6,0,Autumn,1
SKU027,2025-11-03,147,1251940.2,8516.6,2,540,365,9,90,230,Home Decor,Cabinet,307.06,8516.6,0,Autumn,1
SKU027,2025-11-10,149,1268973.4,8516.6,2,540,365,9,90,230,Home Decor,Cabinet,307.06,8516.6,0,Autumn,1
SKU027,2025-11-17,163,1388205.8,8516.6,2,540,365,9,90,230,Home Decor,Cabinet,307.06,8516.6,0,Autumn,1
SKU027,2025-11-24,162,1379689.2,8516.6,2,540,365,9,90,230,Home Decor,Cabinet,307.06,8516.6,0,Autumn,1
SKU027,2025-12-01,153,1303039.8,8516.6,0,567,103,3,83,133,Home Decor,Cabinet,307.06,8516.6,0,Winter,0
SKU027,2025-12-08,161,1371172.6,8516.6,0,567,103,3,83,133,Home Decor,Cabinet,307.06,8516.6,0,Winter,0
SKU027,2025-12-15,182,1550021.2,8516.6,0,567,103,3,83,133,Home Decor,Cabinet,307.06,8516.6,0,Winter,0
SKU027,2025-12-22,144,1226390.4,8516.6,0,567,103,3,83,133,Home Decor,Cabinet,307.06,8516.6,1,Winter,0
SKU028,2024-01-01,32,111490.88,3484.09,0,5,3,9,7,16,Kitchen,Rug,6348.66,3484.09,0,Winter,0
SKU028,2024-01-08,35,121943.15000000001,3484.09,0,5,3,9,7,16,Kitchen,Rug,6348.66,3484.09,0,Winter,0
SKU028,2024-01-15,39,135879.51,3484.09,0,5,3,9,7,16,Kitchen,Rug,6348.66,3484.09,0,Winter,0
SKU028,2024-01-22,34,118459.06,3484.09,0,5,3,9,7,16,Kitchen,Rug,6348.66,3484.09,1,Winter,0
SKU028,2024-01-29,40,139363.6,3484.09,0,711,290,8,104,272,Kitchen,Rug,6348.66,3484.09,0,Winter,0
SKU028,2024-02-05,37,128911.33,3484.09,0,711,290,8,104,272,Kitchen,Rug,6348.66,3484.09,0,Winter,0
SKU028,2024-02-12,43,149815.87,3484.09,0,711,290,8,104,272,Kitchen,Rug,6348.66,3484.09,0,Winter,0
SKU028,2024-02-19,34,118459.06,3484.09,0,711,290,8,104,272,Kitchen,Rug,6348.66,3484.09,0,Winter,0
SKU028,2024-02-26,44,153299.96000000002,3484.09,2,292,420,8,152,323,Kitchen,Rug,6348.66,3484.09,0,Winter,1
SKU028,2024-03-04,54,188140.86000000002,3484.09,2,292,420,8,152,323,Kitchen,Rug,6348.66,3484.09,0,Spring,1
SKU028,2024-03-11,43,149815.87,3484.09,2,292,420,8,152,323,Kitchen,Rug,6348.66,3484.09,0,Spring,1
SKU028,2024-03-18,47,163752.23,3484.09,2,292,420,8,152,323,Kitchen,Rug,6348.66,3484.09,0,Spring,1
SKU028,2024-03-25,56,195109.04,3484.09,2,292,420,8,152,323,Kitchen,Rug,6348.66,3484.09,0,Spring,1
SKU028,2024-04-01,47,163752.23,3484.09,0,841,202,6,142,306,Kitchen,Rug,6348.66,3484.09,0,Spring,0
SKU028,2024-04-08,50,174204.5,3484.09,0,841,202,6,142,306,Kitchen,Rug,6348.66,3484.09,0,Spring,0
SKU028,2024-04-15,56,195109.04,3484.09,0,841,202,6,142,306,Kitchen,Rug,6348.66,3484.09,0,Spring,0
SKU028,2024-04-22,44,153299.96,3484.09,0,841,202,6,142,306,Kitchen,Rug,6348.66,3484.09,0,Spring,0
SKU028,2024-04-29,40,139363.6,3484.09,0,184,578,10,124,367,Kitchen,Rug,6348.66,3484.09,0,Spring,0
SKU028,2024-05-06,45,156784.05000000002,3484.09,0,184,578,10,124,367,Kitchen,Rug,6348.66,3484.09,0,Summer,0
SKU028,2024-05-13,53,184656.77,3484.09,0,184,578,10,124,367,Kitchen,Rug,6348.66,3484.09,0,Summer,0
SKU028,2024-05-20,40,139363.6,3484.09,0,184,578,10,124,367,Kitchen,Rug,6348.66,3484.09,0,Summer,0
SKU028,2024-05-27,52,181172.68,3484.09,2,405,318,11,118,377,Kitchen,Rug,6348.66,3484.09,0,Summer,1
SKU028,2024-06-03,32,111490.88,3484.09,2,405,318,11,118,377,Kitchen,Rug,6348.66,3484.09,0,Summer,1
SKU028,2024-06-10,48,167236.32,3484.09,2,405,318,11,118,377,Kitchen,Rug,6348.66,3484.09,0,Summer,1
SKU028,2024-06-17,52,181172.68,3484.09,2,405,318,11,118,377,Kitchen,Rug,6348.66,3484.09,0,Summer,1
SKU028,2024-06-24,52,181172.68,3484.09,2,405,318,11,118,377,Kitchen,Rug,6348.66,3484.09,0,Summer,1
SKU028,2024-07-01,42,146331.78,3484.09,0,248,741,13,153,484,Kitchen,Rug,6348.66,3484.09,0,Monsoon,0
SKU028,2024-07-08,37,128911.33,3484.09,0,248,741,13,153,484,Kitchen,Rug,6348.66,3484.09,0,Monsoon,0
SKU028,2024-07-15,39,135879.51,3484.09,0,248,741,13,153,484,Kitchen,Rug,6348.66,3484.09,0,Monsoon,0
SKU028,2024-07-22,46,160268.14,3484.09,0,248,741,13,153,484,Kitchen,Rug,6348.66,3484.09,0,Monsoon,0
SKU028,2024-07-29,30,104522.70000000001,3484.09,0,361,54,3,110,172,Kitchen,Rug,6348.66,3484.09,0,Monsoon,0
SKU028,2024-08-05,28,97554.52,3484.09,0,361,54,3,110,172,Kitchen,Rug,6348.66,3484.09,0,Monsoon,0
SKU028,2024-08-12,31,108006.79000000001,3484.09,0,361,54,3,110,172,Kitchen,Rug,6348.66,3484.09,1,Monsoon,0
SKU028,2024-08-19,37,128911.33,3484.09,0,361,54,3,110,172,Kitchen,Rug,6348.66,3484.09,0,Monsoon,0
SKU028,2024-08-26,31,108006.79000000001,3484.09,1,315,95,6,71,176,Kitchen,Rug,6348.66,3484.09,0,Monsoon,1
SKU028,2024-09-02,41,142847.69,3484.09,2,315,95,6,71,176,Kitchen,Rug,6348.66,3484.09,0,Monsoon,1
SKU028,2024-09-09,26,90586.34,3484.09,2,315,95,6,71,176,Kitchen,Rug,6348.66,3484.09,0,Monsoon,1
SKU028,2024-09-16,44,153299.96000000002,3484.09,2,315,95,6,71,176,Kitchen,Rug,6348.66,3484.09,0,Monsoon,1
SKU028,2024-09-23,25,87102.25,3484.09,2,315,95,6,71,176,Kitchen,Rug,6348.66,3484.09,0,Monsoon,1
SKU028,2024-09-30,36,125427.24,3484.09,0,345,118,3,69,127,Kitchen,Rug,6348.66,3484.09,0,Monsoon,0
SKU028,2024-10-07,29,101038.61,3484.09,0,345,118,3,69,127,Kitchen,Rug,6348.66,3484.09,0,Autumn,0
SKU028,2024-10-14,34,118459.06,3484.09,0,345,118,3,69,127,Kitchen,Rug,6348.66,3484.09,0,Autumn,0
SKU028,2024-10-21,26,90586.34,3484.09,0,345,118,3,69,127,Kitchen,Rug,6348.66,3484.09,0,Autumn,0
SKU028,2024-10-28,40,139363.6,3484.09,2,541,280,12,70,292,Kitchen,Rug,6348.66,3484.09,1,Autumn,1
SKU028,2024-11-04,32,111490.88,3484.09,2,541,280,12,70,292,Kitchen,Rug,6348.66,3484.09,0,Autumn,1
SKU028,2024-11-11,33,114974.97,3484.09,2,541,280,12,70,292,Kitchen,Rug,6348.66,3484.09,0,Autumn,1
SKU028,2024-11-18,30,104522.70000000001,3484.09,2,541,280,12,70,292,Kitchen,Rug,6348.66,3484.09,0,Autumn,1
SKU028,2024-11-25,41,142847.69,3484.09,1,390,122,6,61,177,Kitchen,Rug,6348.66,3484.09,0,Autumn,1
SKU028,2024-12-02,36,125427.23999999999,3484.09,0,390,122,6,61,177,Kitchen,Rug,6348.66,3484.09,0,Winter,0
SKU028,2024-12-09,48,167236.32,3484.09,0,390,122,6,61,177,Kitchen,Rug,6348.66,3484.09,0,Winter,0
SKU028,2024-12-16,45,156784.05,3484.09,0,390,122,6,61,177,Kitchen,Rug,6348.66,3484.09,0,Winter,0
SKU028,2024-12-23,37,128911.33,3484.09,0,390,122,6,61,177,Kitchen,Rug,6348.66,3484.09,1,Winter,0
SKU028,2024-12-30,47,163752.23,3484.09,0,323,232,10,128,313,Kitchen,Rug,6348.66,3484.09,0,Winter,0
SKU028,2025-01-06,41,142847.69,3484.09,0,323,232,10,128,313,Kitchen,Rug,6348.66,3484.09,0,Winter,0
SKU028,2025-01-13,43,149815.87,3484.09,0,323,232,10,128,313,Kitchen,Rug,6348.66,3484.09,0,Winter,0
SKU028,2025-01-20,42,146331.78,3484.09,0,323,232,10,128,313,Kitchen,Rug,6348.66,3484.09,1,Winter,0
SKU028,2025-01-27,38,132395.42,3484.09,0,583,312,11,146,372,Kitchen,Rug,6348.66,3484.09,0,Winter,0
SKU028,2025-02-03,44,153299.96000000002,3484.09,0,583,312,11,146,372,Kitchen,Rug,6348.66,3484.09,0,Winter,0
SKU028,2025-02-10,37,128911.33,3484.09,0,583,312,11,146,372,Kitchen,Rug,6348.66,3484.09,0,Winter,0
SKU028,2025-02-17,32,111490.88,3484.09,0,583,312,11,146,372,Kitchen,Rug,6348.66,3484.09,0,Winter,0
SKU028,2025-02-24,41,142847.69,3484.09,2,162,596,10,167,407,Kitchen,Rug,6348.66,3484.09,0,Winter,1
SKU028,2025-03-03,52,181172.68,3484.09,2,162,596,10,167,407,Kitchen,Rug,6348.66,3484.09,0,Spring,1
SKU028,2025-03-10,43,149815.87,3484.09,2,162,596,10,167,407,Kitchen,Rug,6348.66,3484.09,0,Spring,1
SKU028,2025-03-17,50,174204.5,3484.09,2,162,596,10,167,407,Kitchen,Rug,6348.66,3484.09,0,Spring,1
SKU028,2025-03-24,54,188140.86000000002,3484.09,2,162,596,10,167,407,Kitchen,Rug,6348.66,3484.09,0,Spring,1
SKU028,2025-03-31,36,125427.24,3484.09,0,243,4,3,139,212,Kitchen,Rug,6348.66,3484.09,0,Spring,0
SKU028,2025-04-07,42,146331.78,3484.09,0,243,4,3,139,212,Kitchen,Rug,6348.66,3484.09,0,Spring,0
SKU028,2025-04-14,44,153299.96000000002,3484.09,0,243,4,3,139,212,Kitchen,Rug,6348.66,3484.09,0,Spring,0
SKU028,2025-04-21,49,170720.41,3484.09,0,243,4,3,139,212,Kitchen,Rug,6348.66,3484.09,0,Spring,0
SKU028,2025-04-28,44,153299.96000000002,3484.09,0,455,166,10,101,358,Kitchen,Rug,6348.66,3484.09,0,Spring,0
SKU028,2025-05-05,49,170720.41,3484.09,0,455,166,10,101,358,Kitchen,Rug,6348.66,3484.09,0,Summer,0
SKU028,2025-05-12,48,167236.32,3484.09,0,455,166,10,101,358,Kitchen,Rug,6348.66,3484.09,0,Summer,0
SKU028,2025-05-19,52,181172.68,3484.09,0,455,166,10,101,358,Kitchen,Rug,6348.66,3484.09,0,Summer,0
SKU028,2025-05-26,40,139363.6,3484.09,1,435,276,12,103,399,Kitchen,Rug,6348.66,3484.09,0,Summer,1
SKU028,2025-06-02,49,170720.41,3484.09,2,435,276,12,103,399,Kitchen,Rug,6348.66,3484.09,0,Summer,1
SKU028,2025-06-09,41,142847.69,3484.09,2,435,276,12,103,399,Kitchen,Rug,6348.66,3484.09,0,Summer,1
SKU028,2025-06-16,41,142847.69,3484.09,2,435,276,12,103,399,Kitchen,Rug,6348.66,3484.09,0,Summer,1
SKU028,2025-06-23,43,149815.87,3484.09,2,435,276,12,103,399,Kitchen,Rug,6348.66,3484.09,0,Summer,1
SKU028,2025-06-30,32,111490.88,3484.09,0,823,18,6,125,268,Kitchen,Rug,6348.66,3484.09,0,Summer,0
SKU028,2025-07-07,46,160268.14,3484.09,0,823,18,6,125,268,Kitchen,Rug,6348.66,3484.09,0,Monsoon,0
SKU028,2025-07-14,42,146331.78,3484.09,0,823,18,6,125,268,Kitchen,Rug,6348.66,3484.09,0,Monsoon,0
SKU028,2025-07-21,36,125427.24,3484.09,0,823,18,6,125,268,Kitchen,Rug,6348.66,3484.09,0,Monsoon,0
SKU028,2025-07-28,35,121943.15000000001,3484.09,0,584,303,6,72,193,Kitchen,Rug,6348.66,3484.09,0,Monsoon,0
SKU028,2025-08-04,40,139363.6,3484.09,0,584,303,6,72,193,Kitchen,Rug,6348.66,3484.09,0,Monsoon,0
SKU028,2025-08-11,31,108006.79000000001,3484.09,0,584,303,6,72,193,Kitchen,Rug,6348.66,3484.09,1,Monsoon,0
SKU028,2025-08-18,27,94070.43000000001,3484.09,0,584,303,6,72,193,Kitchen,Rug,6348.66,3484.09,0,Monsoon,0
SKU028,2025-08-25,45,156784.05000000002,3484.09,0,584,303,6,72,193,Kitchen,Rug,6348.66,3484.09,0,Monsoon,0
SKU028,2025-09-01,35,121943.15000000001,3484.09,2,149,313,3,103,159,Kitchen,Rug,6348.66,3484.09,0,Monsoon,1
SKU028,2025-09-08,36,125427.24,3484.09,2,149,313,3,103,159,Kitchen,Rug,6348.66,3484.09,0,Monsoon,1
SKU028,2025-09-15,34,118459.06,3484.09,2,149,313,3,103,159,Kitchen,Rug,6348.66,3484.09,0,Monsoon,1
SKU028,2025-09-22,30,104522.70000000001,3484.09,2,149,313,3,103,159,Kitchen,Rug,6348.66,3484.09,0,Monsoon,1
SKU028,2025-09-29,18,62713.62,3484.09,0,269,142,7,136,258,Kitchen,Rug,6348.66,3484.09,0,Monsoon,0
SKU028,2025-10-06,31,108006.79000000001,3484.09,0,269,142,7,136,258,Kitchen,Rug,6348.66,3484.09,0,Autumn,0
SKU028,2025-10-13,32,111490.88,3484.09,0,269,142,7,136,258,Kitchen,Rug,6348.66,3484.09,0,Autumn,0
SKU028,2025-10-20,30,104522.70000000001,3484.09,0,269,142,7,136,258,Kitchen,Rug,6348.66,3484.09,1,Autumn,0
SKU028,2025-10-27,31,108006.79000000001,3484.09,2,491,548,14,61,317,Kitchen,Rug,6348.66,3484.09,0,Autumn,1
SKU028,2025-11-03,30,104522.70000000001,3484.09,2,491,548,14,61,317,Kitchen,Rug,6348.66,3484.09,0,Autumn,1
SKU028,2025-11-10,40,139363.6,3484.09,2,491,548,14,61,317,Kitchen,Rug,6348.66,3484.09,0,Autumn,1
SKU028,2025-11-17,39,135879.51,3484.09,2,491,548,14,61,317,Kitchen,Rug,6348.66,3484.09,0,Autumn,1
SKU028,2025-11-24,34,118459.06,3484.09,2,491,548,14,61,317,Kitchen,Rug,6348.66,3484.09,0,Autumn,1
SKU028,2025-12-01,40,139363.6,3484.09,0,174,55,11,114,337,Kitchen,Rug,6348.66,3484.09,0,Winter,0
SKU028,2025-12-08,25,87102.25,3484.09,0,174,55,11,114,337,Kitchen,Rug,6348.66,3484.09,0,Winter,0
SKU028,2025-12-15,22,76649.98000000001,3484.09,0,174,55,11,114,337,Kitchen,Rug,6348.66,3484.09,0,Winter,0
SKU028,2025-12-22,31,108006.79000000001,3484.09,0,174,55,11,114,337,Kitchen,Rug,6348.66,3484.09,1,Winter,0
SKU029,2024-01-01,114,1327239.3,11642.45,0,5,17,13,5,18,Lighting,Organizer,5402.59,11642.45,0,Winter,0
SKU029,2024-01-08,120,1397094.0,11642.45,0,5,17,13,5,18,Lighting,Organizer,5402.59,11642.45,0,Winter,0
SKU029,2024-01-15,93,1082747.8499999999,11642.45,0,5,17,13,5,18,Lighting,Organizer,5402.59,11642.45,0,Winter,0
SKU029,2024-01-22,94,1094390.3,11642.45,0,5,17,13,5,18,Lighting,Organizer,5402.59,11642.45,1,Winter,0
SKU029,2024-01-29,109,1269027.05,11642.45,0,429,569,5,190,333,Lighting,Organizer,5402.59,11642.45,0,Winter,0
SKU029,2024-02-05,102,1187529.9,11642.45,0,429,569,5,190,333,Lighting,Organizer,5402.59,11642.45,0,Winter,0
SKU029,2024-02-12,114,1327239.3,11642.45,0,429,569,5,190,333,Lighting,Organizer,5402.59,11642.45,0,Winter,0
SKU029,2024-02-19,112,1303954.4,11642.45,0,429,569,5,190,333,Lighting,Organizer,5402.59,11642.45,0,Winter,0
SKU029,2024-02-26,115,1338881.75,11642.45,2,346,111,14,119,537,Lighting,Organizer,5402.59,11642.45,0,Winter,1
SKU029,2024-03-04,131,1525160.95,11642.45,2,346,111,14,119,537,Lighting,Organizer,5402.59,11642.45,0,Spring,1
SKU029,2024-03-11,133,1548445.85,11642.45,2,346,111,14,119,537,Lighting,Organizer,5402.59,11642.45,0,Spring,1
SKU029,2024-03-18,142,1653227.9,11642.45,2,346,111,14,119,537,Lighting,Organizer,5402.59,11642.45,0,Spring,1
SKU029,2024-03-25,125,1455306.25,11642.45,2,346,111,14,119,537,Lighting,Organizer,5402.59,11642.45,0,Spring,1
SKU029,2024-04-01,117,1362166.65,11642.45,0,230,223,11,164,561,Lighting,Organizer,5402.59,11642.45,0,Spring,0
SKU029,2024-04-08,139,1618300.55,11642.45,0,230,223,11,164,561,Lighting,Organizer,5402.59,11642.45,0,Spring,0
SKU029,2024-04-15,126,1466948.7,11642.45,0,230,223,11,164,561,Lighting,Organizer,5402.59,11642.45,0,Spring,0
SKU029,2024-04-22,125,1455306.25,11642.45,0,230,223,11,164,561,Lighting,Organizer,5402.59,11642.45,0,Spring,0
SKU029,2024-04-29,117,1362166.65,11642.45,0,176,580,13,162,612,Lighting,Organizer,5402.59,11642.45,0,Spring,0
SKU029,2024-05-06,116,1350524.2,11642.45,0,176,580,13,162,612,Lighting,Organizer,5402.59,11642.45,0,Summer,0
SKU029,2024-05-13,117,1362166.65,11642.45,0,176,580,13,162,612,Lighting,Organizer,5402.59,11642.45,0,Summer,0
SKU029,2024-05-20,134,1560088.3,11642.45,0,176,580,13,162,612,Lighting,Organizer,5402.59,11642.45,0,Summer,0
SKU029,2024-05-27,132,1536803.4,11642.45,2,207,198,13,212,624,Lighting,Organizer,5402.59,11642.45,0,Summer,1
SKU029,2024-06-03,129,1501876.05,11642.45,2,207,198,13,212,624,Lighting,Organizer,5402.59,11642.45,0,Summer,1
SKU029,2024-06-10,142,1653227.9,11642.45,2,207,198,13,212,624,Lighting,Organizer,5402.59,11642.45,0,Summer,1
SKU029,2024-06-17,128,1490233.5999999999,11642.45,2,207,198,13,212,624,Lighting,Organizer,5402.59,11642.45,0,Summer,1
SKU029,2024-06-24,127,1478591.15,11642.45,2,207,198,13,212,624,Lighting,Organizer,5402.59,11642.45,0,Summer,1
SKU029,2024-07-01,118,1373809.0999999999,11642.45,0,1041,413,6,216,414,Lighting,Organizer,5402.59,11642.45,0,Monsoon,0
SKU029,2024-07-08,101,1175887.45,11642.45,0,1041,413,6,216,414,Lighting,Organizer,5402.59,11642.45,0,Monsoon,0
SKU029,2024-07-15,86,1001250.7,11642.45,0,1041,413,6,216,414,Lighting,Organizer,5402.59,11642.45,0,Monsoon,0
SKU029,2024-07-22,134,1560088.3,11642.45,0,1041,413,6,216,414,Lighting,Organizer,5402.59,11642.45,0,Monsoon,0
SKU029,2024-07-29,100,1164245.0,11642.45,0,631,27,12,159,507,Lighting,Organizer,5402.59,11642.45,0,Monsoon,0
SKU029,2024-08-05,98,1140960.0999999999,11642.45,0,631,27,12,159,507,Lighting,Organizer,5402.59,11642.45,0,Monsoon,0
SKU029,2024-08-12,107,1245742.15,11642.45,0,631,27,12,159,507,Lighting,Organizer,5402.59,11642.45,1,Monsoon,0
SKU029,2024-08-19,106,1234099.7,11642.45,0,631,27,12,159,507,Lighting,Organizer,5402.59,11642.45,0,Monsoon,0
SKU029,2024-08-26,99,1152602.55,11642.45,1,378,423,11,177,469,Lighting,Organizer,5402.59,11642.45,0,Monsoon,1
SKU029,2024-09-02,109,1269027.05,11642.45,2,378,423,11,177,469,Lighting,Organizer,5402.59,11642.45,0,Monsoon,1
SKU029,2024-09-09,104,1210814.8,11642.45,2,378,423,11,177,469,Lighting,Organizer,5402.59,11642.45,0,Monsoon,1
SKU029,2024-09-16,93,1082747.85,11642.45,2,378,423,11,177,469,Lighting,Organizer,5402.59,11642.45,0,Monsoon,1
SKU029,2024-09-23,93,1082747.85,11642.45,2,378,423,11,177,469,Lighting,Organizer,5402.59,11642.45,0,Monsoon,1
SKU029,2024-09-30,98,1140960.1,11642.45,0,243,364,10,99,368,Lighting,Organizer,5402.59,11642.45,0,Monsoon,0
SKU029,2024-10-07,96,1117675.2,11642.45,0,243,364,10,99,368,Lighting,Organizer,5402.59,11642.45,0,Autumn,0
SKU029,2024-10-14,90,1047820.5,11642.45,0,243,364,10,99,368,Lighting,Organizer,5402.59,11642.45,0,Autumn,0
SKU029,2024-10-21,96,1117675.2,11642.45,0,243,364,10,99,368,Lighting,Organizer,5402.59,11642.45,0,Autumn,0
SKU029,2024-10-28,75,873183.75,11642.45,2,493,262,4,87,187,Lighting,Organizer,5402.59,11642.45,1,Autumn,1
SKU029,2024-11-04,95,1106032.75,11642.45,2,493,262,4,87,187,Lighting,Organizer,5402.59,11642.45,0,Autumn,1
SKU029,2024-11-11,110,1280669.5,11642.45,2,493,262,4,87,187,Lighting,Organizer,5402.59,11642.45,0,Autumn,1
SKU029,2024-11-18,114,1327239.3,11642.45,2,493,262,4,87,187,Lighting,Organizer,5402.59,11642.45,0,Autumn,1
SKU029,2024-11-25,83,966323.35,11642.45,1,516,565,7,113,296,Lighting,Organizer,5402.59,11642.45,0,Autumn,1
SKU029,2024-12-02,110,1280669.5,11642.45,0,516,565,7,113,296,Lighting,Organizer,5402.59,11642.45,0,Winter,0
SKU029,2024-12-09,95,1106032.75,11642.45,0,516,565,7,113,296,Lighting,Organizer,5402.59,11642.45,0,Winter,0
SKU029,2024-12-16,109,1269027.05,11642.45,0,516,565,7,113,296,Lighting,Organizer,5402.59,11642.45,0,Winter,0
SKU029,2024-12-23,96,1117675.2,11642.45,0,516,565,7,113,296,Lighting,Organizer,5402.59,11642.45,1,Winter,0
SKU029,2024-12-30,114,1327239.3,11642.45,0,673,161,3,83,160,Lighting,Organizer,5402.59,11642.45,0,Winter,0
SKU029,2025-01-06,110,1280669.5,11642.45,0,673,161,3,83,160,Lighting,Organizer,5402.59,11642.45,0,Winter,0
SKU029,2025-01-13,124,1443663.8,11642.45,0,673,161,3,83,160,Lighting,Organizer,5402.59,11642.45,0,Winter,0
SKU029,2025-01-20,91,1059462.95,11642.45,0,673,161,3,83,160,Lighting,Organizer,5402.59,11642.45,1,Winter,0
SKU029,2025-01-27,111,1292311.95,11642.45,0,651,305,6,173,349,Lighting,Organizer,5402.59,11642.45,0,Winter,0
SKU029,2025-02-03,105,1222457.25,11642.45,0,651,305,6,173,349,Lighting,Organizer,5402.59,11642.45,0,Winter,0
SKU029,2025-02-10,127,1478591.15,11642.45,0,651,305,6,173,349,Lighting,Organizer,5402.59,11642.45,0,Winter,0
SKU029,2025-02-17,118,1373809.1,11642.45,0,651,305,6,173,349,Lighting,Organizer,5402.59,11642.45,0,Winter,0
SKU029,2025-02-24,116,1350524.2,11642.45,2,533,427,4,113,240,Lighting,Organizer,5402.59,11642.45,0,Winter,1
SKU029,2025-03-03,127,1478591.15,11642.45,2,533,427,4,113,240,Lighting,Organizer,5402.59,11642.45,0,Spring,1
SKU029,2025-03-10,106,1234099.7,11642.45,2,533,427,4,113,240,Lighting,Organizer,5402.59,11642.45,0,Spring,1
SKU029,2025-03-17,147,1711440.15,11642.45,2,533,427,4,113,240,Lighting,Organizer,5402.59,11642.45,0,Spring,1
SKU029,2025-03-24,132,1536803.4,11642.45,2,533,427,4,113,240,Lighting,Organizer,5402.59,11642.45,0,Spring,1
SKU029,2025-03-31,136,1583373.2,11642.45,0,544,266,11,107,488,Lighting,Organizer,5402.59,11642.45,0,Spring,0
SKU029,2025-04-07,120,1397094.0,11642.45,0,544,266,11,107,488,Lighting,Organizer,5402.59,11642.45,0,Spring,0
SKU029,2025-04-14,131,1525160.95,11642.45,0,544,266,11,107,488,Lighting,Organizer,5402.59,11642.45,0,Spring,0
SKU029,2025-04-21,120,1397094.0,11642.45,0,544,266,11,107,488,Lighting,Organizer,5402.59,11642.45,0,Spring,0
SKU029,2025-04-28,116,1350524.2,11642.45,0,516,644,10,195,518,Lighting,Organizer,5402.59,11642.45,0,Spring,0
SKU029,2025-05-05,127,1478591.15,11642.45,0,516,644,10,195,518,Lighting,Organizer,5402.59,11642.45,0,Summer,0
SKU029,2025-05-12,142,1653227.9,11642.45,0,516,644,10,195,518,Lighting,Organizer,5402.59,11642.45,0,Summer,0
SKU029,2025-05-19,130,1513518.5,11642.45,0,516,644,10,195,518,Lighting,Organizer,5402.59,11642.45,0,Summer,0
SKU029,2025-05-26,133,1548445.8499999999,11642.45,1,338,257,8,179,457,Lighting,Organizer,5402.59,11642.45,0,Summer,1
SKU029,2025-06-02,117,1362166.65,11642.45,2,338,257,8,179,457,Lighting,Organizer,5402.59,11642.45,0,Summer,1
SKU029,2025-06-09,121,1408736.45,11642.45,2,338,257,8,179,457,Lighting,Organizer,5402.59,11642.45,0,Summer,1
SKU029,2025-06-16,122,1420378.9,11642.45,2,338,257,8,179,457,Lighting,Organizer,5402.59,11642.45,0,Summer,1
SKU029,2025-06-23,114,1327239.3,11642.45,2,338,257,8,179,457,Lighting,Organizer,5402.59,11642.45,0,Summer,1
SKU029,2025-06-30,102,1187529.9,11642.45,0,242,99,7,147,378,Lighting,Organizer,5402.59,11642.45,0,Summer,0
SKU029,2025-07-07,107,1245742.15,11642.45,0,242,99,7,147,378,Lighting,Organizer,5402.59,11642.45,0,Monsoon,0
SKU029,2025-07-14,112,1303954.4,11642.45,0,242,99,7,147,378,Lighting,Organizer,5402.59,11642.45,0,Monsoon,0
SKU029,2025-07-21,120,1397094.0,11642.45,0,242,99,7,147,378,Lighting,Organizer,5402.59,11642.45,0,Monsoon,0
SKU029,2025-07-28,97,1129317.65,11642.45,0,773,394,6,169,338,Lighting,Organizer,5402.59,11642.45,0,Monsoon,0
SKU029,2025-08-04,93,1082747.85,11642.45,0,773,394,6,169,338,Lighting,Organizer,5402.59,11642.45,0,Monsoon,0
SKU029,2025-08-11,113,1315596.85,11642.45,0,773,394,6,169,338,Lighting,Organizer,5402.59,11642.45,1,Monsoon,0
SKU029,2025-08-18,114,1327239.3,11642.45,0,773,394,6,169,338,Lighting,Organizer,5402.59,11642.45,0,Monsoon,0
SKU029,2025-08-25,103,1199172.35,11642.45,0,773,394,6,169,338,Lighting,Organizer,5402.59,11642.45,0,Monsoon,0
SKU029,2025-09-01,90,1047820.5,11642.45,2,664,989,14,102,501,Lighting,Organizer,5402.59,11642.45,0,Monsoon,1
SKU029,2025-09-08,89,1036178.0499999999,11642.45,2,664,989,14,102,501,Lighting,Organizer,5402.59,11642.45,0,Monsoon,1
SKU029,2025-09-15,105,1222457.25,11642.45,2,664,989,14,102,501,Lighting,Organizer,5402.59,11642.45,0,Monsoon,1
SKU029,2025-09-22,86,1001250.7,11642.45,2,664,989,14,102,501,Lighting,Organizer,5402.59,11642.45,0,Monsoon,1
SKU029,2025-09-29,78,908111.1,11642.45,0,684,138,9,164,381,Lighting,Organizer,5402.59,11642.45,0,Monsoon,0
SKU029,2025-10-06,92,1071105.4,11642.45,0,684,138,9,164,381,Lighting,Organizer,5402.59,11642.45,0,Autumn,0
SKU029,2025-10-13,85,989608.25,11642.45,0,684,138,9,164,381,Lighting,Organizer,5402.59,11642.45,0,Autumn,0
SKU029,2025-10-20,98,1140960.1,11642.45,0,684,138,9,164,381,Lighting,Organizer,5402.59,11642.45,1,Autumn,0
SKU029,2025-10-27,104,1210814.8,11642.45,2,317,287,4,95,194,Lighting,Organizer,5402.59,11642.45,0,Autumn,1
SKU029,2025-11-03,88,1024535.6000000001,11642.45,2,317,287,4,95,194,Lighting,Organizer,5402.59,11642.45,0,Autumn,1
SKU029,2025-11-10,98,1140960.1,11642.45,2,317,287,4,95,194,Lighting,Organizer,5402.59,11642.45,0,Autumn,1
SKU029,2025-11-17,97,1129317.65,11642.45,2,317,287,4,95,194,Lighting,Organizer,5402.59,11642.45,0,Autumn,1
SKU029,2025-11-24,96,1117675.2,11642.45,2,317,287,4,95,194,Lighting,Organizer,5402.59,11642.45,0,Autumn,1
SKU029,2025-12-01,87,1012893.15,11642.45,0,261,520,5,196,329,Lighting,Organizer,5402.59,11642.45,0,Winter,0
SKU029,2025-12-08,115,1338881.75,11642.45,0,261,520,5,196,329,Lighting,Organizer,5402.59,11642.45,0,Winter,0
SKU029,2025-12-15,104,1210814.8,11642.45,0,261,520,5,196,329,Lighting,Organizer,5402.59,11642.45,0,Winter,0
SKU029,2025-12-22,97,1129317.65,11642.45,0,261,520,5,196,329,Lighting,Organizer,5402.59,11642.45,1,Winter,0
SKU030,2024-01-01,39,367906.89,9433.51,0,30,23,10,5,15,Storage,Sofa,5715.03,9433.51,0,Winter,0
SKU030,2024-01-08,41,386773.91000000003,9433.51,0,30,23,10,5,15,Storage,Sofa,5715.03,9433.51,0,Winter,0
SKU030,2024-01-15,23,216970.73,9433.51,0,30,23,10,5,15,Storage,Sofa,5715.03,9433.51,0,Winter,0
SKU030,2024-01-22,28,264138.28,9433.51,0,30,23,10,5,15,Storage,Sofa,5715.03,9433.51,1,Winter,0
SKU030,2024-01-29,29,273571.79,9433.51,0,68,61,9,52,115,Storage,Sofa,5715.03,9433.51,0,Winter,0
SKU030,2024-02-05,30,283005.3,9433.51,0,68,61,9,52,115,Storage,Sofa,5715.03,9433.51,0,Winter,0
SKU030,2024-02-12,36,339606.36,9433.51,0,68,61,9,52,115,Storage,Sofa,5715.03,9433.51,0,Winter,0
SKU030,2024-02-19,42,396207.42,9433.51,0,68,61,9,52,115,Storage,Sofa,5715.03,9433.51,0,Winter,0
SKU030,2024-02-26,43,405640.93,9433.51,2,115,22,4,48,76,Storage,Sofa,5715.03,9433.51,0,Winter,1
SKU030,2024-03-04,22,207537.22,9433.51,2,115,22,4,48,76,Storage,Sofa,5715.03,9433.51,0,Spring,1
SKU030,2024-03-11,38,358473.38,9433.51,2,115,22,4,48,76,Storage,Sofa,5715.03,9433.51,0,Spring,1
SKU030,2024-03-18,43,405640.93000000005,9433.51,2,115,22,4,48,76,Storage,Sofa,5715.03,9433.51,0,Spring,1
SKU030,2024-03-25,36,339606.36,9433.51,2,115,22,4,48,76,Storage,Sofa,5715.03,9433.51,0,Spring,1
SKU030,2024-04-01,45,424507.95,9433.51,0,85,76,4,48,83,Storage,Sofa,5715.03,9433.51,0,Spring,0
SKU030,2024-04-08,40,377340.4,9433.51,0,85,76,4,48,83,Storage,Sofa,5715.03,9433.51,0,Spring,0
SKU030,2024-04-15,38,358473.38,9433.51,0,85,76,4,48,83,Storage,Sofa,5715.03,9433.51,0,Spring,0
SKU030,2024-04-22,36,339606.36000000004,9433.51,0,85,76,4,48,83,Storage,Sofa,5715.03,9433.51,0,Spring,0
SKU030,2024-04-29,35,330172.85000000003,9433.51,0,99,13,14,29,149,Storage,Sofa,5715.03,9433.51,0,Spring,0
SKU030,2024-05-06,41,386773.91000000003,9433.51,0,99,13,14,29,149,Storage,Sofa,5715.03,9433.51,0,Summer,0
SKU030,2024-05-13,42,396207.42000000004,9433.51,0,99,13,14,29,149,Storage,Sofa,5715.03,9433.51,0,Summer,0
SKU030,2024-05-20,47,443374.97,9433.51,0,99,13,14,29,149,Storage,Sofa,5715.03,9433.51,0,Summer,0
SKU030,2024-05-27,40,377340.4,9433.51,2,199,185,9,56,125,Storage,Sofa,5715.03,9433.51,0,Summer,1
SKU030,2024-06-03,29,273571.79000000004,9433.51,2,199,185,9,56,125,Storage,Sofa,5715.03,9433.51,0,Summer,1
SKU030,2024-06-10,47,443374.97000000003,9433.51,2,199,185,9,56,125,Storage,Sofa,5715.03,9433.51,0,Summer,1
SKU030,2024-06-17,28,264138.28,9433.51,2,199,185,9,56,125,Storage,Sofa,5715.03,9433.51,0,Summer,1
SKU030,2024-06-24,30,283005.3,9433.51,2,199,185,9,56,125,Storage,Sofa,5715.03,9433.51,0,Summer,1
SKU030,2024-07-01,36,339606.36,9433.51,0,292,138,6,63,120,Storage,Sofa,5715.03,9433.51,0,Monsoon,0
SKU030,2024-07-08,27,254704.77000000002,9433.51,0,292,138,6,63,120,Storage,Sofa,5715.03,9433.51,0,Monsoon,0
SKU030,2024-07-15,27,254704.77000000002,9433.51,0,292,138,6,63,120,Storage,Sofa,5715.03,9433.51,0,Monsoon,0
SKU030,2024-07-22,32,301872.32,9433.51,0,292,138,6,63,120,Storage,Sofa,5715.03,9433.51,0,Monsoon,0
SKU030,2024-07-29,38,358473.38,9433.51,0,200,146,7,41,86,Storage,Sofa,5715.03,9433.51,0,Monsoon,0
SKU030,2024-08-05,45,424507.95,9433.51,0,200,146,7,41,86,Storage,Sofa,5715.03,9433.51,0,Monsoon,0
SKU030,2024-08-12,25,235837.75,9433.51,0,200,146,7,41,86,Storage,Sofa,5715.03,9433.51,1,Monsoon,0
SKU030,2024-08-19,30,283005.3,9433.51,0,200,146,7,41,86,Storage,Sofa,5715.03,9433.51,0,Monsoon,0
SKU030,2024-08-26,39,367906.89,9433.51,1,185,64,6,46,84,Storage,Sofa,5715.03,9433.51,0,Monsoon,1
SKU030,2024-09-02,26,245271.26,9433.51,2,185,64,6,46,84,Storage,Sofa,5715.03,9433.51,0,Monsoon,1
SKU030,2024-09-09,30,283005.3,9433.51,2,185,64,6,46,84,Storage,Sofa,5715.03,9433.51,0,Monsoon,1
SKU030,2024-09-16,32,301872.32,9433.51,2,185,64,6,46,84,Storage,Sofa,5715.03,9433.51,0,Monsoon,1
SKU030,2024-09-23,37,349039.87,9433.51,2,185,64,6,46,84,Storage,Sofa,5715.03,9433.51,0,Monsoon,1
SKU030,2024-09-30,22,207537.22,9433.51,0,163,41,3,32,52,Storage,Sofa,5715.03,9433.51,0,Monsoon,0
SKU030,2024-10-07,18,169803.18,9433.51,0,163,41,3,32,52,Storage,Sofa,5715.03,9433.51,0,Autumn,0
SKU030,2024-10-14,31,292438.81,9433.51,0,163,41,3,32,52,Storage,Sofa,5715.03,9433.51,0,Autumn,0
SKU030,2024-10-21,26,245271.26,9433.51,0,163,41,3,32,52,Storage,Sofa,5715.03,9433.51,0,Autumn,0
SKU030,2024-10-28,27,254704.77,9433.51,2,76,114,6,27,60,Storage,Sofa,5715.03,9433.51,1,Autumn,1
SKU030,2024-11-04,28,264138.28,9433.51,2,76,114,6,27,60,Storage,Sofa,5715.03,9433.51,0,Autumn,1
SKU030,2024-11-11,30,283005.3,9433.51,2,76,114,6,27,60,Storage,Sofa,5715.03,9433.51,0,Autumn,1
SKU030,2024-11-18,30,283005.3,9433.51,2,76,114,6,27,60,Storage,Sofa,5715.03,9433.51,0,Autumn,1
SKU030,2024-11-25,32,301872.32,9433.51,1,183,76,8,21,75,Storage,Sofa,5715.03,9433.51,0,Autumn,1
SKU030,2024-12-02,30,283005.3,9433.51,0,183,76,8,21,75,Storage,Sofa,5715.03,9433.51,0,Winter,0
SKU030,2024-12-09,38,358473.38,9433.51,0,183,76,8,21,75,Storage,Sofa,5715.03,9433.51,0,Winter,0
SKU030,2024-12-16,32,301872.32,9433.51,0,183,76,8,21,75,Storage,Sofa,5715.03,9433.51,0,Winter,0
SKU030,2024-12-23,27,254704.77000000002,9433.51,0,183,76,8,21,75,Storage,Sofa,5715.03,9433.51,1,Winter,0
SKU030,2024-12-30,21,198103.71,9433.51,0,179,46,6,23,60,Storage,Sofa,5715.03,9433.51,0,Winter,0
SKU030,2025-01-06,31,292438.81,9433.51,0,179,46,6,23,60,Storage,Sofa,5715.03,9433.51,0,Winter,0
SKU030,2025-01-13,34,320739.33999999997,9433.51,0,179,46,6,23,60,Storage,Sofa,5715.03,9433.51,0,Winter,0
SKU030,2025-01-20,36,339606.36,9433.51,0,179,46,6,23,60,Storage,Sofa,5715.03,9433.51,1,Winter,0
SKU030,2025-01-27,26,245271.26,9433.51,0,193,58,13,21,114,Storage,Sofa,5715.03,9433.51,0,Winter,0
SKU030,2025-02-03,41,386773.91000000003,9433.51,0,193,58,13,21,114,Storage,Sofa,5715.03,9433.51,0,Winter,0
SKU030,2025-02-10,31,292438.81,9433.51,0,193,58,13,21,114,Storage,Sofa,5715.03,9433.51,0,Winter,0
SKU030,2025-02-17,39,367906.89,9433.51,0,193,58,13,21,114,Storage,Sofa,5715.03,9433.51,0,Winter,0
SKU030,2025-02-24,47,443374.97000000003,9433.51,2,79,80,12,29,123,Storage,Sofa,5715.03,9433.51,0,Winter,1
SKU030,2025-03-03,39,367906.89,9433.51,2,79,80,12,29,123,Storage,Sofa,5715.03,9433.51,0,Spring,1
SKU030,2025-03-10,32,301872.32,9433.51,2,79,80,12,29,123,Storage,Sofa,5715.03,9433.51,0,Spring,1
SKU030,2025-03-17,44,415074.44,9433.51,2,79,80,12,29,123,Storage,Sofa,5715.03,9433.51,0,Spring,1
SKU030,2025-03-24,40,377340.4,9433.51,2,79,80,12,29,123,Storage,Sofa,5715.03,9433.51,0,Spring,1
SKU030,2025-03-31,30,283005.3,9433.51,0,271,64,3,45,72,Storage,Sofa,5715.03,9433.51,0,Spring,0
SKU030,2025-04-07,35,330172.85,9433.51,0,271,64,3,45,72,Storage,Sofa,5715.03,9433.51,0,Spring,0
SKU030,2025-04-14,31,292438.81,9433.51,0,271,64,3,45,72,Storage,Sofa,5715.03,9433.51,0,Spring,0
SKU030,2025-04-21,40,377340.4,9433.51,0,271,64,3,45,72,Storage,Sofa,5715.03,9433.51,0,Spring,0
SKU030,2025-04-28,44,415074.44,9433.51,0,227,115,4,51,86,Storage,Sofa,5715.03,9433.51,0,Spring,0
SKU030,2025-05-05,30,283005.30000000005,9433.51,0,227,115,4,51,86,Storage,Sofa,5715.03,9433.51,0,Summer,0
SKU030,2025-05-12,37,349039.87,9433.51,0,227,115,4,51,86,Storage,Sofa,5715.03,9433.51,0,Summer,0
SKU030,2025-05-19,38,358473.38,9433.51,0,227,115,4,51,86,Storage,Sofa,5715.03,9433.51,0,Summer,0
SKU030,2025-05-26,39,367906.89,9433.51,1,265,76,3,30,54,Storage,Sofa,5715.03,9433.51,0,Summer,1
SKU030,2025-06-02,38,358473.38,9433.51,2,265,76,3,30,54,Storage,Sofa,5715.03,9433.51,0,Summer,1
SKU030,2025-06-09,51,481109.01,9433.51,2,265,76,3,30,54,Storage,Sofa,5715.03,9433.51,0,Summer,1
SKU030,2025-06-16,31,292438.81,9433.51,2,265,76,3,30,54,Storage,Sofa,5715.03,9433.51,0,Summer,1
SKU030,2025-06-23,47,443374.97000000003,9433.51,2,265,76,3,30,54,Storage,Sofa,5715.03,9433.51,0,Summer,1
SKU030,2025-06-30,27,254704.77000000002,9433.51,0,286,63,13,43,150,Storage,Sofa,5715.03,9433.51,0,Summer,0
SKU030,2025-07-07,29,273571.79000000004,9433.51,0,286,63,13,43,150,Storage,Sofa,5715.03,9433.51,0,Monsoon,0
SKU030,2025-07-14,36,339606.36,9433.51,0,286,63,13,43,150,Storage,Sofa,5715.03,9433.51,0,Monsoon,0
SKU030,2025-07-21,29,273571.79000000004,9433.51,0,286,63,13,43,150,Storage,Sofa,5715.03,9433.51,0,Monsoon,0
SKU030,2025-07-28,33,311305.83,9433.51,0,83,56,6,24,65,Storage,Sofa,5715.03,9433.51,0,Monsoon,0
SKU030,2025-08-04,30,283005.3,9433.51,0,83,56,6,24,65,Storage,Sofa,5715.03,9433.51,0,Monsoon,0
SKU030,2025-08-11,28,264138.28,9433.51,0,83,56,6,24,65,Storage,Sofa,5715.03,9433.51,1,Monsoon,0
SKU030,2025-08-18,36,339606.36,9433.51,0,83,56,6,24,65,Storage,Sofa,5715.03,9433.51,0,Monsoon,0
SKU030,2025-08-25,32,301872.32,9433.51,0,83,56,6,24,65,Storage,Sofa,5715.03,9433.51,0,Monsoon,0
SKU030,2025-09-01,26,245271.26,9433.51,2,86,137,10,19,82,Storage,Sofa,5715.03,9433.51,0,Monsoon,1
SKU030,2025-09-08,34,320739.33999999997,9433.51,2,86,137,10,19,82,Storage,Sofa,5715.03,9433.51,0,Monsoon,1
SKU030,2025-09-15,32,301872.32,9433.51,2,86,137,10,19,82,Storage,Sofa,5715.03,9433.51,0,Monsoon,1
SKU030,2025-09-22,41,386773.91000000003,9433.51,2,86,137,10,19,82,Storage,Sofa,5715.03,9433.51,0,Monsoon,1
SKU030,2025-09-29,27,254704.77000000002,9433.51,0,142,208,13,39,123,Storage,Sofa,5715.03,9433.51,0,Monsoon,0
SKU030,2025-10-06,25,235837.75,9433.51,0,142,208,13,39,123,Storage,Sofa,5715.03,9433.51,0,Autumn,0
SKU030,2025-10-13,32,301872.32,9433.51,0,142,208,13,39,123,Storage,Sofa,5715.03,9433.51,0,Autumn,0
SKU030,2025-10-20,27,254704.77,9433.51,0,142,208,13,39,123,Storage,Sofa,5715.03,9433.51,1,Autumn,0
SKU030,2025-10-27,28,264138.27999999997,9433.51,2,66,25,4,23,47,Storage,Sofa,5715.03,9433.51,0,Autumn,1
SKU030,2025-11-03,25,235837.75,9433.51,2,66,25,4,23,47,Storage,Sofa,5715.03,9433.51,0,Autumn,1
SKU030,2025-11-10,34,320739.33999999997,9433.51,2,66,25,4,23,47,Storage,Sofa,5715.03,9433.51,0,Autumn,1
SKU030,2025-11-17,33,311305.83,9433.51,2,66,25,4,23,47,Storage,Sofa,5715.03,9433.51,0,Autumn,1
SKU030,2025-11-24,26,245271.26,9433.51,2,66,25,4,23,47,Storage,Sofa,5715.03,9433.51,0,Autumn,1
SKU030,2025-12-01,25,235837.75,9433.51,0,166,32,9,43,104,Storage,Sofa,5715.03,9433.51,0,Winter,0
SKU030,2025-12-08,35,330172.85000000003,9433.51,0,166,32,9,43,104,Storage,Sofa,5715.03,9433.51,0,Winter,0
SKU030,2025-12-15,26,245271.26,9433.51,0,166,32,9,43,104,Storage,Sofa,5715.03,9433.51,0,Winter,0
SKU030,2025-12-22,28,264138.28,9433.51,0,166,32,9,43,104,Storage,Sofa,5715.03,9433.51,1,Winter,0
SKU031,2024-01-01,143,1246377.99,8715.93,0,22,17,4,5,10,Furniture,Chair,6300.65,8715.93,0,Winter,0
SKU031,2024-01-08,107,932604.51,8715.93,0,22,17,4,5,10,Furniture,Chair,6300.65,8715.93,0,Winter,0
SKU031,2024-01-15,132,1150502.76,8715.93,0,22,17,4,5,10,Furniture,Chair,6300.65,8715.93,0,Winter,0
SKU031,2024-01-22,144,1255093.92,8715.93,0,22,17,4,5,10,Furniture,Chair,6300.65,8715.93,1,Winter,0
SKU031,2024-01-29,138,1202798.34,8715.93,0,68,81,12,33,100,Furniture,Chair,6300.65,8715.93,0,Winter,0
SKU031,2024-02-05,137,1194082.4100000001,8715.93,0,68,81,12,33,100,Furniture,Chair,6300.65,8715.93,0,Winter,0
SKU031,2024-02-12,137,1194082.4100000001,8715.93,0,68,81,12,33,100,Furniture,Chair,6300.65,8715.93,0,Winter,0
SKU031,2024-02-19,150,1307389.5,8715.93,0,68,81,12,33,100,Furniture,Chair,6300.65,8715.93,0,Winter,0
SKU031,2024-02-26,136,1185366.48,8715.93,2,159,66,7,27,78,Furniture,Chair,6300.65,8715.93,0,Winter,1
SKU031,2024-03-04,163,1420696.59,8715.93,2,159,66,7,27,78,Furniture,Chair,6300.65,8715.93,0,Spring,1
SKU031,2024-03-11,167,1455560.31,8715.93,2,159,66,7,27,78,Furniture,Chair,6300.65,8715.93,0,Spring,1
SKU031,2024-03-18,166,1446844.38,8715.93,2,159,66,7,27,78,Furniture,Chair,6300.65,8715.93,0,Spring,1
SKU031,2024-03-25,150,1307389.5,8715.93,2,159,66,7,27,78,Furniture,Chair,6300.65,8715.93,0,Spring,1
SKU031,2024-04-01,158,1377116.94,8715.93,0,292,22,8,33,101,Furniture,Chair,6300.65,8715.93,0,Spring,0
SKU031,2024-04-08,130,1133070.9,8715.93,0,292,22,8,33,101,Furniture,Chair,6300.65,8715.93,0,Spring,0
SKU031,2024-04-15,165,1438128.45,8715.93,0,292,22,8,33,101,Furniture,Chair,6300.65,8715.93,0,Spring,0
SKU031,2024-04-22,121,1054627.53,8715.93,0,292,22,8,33,101,Furniture,Chair,6300.65,8715.93,0,Spring,0
SKU031,2024-04-29,159,1385832.87,8715.93,0,71,103,11,30,114,Furniture,Chair,6300.65,8715.93,0,Spring,0
SKU031,2024-05-06,152,1324821.3599999999,8715.93,0,71,103,11,30,114,Furniture,Chair,6300.65,8715.93,0,Summer,0
SKU031,2024-05-13,143,1246377.99,8715.93,0,71,103,11,30,114,Furniture,Chair,6300.65,8715.93,0,Summer,0
SKU031,2024-05-20,150,1307389.5,8715.93,0,71,103,11,30,114,Furniture,Chair,6300.65,8715.93,0,Summer,0
SKU031,2024-05-27,160,1394548.8,8715.93,2,181,40,14,53,164,Furniture,Chair,6300.65,8715.93,0,Summer,1
SKU031,2024-06-03,151,1316105.43,8715.93,2,181,40,14,53,164,Furniture,Chair,6300.65,8715.93,0,Summer,1
SKU031,2024-06-10,150,1307389.5,8715.93,2,181,40,14,53,164,Furniture,Chair,6300.65,8715.93,0,Summer,1
SKU031,2024-06-17,152,1324821.3599999999,8715.93,2,181,40,14,53,164,Furniture,Chair,6300.65,8715.93,0,Summer,1
SKU031,2024-06-24,164,1429412.52,8715.93,2,181,40,14,53,164,Furniture,Chair,6300.65,8715.93,0,Summer,1
SKU031,2024-07-01,133,1159218.69,8715.93,0,178,70,14,42,156,Furniture,Chair,6300.65,8715.93,0,Monsoon,0
SKU031,2024-07-08,120,1045911.6,8715.93,0,178,70,14,42,156,Furniture,Chair,6300.65,8715.93,0,Monsoon,0
SKU031,2024-07-15,126,1098207.18,8715.93,0,178,70,14,42,156,Furniture,Chair,6300.65,8715.93,0,Monsoon,0
SKU031,2024-07-22,122,1063343.46,8715.93,0,178,70,14,42,156,Furniture,Chair,6300.65,8715.93,0,Monsoon,0
SKU031,2024-07-29,98,854161.14,8715.93,0,183,236,12,44,133,Furniture,Chair,6300.65,8715.93,0,Monsoon,0
SKU031,2024-08-05,145,1263809.85,8715.93,0,183,236,12,44,133,Furniture,Chair,6300.65,8715.93,0,Monsoon,0
SKU031,2024-08-12,120,1045911.6,8715.93,0,183,236,12,44,133,Furniture,Chair,6300.65,8715.93,1,Monsoon,0
SKU031,2024-08-19,104,906456.72,8715.93,0,183,236,12,44,133,Furniture,Chair,6300.65,8715.93,0,Monsoon,0
SKU031,2024-08-26,124,1080775.32,8715.93,1,43,144,6,41,74,Furniture,Chair,6300.65,8715.93,0,Monsoon,1
SKU031,2024-09-02,110,958752.3,8715.93,2,43,144,6,41,74,Furniture,Chair,6300.65,8715.93,0,Monsoon,1
SKU031,2024-09-09,135,1176650.55,8715.93,2,43,144,6,41,74,Furniture,Chair,6300.65,8715.93,0,Monsoon,1
SKU031,2024-09-16,123,1072059.3900000001,8715.93,2,43,144,6,41,74,Furniture,Chair,6300.65,8715.93,0,Monsoon,1
SKU031,2024-09-23,116,1011047.88,8715.93,2,43,144,6,41,74,Furniture,Chair,6300.65,8715.93,0,Monsoon,1
SKU031,2024-09-30,105,915172.65,8715.93,0,187,158,12,41,109,Furniture,Chair,6300.65,8715.93,0,Monsoon,0
SKU031,2024-10-07,109,950036.37,8715.93,0,187,158,12,41,109,Furniture,Chair,6300.65,8715.93,0,Autumn,0
SKU031,2024-10-14,109,950036.37,8715.93,0,187,158,12,41,109,Furniture,Chair,6300.65,8715.93,0,Autumn,0
SKU031,2024-10-21,112,976184.16,8715.93,0,187,158,12,41,109,Furniture,Chair,6300.65,8715.93,0,Autumn,0
SKU031,2024-10-28,129,1124354.97,8715.93,2,170,30,13,30,112,Furniture,Chair,6300.65,8715.93,1,Autumn,1
SKU031,2024-11-04,113,984900.0900000001,8715.93,2,170,30,13,30,112,Furniture,Chair,6300.65,8715.93,0,Autumn,1
SKU031,2024-11-11,105,915172.65,8715.93,2,170,30,13,30,112,Furniture,Chair,6300.65,8715.93,0,Autumn,1
SKU031,2024-11-18,113,984900.09,8715.93,2,170,30,13,30,112,Furniture,Chair,6300.65,8715.93,0,Autumn,1
SKU031,2024-11-25,103,897740.79,8715.93,1,158,3,4,27,51,Furniture,Chair,6300.65,8715.93,0,Autumn,1
SKU031,2024-12-02,114,993616.02,8715.93,0,158,3,4,27,51,Furniture,Chair,6300.65,8715.93,0,Winter,0
SKU031,2024-12-09,107,932604.51,8715.93,0,158,3,4,27,51,Furniture,Chair,6300.65,8715.93,0,Winter,0
SKU031,2024-12-16,106,923888.58,8715.93,0,158,3,4,27,51,Furniture,Chair,6300.65,8715.93,0,Winter,0
SKU031,2024-12-23,108,941320.44,8715.93,0,158,3,4,27,51,Furniture,Chair,6300.65,8715.93,1,Winter,0
SKU031,2024-12-30,138,1202798.34,8715.93,0,98,64,7,24,68,Furniture,Chair,6300.65,8715.93,0,Winter,0
SKU031,2025-01-06,145,1263809.85,8715.93,0,98,64,7,24,68,Furniture,Chair,6300.65,8715.93,0,Winter,0
SKU031,2025-01-13,132,1150502.76,8715.93,0,98,64,7,24,68,Furniture,Chair,6300.65,8715.93,0,Winter,0
SKU031,2025-01-20,140,1220230.2,8715.93,0,98,64,7,24,68,Furniture,Chair,6300.65,8715.93,1,Winter,0
SKU031,2025-01-27,131,1141786.83,8715.93,0,49,83,3,40,60,Furniture,Chair,6300.65,8715.93,0,Winter,0
SKU031,2025-02-03,152,1324821.36,8715.93,0,49,83,3,40,60,Furniture,Chair,6300.65,8715.93,0,Winter,0
SKU031,2025-02-10,163,1420696.59,8715.93,0,49,83,3,40,60,Furniture,Chair,6300.65,8715.93,0,Winter,0
SKU031,2025-02-17,130,1133070.9,8715.93,0,49,83,3,40,60,Furniture,Chair,6300.65,8715.93,0,Winter,0
SKU031,2025-02-24,137,1194082.41,8715.93,2,203,19,8,26,88,Furniture,Chair,6300.65,8715.93,0,Winter,1
SKU031,2025-03-03,170,1481708.1,8715.93,2,203,19,8,26,88,Furniture,Chair,6300.65,8715.93,0,Spring,1
SKU031,2025-03-10,133,1159218.69,8715.93,2,203,19,8,26,88,Furniture,Chair,6300.65,8715.93,0,Spring,1
SKU031,2025-03-17,145,1263809.85,8715.93,2,203,19,8,26,88,Furniture,Chair,6300.65,8715.93,0,Spring,1
SKU031,2025-03-24,173,1507855.8900000001,8715.93,2,203,19,8,26,88,Furniture,Chair,6300.65,8715.93,0,Spring,1
SKU031,2025-03-31,131,1141786.83,8715.93,0,75,4,14,28,148,Furniture,Chair,6300.65,8715.93,0,Spring,0
SKU031,2025-04-07,160,1394548.8,8715.93,0,75,4,14,28,148,Furniture,Chair,6300.65,8715.93,0,Spring,0
SKU031,2025-04-14,132,1150502.76,8715.93,0,75,4,14,28,148,Furniture,Chair,6300.65,8715.93,0,Spring,0
SKU031,2025-04-21,130,1133070.9000000001,8715.93,0,75,4,14,28,148,Furniture,Chair,6300.65,8715.93,0,Spring,0
SKU031,2025-04-28,153,1333537.29,8715.93,0,138,37,10,55,125,Furniture,Chair,6300.65,8715.93,0,Spring,0
SKU031,2025-05-05,156,1359685.08,8715.93,0,138,37,10,55,125,Furniture,Chair,6300.65,8715.93,0,Summer,0
SKU031,2025-05-12,145,1263809.85,8715.93,0,138,37,10,55,125,Furniture,Chair,6300.65,8715.93,0,Summer,0
SKU031,2025-05-19,158,1377116.94,8715.93,0,138,37,10,55,125,Furniture,Chair,6300.65,8715.93,0,Summer,0
SKU031,2025-05-26,153,1333537.29,8715.93,1,100,6,14,36,131,Furniture,Chair,6300.65,8715.93,0,Summer,1
SKU031,2025-06-02,156,1359685.08,8715.93,2,100,6,14,36,131,Furniture,Chair,6300.65,8715.93,0,Summer,1
SKU031,2025-06-09,162,1411980.66,8715.93,2,100,6,14,36,131,Furniture,Chair,6300.65,8715.93,0,Summer,1
SKU031,2025-06-16,144,1255093.92,8715.93,2,100,6,14,36,131,Furniture,Chair,6300.65,8715.93,0,Summer,1
SKU031,2025-06-23,136,1185366.48,8715.93,2,100,6,14,36,131,Furniture,Chair,6300.65,8715.93,0,Summer,1
SKU031,2025-06-30,124,1080775.32,8715.93,0,59,152,10,49,130,Furniture,Chair,6300.65,8715.93,0,Summer,0
SKU031,2025-07-07,111,967468.23,8715.93,0,59,152,10,49,130,Furniture,Chair,6300.65,8715.93,0,Monsoon,0
SKU031,2025-07-14,131,1141786.83,8715.93,0,59,152,10,49,130,Furniture,Chair,6300.65,8715.93,0,Monsoon,0
SKU031,2025-07-21,127,1106923.11,8715.93,0,59,152,10,49,130,Furniture,Chair,6300.65,8715.93,0,Monsoon,0
SKU031,2025-07-28,121,1054627.53,8715.93,0,31,33,5,18,49,Furniture,Chair,6300.65,8715.93,0,Monsoon,0
SKU031,2025-08-04,129,1124354.97,8715.93,0,31,33,5,18,49,Furniture,Chair,6300.65,8715.93,0,Monsoon,0
SKU031,2025-08-11,136,1185366.48,8715.93,0,31,33,5,18,49,Furniture,Chair,6300.65,8715.93,1,Monsoon,0
SKU031,2025-08-18,111,967468.23,8715.93,0,31,33,5,18,49,Furniture,Chair,6300.65,8715.93,0,Monsoon,0
SKU031,2025-08-25,123,1072059.3900000001,8715.93,0,31,33,5,18,49,Furniture,Chair,6300.65,8715.93,0,Monsoon,0
SKU031,2025-09-01,118,1028479.74,8715.93,2,202,1,8,23,72,Furniture,Chair,6300.65,8715.93,0,Monsoon,1
SKU031,2025-09-08,125,1089491.25,8715.93,2,202,1,8,23,72,Furniture,Chair,6300.65,8715.93,0,Monsoon,1
SKU031,2025-09-15,118,1028479.74,8715.93,2,202,1,8,23,72,Furniture,Chair,6300.65,8715.93,0,Monsoon,1
SKU031,2025-09-22,112,976184.16,8715.93,2,202,1,8,23,72,Furniture,Chair,6300.65,8715.93,0,Monsoon,1
SKU031,2025-09-29,107,932604.51,8715.93,0,132,192,11,51,125,Furniture,Chair,6300.65,8715.93,0,Monsoon,0
SKU031,2025-10-06,109,950036.37,8715.93,0,132,192,11,51,125,Furniture,Chair,6300.65,8715.93,0,Autumn,0
SKU031,2025-10-13,120,1045911.6,8715.93,0,132,192,11,51,125,Furniture,Chair,6300.65,8715.93,0,Autumn,0
SKU031,2025-10-20,114,993616.02,8715.93,0,132,192,11,51,125,Furniture,Chair,6300.65,8715.93,1,Autumn,0
SKU031,2025-10-27,110,958752.3,8715.93,2,32,163,12,31,94,Furniture,Chair,6300.65,8715.93,0,Autumn,1
SKU031,2025-11-03,109,950036.37,8715.93,2,32,163,12,31,94,Furniture,Chair,6300.65,8715.93,0,Autumn,1
SKU031,2025-11-10,131,1141786.83,8715.93,2,32,163,12,31,94,Furniture,Chair,6300.65,8715.93,0,Autumn,1
SKU031,2025-11-17,113,984900.09,8715.93,2,32,163,12,31,94,Furniture,Chair,6300.65,8715.93,0,Autumn,1
SKU031,2025-11-24,104,906456.72,8715.93,2,32,163,12,31,94,Furniture,Chair,6300.65,8715.93,0,Autumn,1
SKU031,2025-12-01,96,836729.28,8715.93,0,93,40,13,28,113,Furniture,Chair,6300.65,8715.93,0,Winter,0
SKU031,2025-12-08,104,906456.72,8715.93,0,93,40,13,28,113,Furniture,Chair,6300.65,8715.93,0,Winter,0
SKU031,2025-12-15,132,1150502.76,8715.93,0,93,40,13,28,113,Furniture,Chair,6300.65,8715.93,0,Winter,0
SKU031,2025-12-22,97,845445.21,8715.93,0,93,40,13,28,113,Furniture,Chair,6300.65,8715.93,1,Winter,0
SKU032,2024-01-01,53,297467.27,5612.590000000001,0,19,21,9,5,14,Home Decor,Table,3806.6,5612.59,0,Winter,0
SKU032,2024-01-08,66,370430.94,5612.590000000001,0,19,21,9,5,14,Home Decor,Table,3806.6,5612.59,0,Winter,0
SKU032,2024-01-15,72,404106.48,5612.590000000001,0,19,21,9,5,14,Home Decor,Table,3806.6,5612.59,0,Winter,0
SKU032,2024-01-22,70,392881.3,5612.590000000001,0,19,21,9,5,14,Home Decor,Table,3806.6,5612.59,1,Winter,0
SKU032,2024-01-29,64,359205.76,5612.590000000001,0,272,122,5,64,122,Home Decor,Table,3806.6,5612.59,0,Winter,0
SKU032,2024-02-05,89,499520.51,5612.590000000001,0,272,122,5,64,122,Home Decor,Table,3806.6,5612.59,0,Winter,0
SKU032,2024-02-12,69,387268.71,5612.590000000001,0,272,122,5,64,122,Home Decor,Table,3806.6,5612.59,0,Winter,0
SKU032,2024-02-19,77,432169.43,5612.590000000001,0,272,122,5,64,122,Home Decor,Table,3806.6,5612.59,0,Winter,0
SKU032,2024-02-26,93,521970.87,5612.590000000001,2,429,87,7,47,134,Home Decor,Table,3806.6,5612.59,0,Winter,1
SKU032,2024-03-04,68,381656.12,5612.590000000001,2,429,87,7,47,134,Home Decor,Table,3806.6,5612.59,0,Spring,1
SKU032,2024-03-11,78,437782.02,5612.590000000001,2,429,87,7,47,134,Home Decor,Table,3806.6,5612.59,0,Spring,1
SKU032,2024-03-18,85,477070.15,5612.590000000001,2,429,87,7,47,134,Home Decor,Table,3806.6,5612.59,0,Spring,1
SKU032,2024-03-25,71,398493.89,5612.590000000001,2,429,87,7,47,134,Home Decor,Table,3806.6,5612.59,0,Spring,1
SKU032,2024-04-01,75,420944.25,5612.590000000001,0,524,70,10,99,260,Home Decor,Table,3806.6,5612.59,0,Spring,0
SKU032,2024-04-08,74,415331.66,5612.590000000001,0,524,70,10,99,260,Home Decor,Table,3806.6,5612.59,0,Spring,0
SKU032,2024-04-15,68,381656.12,5612.590000000001,0,524,70,10,99,260,Home Decor,Table,3806.6,5612.59,0,Spring,0
SKU032,2024-04-22,78,437782.02,5612.590000000001,0,524,70,10,99,260,Home Decor,Table,3806.6,5612.59,0,Spring,0
SKU032,2024-04-29,73,409719.07,5612.590000000001,0,304,71,3,80,122,Home Decor,Table,3806.6,5612.59,0,Spring,0
SKU032,2024-05-06,57,319917.63,5612.590000000001,0,304,71,3,80,122,Home Decor,Table,3806.6,5612.59,0,Summer,0
SKU032,2024-05-13,101,566871.59,5612.590000000001,0,304,71,3,80,122,Home Decor,Table,3806.6,5612.59,0,Summer,0
SKU032,2024-05-20,72,404106.48,5612.590000000001,0,304,71,3,80,122,Home Decor,Table,3806.6,5612.59,0,Summer,0
SKU032,2024-05-27,84,471457.56,5612.590000000001,2,385,273,9,67,191,Home Decor,Table,3806.6,5612.59,0,Summer,1
SKU032,2024-06-03,83,465844.97,5612.590000000001,2,385,273,9,67,191,Home Decor,Table,3806.6,5612.59,0,Summer,1
SKU032,2024-06-10,65,364818.35,5612.590000000001,2,385,273,9,67,191,Home Decor,Table,3806.6,5612.59,0,Summer,1
SKU032,2024-06-17,74,415331.66,5612.590000000001,2,385,273,9,67,191,Home Decor,Table,3806.6,5612.59,0,Summer,1
SKU032,2024-06-24,71,398493.89,5612.590000000001,2,385,273,9,67,191,Home Decor,Table,3806.6,5612.59,0,Summer,1
SKU032,2024-07-01,66,370430.94,5612.590000000001,0,311,92,13,49,216,Home Decor,Table,3806.6,5612.59,0,Monsoon,0
SKU032,2024-07-08,69,387268.71,5612.590000000001,0,311,92,13,49,216,Home Decor,Table,3806.6,5612.59,0,Monsoon,0
SKU032,2024-07-15,75,420944.25,5612.590000000001,0,311,92,13,49,216,Home Decor,Table,3806.6,5612.59,0,Monsoon,0
SKU032,2024-07-22,53,297467.27,5612.590000000001,0,311,92,13,49,216,Home Decor,Table,3806.6,5612.59,0,Monsoon,0
SKU032,2024-07-29,46,258179.14,5612.590000000001,0,385,206,10,61,177,Home Decor,Table,3806.6,5612.59,0,Monsoon,0
SKU032,2024-08-05,61,342367.99,5612.590000000001,0,385,206,10,61,177,Home Decor,Table,3806.6,5612.59,0,Monsoon,0
SKU032,2024-08-12,54,303079.86,5612.590000000001,0,385,206,10,61,177,Home Decor,Table,3806.6,5612.59,1,Monsoon,0
SKU032,2024-08-19,42,235728.78000000003,5612.590000000001,0,385,206,10,61,177,Home Decor,Table,3806.6,5612.59,0,Monsoon,0
SKU032,2024-08-26,50,280629.5,5612.590000000001,1,96,375,13,60,196,Home Decor,Table,3806.6,5612.59,0,Monsoon,1
SKU032,2024-09-02,58,325530.22,5612.590000000001,2,96,375,13,60,196,Home Decor,Table,3806.6,5612.59,0,Monsoon,1
SKU032,2024-09-09,60,336755.4,5612.590000000001,2,96,375,13,60,196,Home Decor,Table,3806.6,5612.59,0,Monsoon,1
SKU032,2024-09-16,69,387268.70999999996,5612.590000000001,2,96,375,13,60,196,Home Decor,Table,3806.6,5612.59,0,Monsoon,1
SKU032,2024-09-23,43,241341.37,5612.590000000001,2,96,375,13,60,196,Home Decor,Table,3806.6,5612.59,0,Monsoon,1
SKU032,2024-09-30,50,280629.5,5612.590000000001,0,176,177,7,43,116,Home Decor,Table,3806.6,5612.59,0,Monsoon,0
SKU032,2024-10-07,56,314305.04,5612.590000000001,0,176,177,7,43,116,Home Decor,Table,3806.6,5612.59,0,Autumn,0
SKU032,2024-10-14,49,275016.91,5612.590000000001,0,176,177,7,43,116,Home Decor,Table,3806.6,5612.59,0,Autumn,0
SKU032,2024-10-21,48,269404.32,5612.590000000001,0,176,177,7,43,116,Home Decor,Table,3806.6,5612.59,0,Autumn,0
SKU032,2024-10-28,51,286242.08999999997,5612.590000000001,2,150,294,8,76,155,Home Decor,Table,3806.6,5612.59,1,Autumn,1
SKU032,2024-11-04,68,381656.12,5612.590000000001,2,150,294,8,76,155,Home Decor,Table,3806.6,5612.59,0,Autumn,1
SKU032,2024-11-11,53,297467.27,5612.590000000001,2,150,294,8,76,155,Home Decor,Table,3806.6,5612.59,0,Autumn,1
SKU032,2024-11-18,41,230116.19,5612.590000000001,2,150,294,8,76,155,Home Decor,Table,3806.6,5612.59,0,Autumn,1
SKU032,2024-11-25,50,280629.5,5612.590000000001,1,64,91,8,49,132,Home Decor,Table,3806.6,5612.59,0,Autumn,1
SKU032,2024-12-02,54,303079.86,5612.590000000001,0,64,91,8,49,132,Home Decor,Table,3806.6,5612.59,0,Winter,0
SKU032,2024-12-09,58,325530.22000000003,5612.590000000001,0,64,91,8,49,132,Home Decor,Table,3806.6,5612.59,0,Winter,0
SKU032,2024-12-16,59,331142.81,5612.590000000001,0,64,91,8,49,132,Home Decor,Table,3806.6,5612.59,0,Winter,0
SKU032,2024-12-23,64,359205.76,5612.590000000001,0,64,91,8,49,132,Home Decor,Table,3806.6,5612.59,1,Winter,0
SKU032,2024-12-30,57,319917.63,5612.590000000001,0,170,9,6,37,104,Home Decor,Table,3806.6,5612.59,0,Winter,0
SKU032,2025-01-06,54,303079.86,5612.590000000001,0,170,9,6,37,104,Home Decor,Table,3806.6,5612.59,0,Winter,0
SKU032,2025-01-13,67,376043.53,5612.590000000001,0,170,9,6,37,104,Home Decor,Table,3806.6,5612.59,0,Winter,0
SKU032,2025-01-20,64,359205.76,5612.590000000001,0,170,9,6,37,104,Home Decor,Table,3806.6,5612.59,1,Winter,0
SKU032,2025-01-27,63,353593.17000000004,5612.590000000001,0,382,68,14,83,262,Home Decor,Table,3806.6,5612.59,0,Winter,0
SKU032,2025-02-03,74,415331.66000000003,5612.590000000001,0,382,68,14,83,262,Home Decor,Table,3806.6,5612.59,0,Winter,0
SKU032,2025-02-10,63,353593.17,5612.590000000001,0,382,68,14,83,262,Home Decor,Table,3806.6,5612.59,0,Winter,0
SKU032,2025-02-17,80,449007.2,5612.590000000001,0,382,68,14,83,262,Home Decor,Table,3806.6,5612.59,0,Winter,0
SKU032,2025-02-24,73,409719.07,5612.590000000001,2,339,138,12,81,236,Home Decor,Table,3806.6,5612.59,0,Winter,1
SKU032,2025-03-03,58,325530.22,5612.590000000001,2,339,138,12,81,236,Home Decor,Table,3806.6,5612.59,0,Spring,1
SKU032,2025-03-10,98,550033.8200000001,5612.590000000001,2,339,138,12,81,236,Home Decor,Table,3806.6,5612.59,0,Spring,1
SKU032,2025-03-17,83,465844.97,5612.590000000001,2,339,138,12,81,236,Home Decor,Table,3806.6,5612.59,0,Spring,1
SKU032,2025-03-24,74,415331.66000000003,5612.590000000001,2,339,138,12,81,236,Home Decor,Table,3806.6,5612.59,0,Spring,1
SKU032,2025-03-31,68,381656.12,5612.590000000001,0,355,172,8,113,229,Home Decor,Table,3806.6,5612.59,0,Spring,0
SKU032,2025-04-07,78,437782.02,5612.590000000001,0,355,172,8,113,229,Home Decor,Table,3806.6,5612.59,0,Spring,0
SKU032,2025-04-14,92,516358.28,5612.590000000001,0,355,172,8,113,229,Home Decor,Table,3806.6,5612.59,0,Spring,0
SKU032,2025-04-21,71,398493.89,5612.590000000001,0,355,172,8,113,229,Home Decor,Table,3806.6,5612.59,0,Spring,0
SKU032,2025-04-28,89,499520.51,5612.590000000001,0,295,2,3,71,113,Home Decor,Table,3806.6,5612.59,0,Spring,0
SKU032,2025-05-05,94,527583.46,5612.590000000001,0,295,2,3,71,113,Home Decor,Table,3806.6,5612.59,0,Summer,0
SKU032,2025-05-12,73,409719.07,5612.590000000001,0,295,2,3,71,113,Home Decor,Table,3806.6,5612.59,0,Summer,0
SKU032,2025-05-19,69,387268.71,5612.590000000001,0,295,2,3,71,113,Home Decor,Table,3806.6,5612.59,0,Summer,0
SKU032,2025-05-26,79,443394.61,5612.590000000001,1,129,410,12,93,268,Home Decor,Table,3806.6,5612.59,0,Summer,1
SKU032,2025-06-02,77,432169.43,5612.590000000001,2,129,410,12,93,268,Home Decor,Table,3806.6,5612.59,0,Summer,1
SKU032,2025-06-09,78,437782.02,5612.590000000001,2,129,410,12,93,268,Home Decor,Table,3806.6,5612.59,0,Summer,1
SKU032,2025-06-16,74,415331.66,5612.590000000001,2,129,410,12,93,268,Home Decor,Table,3806.6,5612.59,0,Summer,1
SKU032,2025-06-23,55,308692.45,5612.590000000001,2,129,410,12,93,268,Home Decor,Table,3806.6,5612.59,0,Summer,1
SKU032,2025-06-30,70,392881.3,5612.590000000001,0,408,231,13,63,259,Home Decor,Table,3806.6,5612.59,0,Summer,0
SKU032,2025-07-07,63,353593.17,5612.590000000001,0,408,231,13,63,259,Home Decor,Table,3806.6,5612.59,0,Monsoon,0
SKU032,2025-07-14,54,303079.86,5612.590000000001,0,408,231,13,63,259,Home Decor,Table,3806.6,5612.59,0,Monsoon,0
SKU032,2025-07-21,52,291854.68,5612.590000000001,0,408,231,13,63,259,Home Decor,Table,3806.6,5612.59,0,Monsoon,0
SKU032,2025-07-28,80,449007.2,5612.590000000001,0,175,140,3,57,91,Home Decor,Table,3806.6,5612.59,0,Monsoon,0
SKU032,2025-08-04,51,286242.09,5612.590000000001,0,175,140,3,57,91,Home Decor,Table,3806.6,5612.59,0,Monsoon,0
SKU032,2025-08-11,65,364818.35,5612.590000000001,0,175,140,3,57,91,Home Decor,Table,3806.6,5612.59,1,Monsoon,0
SKU032,2025-08-18,51,286242.09,5612.590000000001,0,175,140,3,57,91,Home Decor,Table,3806.6,5612.59,0,Monsoon,0
SKU032,2025-08-25,55,308692.45,5612.590000000001,0,175,140,3,57,91,Home Decor,Table,3806.6,5612.59,0,Monsoon,0
SKU032,2025-09-01,48,269404.32,5612.590000000001,2,126,113,3,42,75,Home Decor,Table,3806.6,5612.59,0,Monsoon,1
SKU032,2025-09-08,76,426556.83999999997,5612.590000000001,2,126,113,3,42,75,Home Decor,Table,3806.6,5612.59,0,Monsoon,1
SKU032,2025-09-15,57,319917.63,5612.590000000001,2,126,113,3,42,75,Home Decor,Table,3806.6,5612.59,0,Monsoon,1
SKU032,2025-09-22,60,336755.4,5612.590000000001,2,126,113,3,42,75,Home Decor,Table,3806.6,5612.59,0,Monsoon,1
SKU032,2025-09-29,44,246953.96,5612.590000000001,0,115,462,14,87,246,Home Decor,Table,3806.6,5612.59,0,Monsoon,0
SKU032,2025-10-06,50,280629.5,5612.590000000001,0,115,462,14,87,246,Home Decor,Table,3806.6,5612.59,0,Autumn,0
SKU032,2025-10-13,48,269404.32,5612.590000000001,0,115,462,14,87,246,Home Decor,Table,3806.6,5612.59,0,Autumn,0
SKU032,2025-10-20,52,291854.68,5612.590000000001,0,115,462,14,87,246,Home Decor,Table,3806.6,5612.59,1,Autumn,0
SKU032,2025-10-27,67,376043.52999999997,5612.590000000001,2,271,354,13,71,206,Home Decor,Table,3806.6,5612.59,0,Autumn,1
SKU032,2025-11-03,61,342367.99,5612.590000000001,2,271,354,13,71,206,Home Decor,Table,3806.6,5612.59,0,Autumn,1
SKU032,2025-11-10,54,303079.86,5612.590000000001,2,271,354,13,71,206,Home Decor,Table,3806.6,5612.59,0,Autumn,1
SKU032,2025-11-17,70,392881.3,5612.590000000001,2,271,354,13,71,206,Home Decor,Table,3806.6,5612.59,0,Autumn,1
SKU032,2025-11-24,50,280629.5,5612.590000000001,2,271,354,13,71,206,Home Decor,Table,3806.6,5612.59,0,Autumn,1
SKU032,2025-12-01,60,336755.4,5612.590000000001,0,278,214,11,60,185,Home Decor,Table,3806.6,5612.59,0,Winter,0
SKU032,2025-12-08,56,314305.04,5612.590000000001,0,278,214,11,60,185,Home Decor,Table,3806.6,5612.59,0,Winter,0
SKU032,2025-12-15,68,381656.12,5612.590000000001,0,278,214,11,60,185,Home Decor,Table,3806.6,5612.59,0,Winter,0
SKU032,2025-12-22,51,286242.09,5612.590000000001,0,278,214,11,60,185,Home Decor,Table,3806.6,5612.59,1,Winter,0
SKU033,2024-01-01,114,405612.0,3558.0,0,10,17,4,5,10,Kitchen,Cushion,4657.74,3558.0,0,Winter,0
SKU033,2024-01-08,133,473214.0,3558.0,0,10,17,4,5,10,Kitchen,Cushion,4657.74,3558.0,0,Winter,0
SKU033,2024-01-15,132,469656.0,3558.0,0,10,17,4,5,10,Kitchen,Cushion,4657.74,3558.0,0,Winter,0
SKU033,2024-01-22,127,451866.0,3558.0,0,10,17,4,5,10,Kitchen,Cushion,4657.74,3558.0,1,Winter,0
SKU033,2024-01-29,123,437634.0,3558.0,0,266,80,9,43,150,Kitchen,Cushion,4657.74,3558.0,0,Winter,0
SKU033,2024-02-05,144,512352.0,3558.0,0,266,80,9,43,150,Kitchen,Cushion,4657.74,3558.0,0,Winter,0
SKU033,2024-02-12,105,373590.0,3558.0,0,266,80,9,43,150,Kitchen,Cushion,4657.74,3558.0,0,Winter,0
SKU033,2024-02-19,125,444750.0,3558.0,0,266,80,9,43,150,Kitchen,Cushion,4657.74,3558.0,0,Winter,0
SKU033,2024-02-26,125,444750.0,3558.0,2,312,346,9,68,179,Kitchen,Cushion,4657.74,3558.0,0,Winter,1
SKU033,2024-03-04,149,530142.0,3558.0,2,312,346,9,68,179,Kitchen,Cushion,4657.74,3558.0,0,Spring,1
SKU033,2024-03-11,160,569280.0,3558.0,2,312,346,9,68,179,Kitchen,Cushion,4657.74,3558.0,0,Spring,1
SKU033,2024-03-18,151,537258.0,3558.0,2,312,346,9,68,179,Kitchen,Cushion,4657.74,3558.0,0,Spring,1
SKU033,2024-03-25,162,576396.0,3558.0,2,312,346,9,68,179,Kitchen,Cushion,4657.74,3558.0,0,Spring,1
SKU033,2024-04-01,164,583512.0,3558.0,0,242,423,10,118,270,Kitchen,Cushion,4657.74,3558.0,0,Spring,0
SKU033,2024-04-08,178,633324.0,3558.0,0,242,423,10,118,270,Kitchen,Cushion,4657.74,3558.0,0,Spring,0
SKU033,2024-04-15,148,526584.0,3558.0,0,242,423,10,118,270,Kitchen,Cushion,4657.74,3558.0,0,Spring,0
SKU033,2024-04-22,119,423402.0,3558.0,0,242,423,10,118,270,Kitchen,Cushion,4657.74,3558.0,0,Spring,0
SKU033,2024-04-29,138,491004.0,3558.0,0,380,152,5,111,187,Kitchen,Cushion,4657.74,3558.0,0,Spring,0
SKU033,2024-05-06,155,551490.0,3558.0,0,380,152,5,111,187,Kitchen,Cushion,4657.74,3558.0,0,Summer,0
SKU033,2024-05-13,150,533700.0,3558.0,0,380,152,5,111,187,Kitchen,Cushion,4657.74,3558.0,0,Summer,0
SKU033,2024-05-20,120,426960.0,3558.0,0,380,152,5,111,187,Kitchen,Cushion,4657.74,3558.0,0,Summer,0
SKU033,2024-05-27,145,515910.0,3558.0,2,271,44,7,104,197,Kitchen,Cushion,4657.74,3558.0,0,Summer,1
SKU033,2024-06-03,146,519468.0,3558.0,2,271,44,7,104,197,Kitchen,Cushion,4657.74,3558.0,0,Summer,1
SKU033,2024-06-10,152,540816.0,3558.0,2,271,44,7,104,197,Kitchen,Cushion,4657.74,3558.0,0,Summer,1
SKU033,2024-06-17,158,562164.0,3558.0,2,271,44,7,104,197,Kitchen,Cushion,4657.74,3558.0,0,Summer,1
SKU033,2024-06-24,146,519468.0,3558.0,2,271,44,7,104,197,Kitchen,Cushion,4657.74,3558.0,0,Summer,1
SKU033,2024-07-01,134,476772.0,3558.0,0,307,136,10,94,233,Kitchen,Cushion,4657.74,3558.0,0,Monsoon,0
SKU033,2024-07-08,136,483888.0,3558.0,0,307,136,10,94,233,Kitchen,Cushion,4657.74,3558.0,0,Monsoon,0
SKU033,2024-07-15,122,434076.0,3558.0,0,307,136,10,94,233,Kitchen,Cushion,4657.74,3558.0,0,Monsoon,0
SKU033,2024-07-22,125,444750.0,3558.0,0,307,136,10,94,233,Kitchen,Cushion,4657.74,3558.0,0,Monsoon,0
SKU033,2024-07-29,112,398496.0,3558.0,0,128,181,3,90,126,Kitchen,Cushion,4657.74,3558.0,0,Monsoon,0
SKU033,2024-08-05,107,380706.0,3558.0,0,128,181,3,90,126,Kitchen,Cushion,4657.74,3558.0,0,Monsoon,0
SKU033,2024-08-12,103,366474.0,3558.0,0,128,181,3,90,126,Kitchen,Cushion,4657.74,3558.0,1,Monsoon,0
SKU033,2024-08-19,109,387822.0,3558.0,0,128,181,3,90,126,Kitchen,Cushion,4657.74,3558.0,0,Monsoon,0
SKU033,2024-08-26,107,380706.0,3558.0,1,336,273,12,65,192,Kitchen,Cushion,4657.74,3558.0,0,Monsoon,1
SKU033,2024-09-02,109,387822.0,3558.0,2,336,273,12,65,192,Kitchen,Cushion,4657.74,3558.0,0,Monsoon,1
SKU033,2024-09-09,107,380706.0,3558.0,2,336,273,12,65,192,Kitchen,Cushion,4657.74,3558.0,0,Monsoon,1
SKU033,2024-09-16,88,313104.0,3558.0,2,336,273,12,65,192,Kitchen,Cushion,4657.74,3558.0,0,Monsoon,1
SKU033,2024-09-23,106,377148.0,3558.0,2,336,273,12,65,192,Kitchen,Cushion,4657.74,3558.0,0,Monsoon,1
SKU033,2024-09-30,94,334452.0,3558.0,0,237,125,7,43,120,Kitchen,Cushion,4657.74,3558.0,0,Monsoon,0
SKU033,2024-10-07,95,338010.0,3558.0,0,237,125,7,43,120,Kitchen,Cushion,4657.74,3558.0,0,Autumn,0
SKU033,2024-10-14,104,370032.0,3558.0,0,237,125,7,43,120,Kitchen,Cushion,4657.74,3558.0,0,Autumn,0
SKU033,2024-10-21,114,405612.0,3558.0,0,237,125,7,43,120,Kitchen,Cushion,4657.74,3558.0,0,Autumn,0
SKU033,2024-10-28,118,419844.0,3558.0,2,328,24,4,62,100,Kitchen,Cushion,4657.74,3558.0,1,Autumn,1
SKU033,2024-11-04,123,437634.0,3558.0,2,328,24,4,62,100,Kitchen,Cushion,4657.74,3558.0,0,Autumn,1
SKU033,2024-11-11,103,366474.0,3558.0,2,328,24,4,62,100,Kitchen,Cushion,4657.74,3558.0,0,Autumn,1
SKU033,2024-11-18,109,387822.0,3558.0,2,328,24,4,62,100,Kitchen,Cushion,4657.74,3558.0,0,Autumn,1
SKU033,2024-11-25,86,305988.0,3558.0,1,82,239,9,40,137,Kitchen,Cushion,4657.74,3558.0,0,Autumn,1
SKU033,2024-12-02,107,380706.0,3558.0,0,82,239,9,40,137,Kitchen,Cushion,4657.74,3558.0,0,Winter,0
SKU033,2024-12-09,127,451866.0,3558.0,0,82,239,9,40,137,Kitchen,Cushion,4657.74,3558.0,0,Winter,0
SKU033,2024-12-16,120,426960.0,3558.0,0,82,239,9,40,137,Kitchen,Cushion,4657.74,3558.0,0,Winter,0
SKU033,2024-12-23,108,384264.0,3558.0,0,82,239,9,40,137,Kitchen,Cushion,4657.74,3558.0,1,Winter,0
SKU033,2024-12-30,103,366474.0,3558.0,0,316,175,12,67,195,Kitchen,Cushion,4657.74,3558.0,0,Winter,0
SKU033,2025-01-06,123,437634.0,3558.0,0,316,175,12,67,195,Kitchen,Cushion,4657.74,3558.0,0,Winter,0
SKU033,2025-01-13,138,491004.0,3558.0,0,316,175,12,67,195,Kitchen,Cushion,4657.74,3558.0,0,Winter,0
SKU033,2025-01-20,129,458982.0,3558.0,0,316,175,12,67,195,Kitchen,Cushion,4657.74,3558.0,1,Winter,0
SKU033,2025-01-27,139,494562.0,3558.0,0,385,233,5,74,129,Kitchen,Cushion,4657.74,3558.0,0,Winter,0
SKU033,2025-02-03,146,519468.0,3558.0,0,385,233,5,74,129,Kitchen,Cushion,4657.74,3558.0,0,Winter,0
SKU033,2025-02-10,127,451866.0,3558.0,0,385,233,5,74,129,Kitchen,Cushion,4657.74,3558.0,0,Winter,0
SKU033,2025-02-17,129,458982.0,3558.0,0,385,233,5,74,129,Kitchen,Cushion,4657.74,3558.0,0,Winter,0
SKU033,2025-02-24,138,491004.0,3558.0,2,209,20,14,92,267,Kitchen,Cushion,4657.74,3558.0,0,Winter,1
SKU033,2025-03-03,154,547932.0,3558.0,2,209,20,14,92,267,Kitchen,Cushion,4657.74,3558.0,0,Spring,1
SKU033,2025-03-10,160,569280.0,3558.0,2,209,20,14,92,267,Kitchen,Cushion,4657.74,3558.0,0,Spring,1
SKU033,2025-03-17,149,530142.0,3558.0,2,209,20,14,92,267,Kitchen,Cushion,4657.74,3558.0,0,Spring,1
SKU033,2025-03-24,179,636882.0,3558.0,2,209,20,14,92,267,Kitchen,Cushion,4657.74,3558.0,0,Spring,1
SKU033,2025-03-31,156,555048.0,3558.0,0,142,65,4,71,135,Kitchen,Cushion,4657.74,3558.0,0,Spring,0
SKU033,2025-04-07,159,565722.0,3558.0,0,142,65,4,71,135,Kitchen,Cushion,4657.74,3558.0,0,Spring,0
SKU033,2025-04-14,130,462540.0,3558.0,0,142,65,4,71,135,Kitchen,Cushion,4657.74,3558.0,0,Spring,0
SKU033,2025-04-21,159,565722.0,3558.0,0,142,65,4,71,135,Kitchen,Cushion,4657.74,3558.0,0,Spring,0
SKU033,2025-04-28,152,540816.0,3558.0,0,261,295,8,74,182,Kitchen,Cushion,4657.74,3558.0,0,Spring,0
SKU033,2025-05-05,154,547932.0,3558.0,0,261,295,8,74,182,Kitchen,Cushion,4657.74,3558.0,0,Summer,0
SKU033,2025-05-12,140,498120.0,3558.0,0,261,295,8,74,182,Kitchen,Cushion,4657.74,3558.0,0,Summer,0
SKU033,2025-05-19,132,469656.0,3558.0,0,261,295,8,74,182,Kitchen,Cushion,4657.74,3558.0,0,Summer,0
SKU033,2025-05-26,155,551490.0,3558.0,1,380,79,12,44,216,Kitchen,Cushion,4657.74,3558.0,0,Summer,1
SKU033,2025-06-02,132,469656.0,3558.0,2,380,79,12,44,216,Kitchen,Cushion,4657.74,3558.0,0,Summer,1
SKU033,2025-06-09,154,547932.0,3558.0,2,380,79,12,44,216,Kitchen,Cushion,4657.74,3558.0,0,Summer,1
SKU033,2025-06-16,165,587070.0,3558.0,2,380,79,12,44,216,Kitchen,Cushion,4657.74,3558.0,0,Summer,1
SKU033,2025-06-23,145,515910.0,3558.0,2,380,79,12,44,216,Kitchen,Cushion,4657.74,3558.0,0,Summer,1
SKU033,2025-06-30,137,487446.0,3558.0,0,332,299,7,76,166,Kitchen,Cushion,4657.74,3558.0,0,Summer,0
SKU033,2025-07-07,118,419844.0,3558.0,0,332,299,7,76,166,Kitchen,Cushion,4657.74,3558.0,0,Monsoon,0
SKU033,2025-07-14,121,430518.0,3558.0,0,332,299,7,76,166,Kitchen,Cushion,4657.74,3558.0,0,Monsoon,0
SKU033,2025-07-21,119,423402.0,3558.0,0,332,299,7,76,166,Kitchen,Cushion,4657.74,3558.0,0,Monsoon,0
SKU033,2025-07-28,112,398496.0,3558.0,0,214,218,5,81,147,Kitchen,Cushion,4657.74,3558.0,0,Monsoon,0
SKU033,2025-08-04,110,391380.0,3558.0,0,214,218,5,81,147,Kitchen,Cushion,4657.74,3558.0,0,Monsoon,0
SKU033,2025-08-11,96,341568.0,3558.0,0,214,218,5,81,147,Kitchen,Cushion,4657.74,3558.0,1,Monsoon,0
SKU033,2025-08-18,113,402054.0,3558.0,0,214,218,5,81,147,Kitchen,Cushion,4657.74,3558.0,0,Monsoon,0
SKU033,2025-08-25,115,409170.0,3558.0,0,214,218,5,81,147,Kitchen,Cushion,4657.74,3558.0,0,Monsoon,0
SKU033,2025-09-01,97,345126.0,3558.0,2,371,95,8,40,131,Kitchen,Cushion,4657.74,3558.0,0,Monsoon,1
SKU033,2025-09-08,126,448308.0,3558.0,2,371,95,8,40,131,Kitchen,Cushion,4657.74,3558.0,0,Monsoon,1
SKU033,2025-09-15,110,391380.0,3558.0,2,371,95,8,40,131,Kitchen,Cushion,4657.74,3558.0,0,Monsoon,1
SKU033,2025-09-22,125,444750.0,3558.0,2,371,95,8,40,131,Kitchen,Cushion,4657.74,3558.0,0,Monsoon,1
SKU033,2025-09-29,102,362916.0,3558.0,0,259,94,6,81,144,Kitchen,Cushion,4657.74,3558.0,0,Monsoon,0
SKU033,2025-10-06,88,313104.0,3558.0,0,259,94,6,81,144,Kitchen,Cushion,4657.74,3558.0,0,Autumn,0
SKU033,2025-10-13,100,355800.0,3558.0,0,259,94,6,81,144,Kitchen,Cushion,4657.74,3558.0,0,Autumn,0
SKU033,2025-10-20,95,338010.0,3558.0,0,259,94,6,81,144,Kitchen,Cushion,4657.74,3558.0,1,Autumn,0
SKU033,2025-10-27,95,338010.0,3558.0,2,212,101,9,54,129,Kitchen,Cushion,4657.74,3558.0,0,Autumn,1
SKU033,2025-11-03,119,423402.0,3558.0,2,212,101,9,54,129,Kitchen,Cushion,4657.74,3558.0,0,Autumn,1
SKU033,2025-11-10,116,412728.0,3558.0,2,212,101,9,54,129,Kitchen,Cushion,4657.74,3558.0,0,Autumn,1
SKU033,2025-11-17,120,426960.0,3558.0,2,212,101,9,54,129,Kitchen,Cushion,4657.74,3558.0,0,Autumn,1
SKU033,2025-11-24,121,430518.0,3558.0,2,212,101,9,54,129,Kitchen,Cushion,4657.74,3558.0,0,Autumn,1
SKU033,2025-12-01,117,416286.0,3558.0,0,208,168,12,55,183,Kitchen,Cushion,4657.74,3558.0,0,Winter,0
SKU033,2025-12-08,109,387822.0,3558.0,0,208,168,12,55,183,Kitchen,Cushion,4657.74,3558.0,0,Winter,0
SKU033,2025-12-15,116,412728.0,3558.0,0,208,168,12,55,183,Kitchen,Cushion,4657.74,3558.0,0,Winter,0
SKU033,2025-12-22,96,341568.0,3558.0,0,208,168,12,55,183,Kitchen,Cushion,4657.74,3558.0,1,Winter,0
SKU034,2024-01-01,131,198876.34,1518.14,0,29,2,6,5,11,Lighting,Cookware,1333.43,1518.14,0,Winter,0
SKU034,2024-01-08,146,221648.44,1518.14,0,29,2,6,5,11,Lighting,Cookware,1333.43,1518.14,0,Winter,0
SKU034,2024-01-15,137,207985.18,1518.14,0,29,2,6,5,11,Lighting,Cookware,1333.43,1518.14,0,Winter,0
SKU034,2024-01-22,126,191285.64,1518.14,0,29,2,6,5,11,Lighting,Cookware,1333.43,1518.14,1,Winter,0
SKU034,2024-01-29,153,232275.41999999998,1518.14,0,37,67,11,23,81,Lighting,Cookware,1333.43,1518.14,0,Winter,0
SKU034,2024-02-05,160,242902.40000000002,1518.14,0,37,67,11,23,81,Lighting,Cookware,1333.43,1518.14,0,Winter,0
SKU034,2024-02-12,142,215575.88,1518.14,0,37,67,11,23,81,Lighting,Cookware,1333.43,1518.14,0,Winter,0
SKU034,2024-02-19,132,200394.48,1518.14,0,37,67,11,23,81,Lighting,Cookware,1333.43,1518.14,0,Winter,0
SKU034,2024-02-26,155,235311.7,1518.14,2,197,162,14,42,139,Lighting,Cookware,1333.43,1518.14,0,Winter,1
SKU034,2024-03-04,163,247456.82,1518.14,2,197,162,14,42,139,Lighting,Cookware,1333.43,1518.14,0,Spring,1
SKU034,2024-03-11,161,244420.54,1518.14,2,197,162,14,42,139,Lighting,Cookware,1333.43,1518.14,0,Spring,1
SKU034,2024-03-18,171,259601.94,1518.14,2,197,162,14,42,139,Lighting,Cookware,1333.43,1518.14,0,Spring,1
SKU034,2024-03-25,167,253529.38,1518.14,2,197,162,14,42,139,Lighting,Cookware,1333.43,1518.14,0,Spring,1
SKU034,2024-04-01,179,271747.06,1518.14,0,105,67,6,24,68,Lighting,Cookware,1333.43,1518.14,0,Spring,0
SKU034,2024-04-08,174,264156.36,1518.14,0,105,67,6,24,68,Lighting,Cookware,1333.43,1518.14,0,Spring,0
SKU034,2024-04-15,162,245938.68,1518.14,0,105,67,6,24,68,Lighting,Cookware,1333.43,1518.14,0,Spring,0
SKU034,2024-04-22,160,242902.40000000002,1518.14,0,105,67,6,24,68,Lighting,Cookware,1333.43,1518.14,0,Spring,0
SKU034,2024-04-29,170,258083.8,1518.14,0,94,174,9,32,89,Lighting,Cookware,1333.43,1518.14,0,Spring,0
SKU034,2024-05-06,153,232275.41999999998,1518.14,0,94,174,9,32,89,Lighting,Cookware,1333.43,1518.14,0,Summer,0
SKU034,2024-05-13,163,247456.82,1518.14,0,94,174,9,32,89,Lighting,Cookware,1333.43,1518.14,0,Summer,0
SKU034,2024-05-20,147,223166.58000000002,1518.14,0,94,174,9,32,89,Lighting,Cookware,1333.43,1518.14,0,Summer,0
SKU034,2024-05-27,170,258083.8,1518.14,2,168,22,3,44,65,Lighting,Cookware,1333.43,1518.14,0,Summer,1
SKU034,2024-06-03,171,259601.94,1518.14,2,168,22,3,44,65,Lighting,Cookware,1333.43,1518.14,0,Summer,1
SKU034,2024-06-10,165,250493.1,1518.14,2,168,22,3,44,65,Lighting,Cookware,1333.43,1518.14,0,Summer,1
SKU034,2024-06-17,170,258083.8,1518.14,2,168,22,3,44,65,Lighting,Cookware,1333.43,1518.14,0,Summer,1
SKU034,2024-06-24,181,274783.34,1518.14,2,168,22,3,44,65,Lighting,Cookware,1333.43,1518.14,0,Summer,1
SKU034,2024-07-01,148,224684.72,1518.14,0,171,238,13,49,139,Lighting,Cookware,1333.43,1518.14,0,Monsoon,0
SKU034,2024-07-08,120,182176.80000000002,1518.14,0,171,238,13,49,139,Lighting,Cookware,1333.43,1518.14,0,Monsoon,0
SKU034,2024-07-15,127,192803.78,1518.14,0,171,238,13,49,139,Lighting,Cookware,1333.43,1518.14,0,Monsoon,0
SKU034,2024-07-22,132,200394.48,1518.14,0,171,238,13,49,139,Lighting,Cookware,1333.43,1518.14,0,Monsoon,0
SKU034,2024-07-29,117,177622.38,1518.14,0,206,6,5,24,54,Lighting,Cookware,1333.43,1518.14,0,Monsoon,0
SKU034,2024-08-05,129,195840.06,1518.14,0,206,6,5,24,54,Lighting,Cookware,1333.43,1518.14,0,Monsoon,0
SKU034,2024-08-12,120,182176.8,1518.14,0,206,6,5,24,54,Lighting,Cookware,1333.43,1518.14,1,Monsoon,0
SKU034,2024-08-19,95,144223.3,1518.14,0,206,6,5,24,54,Lighting,Cookware,1333.43,1518.14,0,Monsoon,0
SKU034,2024-08-26,115,174586.1,1518.14,1,137,39,14,34,104,Lighting,Cookware,1333.43,1518.14,0,Monsoon,1
SKU034,2024-09-02,110,166995.4,1518.14,2,137,39,14,34,104,Lighting,Cookware,1333.43,1518.14,0,Monsoon,1
SKU034,2024-09-09,150,227721.0,1518.14,2,137,39,14,34,104,Lighting,Cookware,1333.43,1518.14,0,Monsoon,1
SKU034,2024-09-16,153,232275.41999999998,1518.14,2,137,39,14,34,104,Lighting,Cookware,1333.43,1518.14,0,Monsoon,1
SKU034,2024-09-23,111,168513.54,1518.14,2,137,39,14,34,104,Lighting,Cookware,1333.43,1518.14,0,Monsoon,1
SKU034,2024-09-30,118,179140.52,1518.14,0,99,49,5,23,50,Lighting,Cookware,1333.43,1518.14,0,Monsoon,0
SKU034,2024-10-07,99,150295.86,1518.14,0,99,49,5,23,50,Lighting,Cookware,1333.43,1518.14,0,Autumn,0
SKU034,2024-10-14,116,176104.24,1518.14,0,99,49,5,23,50,Lighting,Cookware,1333.43,1518.14,0,Autumn,0
SKU034,2024-10-21,111,168513.54,1518.14,0,99,49,5,23,50,Lighting,Cookware,1333.43,1518.14,0,Autumn,0
SKU034,2024-10-28,137,207985.18,1518.14,2,166,27,14,37,107,Lighting,Cookware,1333.43,1518.14,1,Autumn,1
SKU034,2024-11-04,122,185213.08000000002,1518.14,2,166,27,14,37,107,Lighting,Cookware,1333.43,1518.14,0,Autumn,1
SKU034,2024-11-11,131,198876.34,1518.14,2,166,27,14,37,107,Lighting,Cookware,1333.43,1518.14,0,Autumn,1
SKU034,2024-11-18,121,183694.94,1518.14,2,166,27,14,37,107,Lighting,Cookware,1333.43,1518.14,0,Autumn,1
SKU034,2024-11-25,142,215575.88,1518.14,1,33,28,11,30,83,Lighting,Cookware,1333.43,1518.14,0,Autumn,1
SKU034,2024-12-02,128,194321.91999999998,1518.14,0,33,28,11,30,83,Lighting,Cookware,1333.43,1518.14,0,Winter,0
SKU034,2024-12-09,137,207985.18,1518.14,0,33,28,11,30,83,Lighting,Cookware,1333.43,1518.14,0,Winter,0
SKU034,2024-12-16,114,173067.96000000002,1518.14,0,33,28,11,30,83,Lighting,Cookware,1333.43,1518.14,0,Winter,0
SKU034,2024-12-23,127,192803.78,1518.14,0,33,28,11,30,83,Lighting,Cookware,1333.43,1518.14,1,Winter,0
SKU034,2024-12-30,129,195840.06,1518.14,0,41,88,12,35,103,Lighting,Cookware,1333.43,1518.14,0,Winter,0
SKU034,2025-01-06,128,194321.92,1518.14,0,41,88,12,35,103,Lighting,Cookware,1333.43,1518.14,0,Winter,0
SKU034,2025-01-13,134,203430.76,1518.14,0,41,88,12,35,103,Lighting,Cookware,1333.43,1518.14,0,Winter,0
SKU034,2025-01-20,148,224684.72,1518.14,0,41,88,12,35,103,Lighting,Cookware,1333.43,1518.14,1,Winter,0
SKU034,2025-01-27,142,215575.88,1518.14,0,188,31,7,20,61,Lighting,Cookware,1333.43,1518.14,0,Winter,0
SKU034,2025-02-03,145,220130.3,1518.14,0,188,31,7,20,61,Lighting,Cookware,1333.43,1518.14,0,Winter,0
SKU034,2025-02-10,160,242902.4,1518.14,0,188,31,7,20,61,Lighting,Cookware,1333.43,1518.14,0,Winter,0
SKU034,2025-02-17,163,247456.82,1518.14,0,188,31,7,20,61,Lighting,Cookware,1333.43,1518.14,0,Winter,0
SKU034,2025-02-24,153,232275.41999999998,1518.14,2,174,4,4,37,62,Lighting,Cookware,1333.43,1518.14,0,Winter,1
SKU034,2025-03-03,176,267192.64,1518.14,2,174,4,4,37,62,Lighting,Cookware,1333.43,1518.14,0,Spring,1
SKU034,2025-03-10,197,299073.58,1518.14,2,174,4,4,37,62,Lighting,Cookware,1333.43,1518.14,0,Spring,1
SKU034,2025-03-17,170,258083.8,1518.14,2,174,4,4,37,62,Lighting,Cookware,1333.43,1518.14,0,Spring,1
SKU034,2025-03-24,176,267192.64,1518.14,2,174,4,4,37,62,Lighting,Cookware,1333.43,1518.14,0,Spring,1
SKU034,2025-03-31,159,241384.26,1518.14,0,129,86,6,32,77,Lighting,Cookware,1333.43,1518.14,0,Spring,0
SKU034,2025-04-07,150,227721.0,1518.14,0,129,86,6,32,77,Lighting,Cookware,1333.43,1518.14,0,Spring,0
SKU034,2025-04-14,156,236829.84,1518.14,0,129,86,6,32,77,Lighting,Cookware,1333.43,1518.14,0,Spring,0
SKU034,2025-04-21,170,258083.8,1518.14,0,129,86,6,32,77,Lighting,Cookware,1333.43,1518.14,0,Spring,0
SKU034,2025-04-28,150,227721.0,1518.14,0,75,154,9,49,106,Lighting,Cookware,1333.43,1518.14,0,Spring,0
SKU034,2025-05-05,127,192803.78,1518.14,0,75,154,9,49,106,Lighting,Cookware,1333.43,1518.14,0,Summer,0
SKU034,2025-05-12,171,259601.94,1518.14,0,75,154,9,49,106,Lighting,Cookware,1333.43,1518.14,0,Summer,0
SKU034,2025-05-19,162,245938.68,1518.14,0,75,154,9,49,106,Lighting,Cookware,1333.43,1518.14,0,Summer,0
SKU034,2025-05-26,180,273265.2,1518.14,1,50,112,6,50,91,Lighting,Cookware,1333.43,1518.14,0,Summer,1
SKU034,2025-06-02,163,247456.82,1518.14,2,50,112,6,50,91,Lighting,Cookware,1333.43,1518.14,0,Summer,1
SKU034,2025-06-09,162,245938.68,1518.14,2,50,112,6,50,91,Lighting,Cookware,1333.43,1518.14,0,Summer,1
SKU034,2025-06-16,163,247456.82,1518.14,2,50,112,6,50,91,Lighting,Cookware,1333.43,1518.14,0,Summer,1
SKU034,2025-06-23,172,261120.08000000002,1518.14,2,50,112,6,50,91,Lighting,Cookware,1333.43,1518.14,0,Summer,1
SKU034,2025-06-30,134,203430.76,1518.14,0,137,205,13,22,113,Lighting,Cookware,1333.43,1518.14,0,Summer,0
SKU034,2025-07-07,118,179140.52,1518.14,0,137,205,13,22,113,Lighting,Cookware,1333.43,1518.14,0,Monsoon,0
SKU034,2025-07-14,147,223166.58000000002,1518.14,0,137,205,13,22,113,Lighting,Cookware,1333.43,1518.14,0,Monsoon,0
SKU034,2025-07-21,152,230757.28,1518.14,0,137,205,13,22,113,Lighting,Cookware,1333.43,1518.14,0,Monsoon,0
SKU034,2025-07-28,124,188249.36,1518.14,0,104,83,9,36,89,Lighting,Cookware,1333.43,1518.14,0,Monsoon,0
SKU034,2025-08-04,111,168513.54,1518.14,0,104,83,9,36,89,Lighting,Cookware,1333.43,1518.14,0,Monsoon,0
SKU034,2025-08-11,135,204948.9,1518.14,0,104,83,9,36,89,Lighting,Cookware,1333.43,1518.14,1,Monsoon,0
SKU034,2025-08-18,103,156368.42,1518.14,0,104,83,9,36,89,Lighting,Cookware,1333.43,1518.14,0,Monsoon,0
SKU034,2025-08-25,138,209503.32,1518.14,0,104,83,9,36,89,Lighting,Cookware,1333.43,1518.14,0,Monsoon,0
SKU034,2025-09-01,150,227721.0,1518.14,2,94,61,13,29,96,Lighting,Cookware,1333.43,1518.14,0,Monsoon,1
SKU034,2025-09-08,115,174586.1,1518.14,2,94,61,13,29,96,Lighting,Cookware,1333.43,1518.14,0,Monsoon,1
SKU034,2025-09-15,110,166995.4,1518.14,2,94,61,13,29,96,Lighting,Cookware,1333.43,1518.14,0,Monsoon,1
SKU034,2025-09-22,148,224684.72,1518.14,2,94,61,13,29,96,Lighting,Cookware,1333.43,1518.14,0,Monsoon,1
SKU034,2025-09-29,106,160922.84,1518.14,0,46,83,10,24,70,Lighting,Cookware,1333.43,1518.14,0,Monsoon,0
SKU034,2025-10-06,97,147259.58000000002,1518.14,0,46,83,10,24,70,Lighting,Cookware,1333.43,1518.14,0,Autumn,0
SKU034,2025-10-13,115,174586.1,1518.14,0,46,83,10,24,70,Lighting,Cookware,1333.43,1518.14,0,Autumn,0
SKU034,2025-10-20,101,153332.14,1518.14,0,46,83,10,24,70,Lighting,Cookware,1333.43,1518.14,1,Autumn,0
SKU034,2025-10-27,122,185213.08000000002,1518.14,2,109,105,12,21,84,Lighting,Cookware,1333.43,1518.14,0,Autumn,1
SKU034,2025-11-03,129,195840.06,1518.14,2,109,105,12,21,84,Lighting,Cookware,1333.43,1518.14,0,Autumn,1
SKU034,2025-11-10,118,179140.52000000002,1518.14,2,109,105,12,21,84,Lighting,Cookware,1333.43,1518.14,0,Autumn,1
SKU034,2025-11-17,133,201912.62,1518.14,2,109,105,12,21,84,Lighting,Cookware,1333.43,1518.14,0,Autumn,1
SKU034,2025-11-24,130,197358.2,1518.14,2,109,105,12,21,84,Lighting,Cookware,1333.43,1518.14,0,Autumn,1
SKU034,2025-12-01,147,223166.58000000002,1518.14,0,34,103,5,34,58,Lighting,Cookware,1333.43,1518.14,0,Winter,0
SKU034,2025-12-08,118,179140.52,1518.14,0,34,103,5,34,58,Lighting,Cookware,1333.43,1518.14,0,Winter,0
SKU034,2025-12-15,119,180658.66,1518.14,0,34,103,5,34,58,Lighting,Cookware,1333.43,1518.14,0,Winter,0
SKU034,2025-12-22,124,188249.36,1518.14,0,34,103,5,34,58,Lighting,Cookware,1333.43,1518.14,1,Winter,0
SKU035,2024-01-01,146,1587047.74,10870.19,0,23,18,5,5,10,Storage,Lamp,1137.61,10870.19,0,Winter,0
SKU035,2024-01-08,159,1728360.21,10870.19,0,23,18,5,5,10,Storage,Lamp,1137.61,10870.19,0,Winter,0
SKU035,2024-01-15,154,1674009.26,10870.19,0,23,18,5,5,10,Storage,Lamp,1137.61,10870.19,0,Winter,0
SKU035,2024-01-22,139,1510956.41,10870.19,0,23,18,5,5,10,Storage,Lamp,1137.61,10870.19,1,Winter,0
SKU035,2024-01-29,154,1674009.26,10870.19,0,552,394,13,169,460,Storage,Lamp,1137.61,10870.19,0,Winter,0
SKU035,2024-02-05,153,1663139.07,10870.19,0,552,394,13,169,460,Storage,Lamp,1137.61,10870.19,0,Winter,0
SKU035,2024-02-12,165,1793581.35,10870.19,0,552,394,13,169,460,Storage,Lamp,1137.61,10870.19,0,Winter,0
SKU035,2024-02-19,163,1771840.97,10870.19,0,552,394,13,169,460,Storage,Lamp,1137.61,10870.19,0,Winter,0
SKU035,2024-02-26,173,1880542.87,10870.19,2,349,30,4,129,229,Storage,Lamp,1137.61,10870.19,0,Winter,1
SKU035,2024-03-04,177,1924023.6300000001,10870.19,2,349,30,4,129,229,Storage,Lamp,1137.61,10870.19,0,Spring,1
SKU035,2024-03-11,177,1924023.63,10870.19,2,349,30,4,129,229,Storage,Lamp,1137.61,10870.19,0,Spring,1
SKU035,2024-03-18,185,2010985.15,10870.19,2,349,30,4,129,229,Storage,Lamp,1137.61,10870.19,0,Spring,1
SKU035,2024-03-25,176,1913153.44,10870.19,2,349,30,4,129,229,Storage,Lamp,1137.61,10870.19,0,Spring,1
SKU035,2024-04-01,165,1793581.35,10870.19,0,210,529,5,136,272,Storage,Lamp,1137.61,10870.19,0,Spring,0
SKU035,2024-04-08,187,2032725.53,10870.19,0,210,529,5,136,272,Storage,Lamp,1137.61,10870.19,0,Spring,0
SKU035,2024-04-15,159,1728360.21,10870.19,0,210,529,5,136,272,Storage,Lamp,1137.61,10870.19,0,Spring,0
SKU035,2024-04-22,201,2184908.19,10870.19,0,210,529,5,136,272,Storage,Lamp,1137.61,10870.19,0,Spring,0
SKU035,2024-04-29,169,1837062.11,10870.19,0,571,124,3,105,183,Storage,Lamp,1137.61,10870.19,0,Spring,0
SKU035,2024-05-06,159,1728360.21,10870.19,0,571,124,3,105,183,Storage,Lamp,1137.61,10870.19,0,Summer,0
SKU035,2024-05-13,158,1717490.02,10870.19,0,571,124,3,105,183,Storage,Lamp,1137.61,10870.19,0,Summer,0
SKU035,2024-05-20,174,1891413.06,10870.19,0,571,124,3,105,183,Storage,Lamp,1137.61,10870.19,0,Summer,0
SKU035,2024-05-27,176,1913153.44,10870.19,2,799,666,9,136,349,Storage,Lamp,1137.61,10870.19,0,Summer,1
SKU035,2024-06-03,166,1804451.54,10870.19,2,799,666,9,136,349,Storage,Lamp,1137.61,10870.19,0,Summer,1
SKU035,2024-06-10,195,2119687.05,10870.19,2,799,666,9,136,349,Storage,Lamp,1137.61,10870.19,0,Summer,1
SKU035,2024-06-17,159,1728360.21,10870.19,2,799,666,9,136,349,Storage,Lamp,1137.61,10870.19,0,Summer,1
SKU035,2024-06-24,177,1924023.63,10870.19,2,799,666,9,136,349,Storage,Lamp,1137.61,10870.19,0,Summer,1
SKU035,2024-07-01,143,1554437.17,10870.19,0,567,216,3,102,182,Storage,Lamp,1137.61,10870.19,0,Monsoon,0
SKU035,2024-07-08,159,1728360.21,10870.19,0,567,216,3,102,182,Storage,Lamp,1137.61,10870.19,0,Monsoon,0
SKU035,2024-07-15,132,1434865.08,10870.19,0,567,216,3,102,182,Storage,Lamp,1137.61,10870.19,0,Monsoon,0
SKU035,2024-07-22,159,1728360.21,10870.19,0,567,216,3,102,182,Storage,Lamp,1137.61,10870.19,0,Monsoon,0
SKU035,2024-07-29,144,1565307.36,10870.19,0,220,377,12,127,413,Storage,Lamp,1137.61,10870.19,0,Monsoon,0
SKU035,2024-08-05,137,1489216.03,10870.19,0,220,377,12,127,413,Storage,Lamp,1137.61,10870.19,0,Monsoon,0
SKU035,2024-08-12,137,1489216.03,10870.19,0,220,377,12,127,413,Storage,Lamp,1137.61,10870.19,1,Monsoon,0
SKU035,2024-08-19,125,1358773.75,10870.19,0,220,377,12,127,413,Storage,Lamp,1137.61,10870.19,0,Monsoon,0
SKU035,2024-08-26,135,1467475.65,10870.19,1,676,349,13,90,343,Storage,Lamp,1137.61,10870.19,0,Monsoon,1
SKU035,2024-09-02,120,1304422.8,10870.19,2,676,349,13,90,343,Storage,Lamp,1137.61,10870.19,0,Monsoon,1
SKU035,2024-09-09,134,1456605.46,10870.19,2,676,349,13,90,343,Storage,Lamp,1137.61,10870.19,0,Monsoon,1
SKU035,2024-09-16,133,1445735.27,10870.19,2,676,349,13,90,343,Storage,Lamp,1137.61,10870.19,0,Monsoon,1
SKU035,2024-09-23,130,1413124.7,10870.19,2,676,349,13,90,343,Storage,Lamp,1137.61,10870.19,0,Monsoon,1
SKU035,2024-09-30,114,1239201.6600000001,10870.19,0,563,254,6,94,216,Storage,Lamp,1137.61,10870.19,0,Monsoon,0
SKU035,2024-10-07,102,1108759.38,10870.19,0,563,254,6,94,216,Storage,Lamp,1137.61,10870.19,0,Autumn,0
SKU035,2024-10-14,126,1369643.94,10870.19,0,563,254,6,94,216,Storage,Lamp,1137.61,10870.19,0,Autumn,0
SKU035,2024-10-21,102,1108759.38,10870.19,0,563,254,6,94,216,Storage,Lamp,1137.61,10870.19,0,Autumn,0
SKU035,2024-10-28,119,1293552.6099999999,10870.19,2,541,390,11,97,273,Storage,Lamp,1137.61,10870.19,1,Autumn,1
SKU035,2024-11-04,124,1347903.56,10870.19,2,541,390,11,97,273,Storage,Lamp,1137.61,10870.19,0,Autumn,1
SKU035,2024-11-11,117,1271812.23,10870.19,2,541,390,11,97,273,Storage,Lamp,1137.61,10870.19,0,Autumn,1
SKU035,2024-11-18,135,1467475.65,10870.19,2,541,390,11,97,273,Storage,Lamp,1137.61,10870.19,0,Autumn,1
SKU035,2024-11-25,132,1434865.08,10870.19,1,486,93,12,98,333,Storage,Lamp,1137.61,10870.19,0,Autumn,1
SKU035,2024-12-02,135,1467475.65,10870.19,0,486,93,12,98,333,Storage,Lamp,1137.61,10870.19,0,Winter,0
SKU035,2024-12-09,133,1445735.27,10870.19,0,486,93,12,98,333,Storage,Lamp,1137.61,10870.19,0,Winter,0
SKU035,2024-12-16,134,1456605.46,10870.19,0,486,93,12,98,333,Storage,Lamp,1137.61,10870.19,0,Winter,0
SKU035,2024-12-23,126,1369643.94,10870.19,0,486,93,12,98,333,Storage,Lamp,1137.61,10870.19,1,Winter,0
SKU035,2024-12-30,139,1510956.4100000001,10870.19,0,599,155,10,117,312,Storage,Lamp,1137.61,10870.19,0,Winter,0
SKU035,2025-01-06,149,1619658.31,10870.19,0,599,155,10,117,312,Storage,Lamp,1137.61,10870.19,0,Winter,0
SKU035,2025-01-13,122,1326163.18,10870.19,0,599,155,10,117,312,Storage,Lamp,1137.61,10870.19,0,Winter,0
SKU035,2025-01-20,148,1608788.1199999999,10870.19,0,599,155,10,117,312,Storage,Lamp,1137.61,10870.19,1,Winter,0
SKU035,2025-01-27,140,1521826.6,10870.19,0,395,233,6,82,207,Storage,Lamp,1137.61,10870.19,0,Winter,0
SKU035,2025-02-03,179,1945764.01,10870.19,0,395,233,6,82,207,Storage,Lamp,1137.61,10870.19,0,Winter,0
SKU035,2025-02-10,184,2000114.96,10870.19,0,395,233,6,82,207,Storage,Lamp,1137.61,10870.19,0,Winter,0
SKU035,2025-02-17,165,1793581.35,10870.19,0,395,233,6,82,207,Storage,Lamp,1137.61,10870.19,0,Winter,0
SKU035,2025-02-24,189,2054465.9100000001,10870.19,2,495,388,9,128,330,Storage,Lamp,1137.61,10870.19,0,Winter,1
SKU035,2025-03-03,175,1902283.25,10870.19,2,495,388,9,128,330,Storage,Lamp,1137.61,10870.19,0,Spring,1
SKU035,2025-03-10,162,1760970.78,10870.19,2,495,388,9,128,330,Storage,Lamp,1137.61,10870.19,0,Spring,1
SKU035,2025-03-17,176,1913153.44,10870.19,2,495,388,9,128,330,Storage,Lamp,1137.61,10870.19,0,Spring,1
SKU035,2025-03-24,181,1967504.3900000001,10870.19,2,495,388,9,128,330,Storage,Lamp,1137.61,10870.19,0,Spring,1
SKU035,2025-03-31,164,1782711.16,10870.19,0,700,499,4,152,261,Storage,Lamp,1137.61,10870.19,0,Spring,0
SKU035,2025-04-07,187,2032725.53,10870.19,0,700,499,4,152,261,Storage,Lamp,1137.61,10870.19,0,Spring,0
SKU035,2025-04-14,173,1880542.87,10870.19,0,700,499,4,152,261,Storage,Lamp,1137.61,10870.19,0,Spring,0
SKU035,2025-04-21,160,1739230.4,10870.19,0,700,499,4,152,261,Storage,Lamp,1137.61,10870.19,0,Spring,0
SKU035,2025-04-28,176,1913153.44,10870.19,0,349,465,8,190,394,Storage,Lamp,1137.61,10870.19,0,Spring,0
SKU035,2025-05-05,180,1956634.2,10870.19,0,349,465,8,190,394,Storage,Lamp,1137.61,10870.19,0,Summer,0
SKU035,2025-05-12,181,1967504.3900000001,10870.19,0,349,465,8,190,394,Storage,Lamp,1137.61,10870.19,0,Summer,0
SKU035,2025-05-19,169,1837062.1099999999,10870.19,0,349,465,8,190,394,Storage,Lamp,1137.61,10870.19,0,Summer,0
SKU035,2025-05-26,183,1989244.77,10870.19,1,621,356,5,173,302,Storage,Lamp,1137.61,10870.19,0,Summer,1
SKU035,2025-06-02,190,2065336.1,10870.19,2,621,356,5,173,302,Storage,Lamp,1137.61,10870.19,0,Summer,1
SKU035,2025-06-09,163,1771840.97,10870.19,2,621,356,5,173,302,Storage,Lamp,1137.61,10870.19,0,Summer,1
SKU035,2025-06-16,152,1652268.88,10870.19,2,621,356,5,173,302,Storage,Lamp,1137.61,10870.19,0,Summer,1
SKU035,2025-06-23,177,1924023.63,10870.19,2,621,356,5,173,302,Storage,Lamp,1137.61,10870.19,0,Summer,1
SKU035,2025-06-30,148,1608788.12,10870.19,0,830,605,10,91,331,Storage,Lamp,1137.61,10870.19,0,Summer,0
SKU035,2025-07-07,123,1337033.37,10870.19,0,830,605,10,91,331,Storage,Lamp,1137.61,10870.19,0,Monsoon,0
SKU035,2025-07-14,132,1434865.08,10870.19,0,830,605,10,91,331,Storage,Lamp,1137.61,10870.19,0,Monsoon,0
SKU035,2025-07-21,154,1674009.26,10870.19,0,830,605,10,91,331,Storage,Lamp,1137.61,10870.19,0,Monsoon,0
SKU035,2025-07-28,137,1489216.03,10870.19,0,554,621,14,98,383,Storage,Lamp,1137.61,10870.19,0,Monsoon,0
SKU035,2025-08-04,134,1456605.46,10870.19,0,554,621,14,98,383,Storage,Lamp,1137.61,10870.19,0,Monsoon,0
SKU035,2025-08-11,146,1587047.74,10870.19,0,554,621,14,98,383,Storage,Lamp,1137.61,10870.19,1,Monsoon,0
SKU035,2025-08-18,117,1271812.23,10870.19,0,554,621,14,98,383,Storage,Lamp,1137.61,10870.19,0,Monsoon,0
SKU035,2025-08-25,132,1434865.08,10870.19,0,554,621,14,98,383,Storage,Lamp,1137.61,10870.19,0,Monsoon,0
SKU035,2025-09-01,147,1597917.93,10870.19,2,491,201,8,140,292,Storage,Lamp,1137.61,10870.19,0,Monsoon,1
SKU035,2025-09-08,119,1293552.61,10870.19,2,491,201,8,140,292,Storage,Lamp,1137.61,10870.19,0,Monsoon,1
SKU035,2025-09-15,138,1500086.22,10870.19,2,491,201,8,140,292,Storage,Lamp,1137.61,10870.19,0,Monsoon,1
SKU035,2025-09-22,123,1337033.37,10870.19,2,491,201,8,140,292,Storage,Lamp,1137.61,10870.19,0,Monsoon,1
SKU035,2025-09-29,134,1456605.46,10870.19,0,394,292,4,131,207,Storage,Lamp,1137.61,10870.19,0,Monsoon,0
SKU035,2025-10-06,108,1173980.52,10870.19,0,394,292,4,131,207,Storage,Lamp,1137.61,10870.19,0,Autumn,0
SKU035,2025-10-13,129,1402254.51,10870.19,0,394,292,4,131,207,Storage,Lamp,1137.61,10870.19,0,Autumn,0
SKU035,2025-10-20,135,1467475.65,10870.19,0,394,292,4,131,207,Storage,Lamp,1137.61,10870.19,1,Autumn,0
SKU035,2025-10-27,117,1271812.23,10870.19,2,579,5,4,117,185,Storage,Lamp,1137.61,10870.19,0,Autumn,1
SKU035,2025-11-03,113,1228331.47,10870.19,2,579,5,4,117,185,Storage,Lamp,1137.61,10870.19,0,Autumn,1
SKU035,2025-11-10,124,1347903.56,10870.19,2,579,5,4,117,185,Storage,Lamp,1137.61,10870.19,0,Autumn,1
SKU035,2025-11-17,133,1445735.27,10870.19,2,579,5,4,117,185,Storage,Lamp,1137.61,10870.19,0,Autumn,1
SKU035,2025-11-24,131,1423994.8900000001,10870.19,2,579,5,4,117,185,Storage,Lamp,1137.61,10870.19,0,Autumn,1
SKU035,2025-12-01,128,1391384.32,10870.19,0,670,76,8,137,304,Storage,Lamp,1137.61,10870.19,0,Winter,0
SKU035,2025-12-08,128,1391384.32,10870.19,0,670,76,8,137,304,Storage,Lamp,1137.61,10870.19,0,Winter,0
SKU035,2025-12-15,127,1380514.13,10870.19,0,670,76,8,137,304,Storage,Lamp,1137.61,10870.19,0,Winter,0
SKU035,2025-12-22,148,1608788.12,10870.19,0,670,76,8,137,304,Storage,Lamp,1137.61,10870.19,1,Winter,0
SKU036,2024-01-01,25,142175.0,5687.0,0,25,16,6,6,12,Furniture,Shelf,5430.12,5687.0,0,Winter,0
SKU036,2024-01-08,28,159236.0,5687.0,0,25,16,6,6,12,Furniture,Shelf,5430.12,5687.0,0,Winter,0
SKU036,2024-01-15,40,227480.0,5687.0,0,25,16,6,6,12,Furniture,Shelf,5430.12,5687.0,0,Winter,0
SKU036,2024-01-22,39,221793.0,5687.0,0,25,16,6,6,12,Furniture,Shelf,5430.12,5687.0,1,Winter,0
SKU036,2024-01-29,46,261602.0,5687.0,0,223,124,14,130,414,Furniture,Shelf,5430.12,5687.0,0,Winter,0
SKU036,2024-02-05,29,164923.0,5687.0,0,223,124,14,130,414,Furniture,Shelf,5430.12,5687.0,0,Winter,0
SKU036,2024-02-12,41,233167.0,5687.0,0,223,124,14,130,414,Furniture,Shelf,5430.12,5687.0,0,Winter,0
SKU036,2024-02-19,33,187671.0,5687.0,0,223,124,14,130,414,Furniture,Shelf,5430.12,5687.0,0,Winter,0
SKU036,2024-02-26,47,267289.0,5687.0,2,428,259,4,80,171,Furniture,Shelf,5430.12,5687.0,0,Winter,1
SKU036,2024-03-04,53,301411.0,5687.0,2,428,259,4,80,171,Furniture,Shelf,5430.12,5687.0,0,Spring,1
SKU036,2024-03-11,33,187671.0,5687.0,2,428,259,4,80,171,Furniture,Shelf,5430.12,5687.0,0,Spring,1
SKU036,2024-03-18,49,278663.0,5687.0,2,428,259,4,80,171,Furniture,Shelf,5430.12,5687.0,0,Spring,1
SKU036,2024-03-25,41,233167.0,5687.0,2,428,259,4,80,171,Furniture,Shelf,5430.12,5687.0,0,Spring,1
SKU036,2024-04-01,49,278663.0,5687.0,0,395,361,14,91,429,Furniture,Shelf,5430.12,5687.0,0,Spring,0
SKU036,2024-04-08,44,250228.0,5687.0,0,395,361,14,91,429,Furniture,Shelf,5430.12,5687.0,0,Spring,0
SKU036,2024-04-15,44,250228.0,5687.0,0,395,361,14,91,429,Furniture,Shelf,5430.12,5687.0,0,Spring,0
SKU036,2024-04-22,33,187671.0,5687.0,0,395,361,14,91,429,Furniture,Shelf,5430.12,5687.0,0,Spring,0
SKU036,2024-04-29,28,159236.0,5687.0,0,355,190,5,92,206,Furniture,Shelf,5430.12,5687.0,0,Spring,0
SKU036,2024-05-06,24,136488.0,5687.0,0,355,190,5,92,206,Furniture,Shelf,5430.12,5687.0,0,Summer,0
SKU036,2024-05-13,39,221793.0,5687.0,0,355,190,5,92,206,Furniture,Shelf,5430.12,5687.0,0,Summer,0
SKU036,2024-05-20,30,170610.0,5687.0,0,355,190,5,92,206,Furniture,Shelf,5430.12,5687.0,0,Summer,0
SKU036,2024-05-27,45,255915.0,5687.0,2,214,501,7,118,272,Furniture,Shelf,5430.12,5687.0,0,Summer,1
SKU036,2024-06-03,43,244541.0,5687.0,2,214,501,7,118,272,Furniture,Shelf,5430.12,5687.0,0,Summer,1
SKU036,2024-06-10,41,233167.0,5687.0,2,214,501,7,118,272,Furniture,Shelf,5430.12,5687.0,0,Summer,1
SKU036,2024-06-17,27,153549.0,5687.0,2,214,501,7,118,272,Furniture,Shelf,5430.12,5687.0,0,Summer,1
SKU036,2024-06-24,39,221793.0,5687.0,2,214,501,7,118,272,Furniture,Shelf,5430.12,5687.0,0,Summer,1
SKU036,2024-07-01,21,119427.0,5687.0,0,166,599,9,133,334,Furniture,Shelf,5430.12,5687.0,0,Monsoon,0
SKU036,2024-07-08,21,119427.0,5687.0,0,166,599,9,133,334,Furniture,Shelf,5430.12,5687.0,0,Monsoon,0
SKU036,2024-07-15,49,278663.0,5687.0,0,166,599,9,133,334,Furniture,Shelf,5430.12,5687.0,0,Monsoon,0
SKU036,2024-07-22,31,176297.0,5687.0,0,166,599,9,133,334,Furniture,Shelf,5430.12,5687.0,0,Monsoon,0
SKU036,2024-07-29,25,142175.0,5687.0,0,351,202,4,75,151,Furniture,Shelf,5430.12,5687.0,0,Monsoon,0
SKU036,2024-08-05,21,119427.0,5687.0,0,351,202,4,75,151,Furniture,Shelf,5430.12,5687.0,0,Monsoon,0
SKU036,2024-08-12,24,136488.0,5687.0,0,351,202,4,75,151,Furniture,Shelf,5430.12,5687.0,1,Monsoon,0
SKU036,2024-08-19,34,193358.0,5687.0,0,351,202,4,75,151,Furniture,Shelf,5430.12,5687.0,0,Monsoon,0
SKU036,2024-08-26,28,159236.0,5687.0,1,296,578,11,119,311,Furniture,Shelf,5430.12,5687.0,0,Monsoon,1
SKU036,2024-09-02,33,187671.0,5687.0,2,296,578,11,119,311,Furniture,Shelf,5430.12,5687.0,0,Monsoon,1
SKU036,2024-09-09,30,170610.0,5687.0,2,296,578,11,119,311,Furniture,Shelf,5430.12,5687.0,0,Monsoon,1
SKU036,2024-09-16,28,159236.0,5687.0,2,296,578,11,119,311,Furniture,Shelf,5430.12,5687.0,0,Monsoon,1
SKU036,2024-09-23,32,181984.0,5687.0,2,296,578,11,119,311,Furniture,Shelf,5430.12,5687.0,0,Monsoon,1
SKU036,2024-09-30,27,153549.0,5687.0,0,533,84,4,66,140,Furniture,Shelf,5430.12,5687.0,0,Monsoon,0
SKU036,2024-10-07,35,199045.0,5687.0,0,533,84,4,66,140,Furniture,Shelf,5430.12,5687.0,0,Autumn,0
SKU036,2024-10-14,29,164923.0,5687.0,0,533,84,4,66,140,Furniture,Shelf,5430.12,5687.0,0,Autumn,0
SKU036,2024-10-21,21,119427.0,5687.0,0,533,84,4,66,140,Furniture,Shelf,5430.12,5687.0,0,Autumn,0
SKU036,2024-10-28,28,159236.0,5687.0,2,82,329,10,72,222,Furniture,Shelf,5430.12,5687.0,1,Autumn,1
SKU036,2024-11-04,33,187671.0,5687.0,2,82,329,10,72,222,Furniture,Shelf,5430.12,5687.0,0,Autumn,1
SKU036,2024-11-11,40,227480.0,5687.0,2,82,329,10,72,222,Furniture,Shelf,5430.12,5687.0,0,Autumn,1
SKU036,2024-11-18,33,187671.0,5687.0,2,82,329,10,72,222,Furniture,Shelf,5430.12,5687.0,0,Autumn,1
SKU036,2024-11-25,25,142175.0,5687.0,1,466,326,13,136,368,Furniture,Shelf,5430.12,5687.0,0,Autumn,1
SKU036,2024-12-02,26,147862.0,5687.0,0,466,326,13,136,368,Furniture,Shelf,5430.12,5687.0,0,Winter,0
SKU036,2024-12-09,36,204732.0,5687.0,0,466,326,13,136,368,Furniture,Shelf,5430.12,5687.0,0,Winter,0
SKU036,2024-12-16,25,142175.0,5687.0,0,466,326,13,136,368,Furniture,Shelf,5430.12,5687.0,0,Winter,0
SKU036,2024-12-23,37,210419.0,5687.0,0,466,326,13,136,368,Furniture,Shelf,5430.12,5687.0,1,Winter,0
SKU036,2024-12-30,22,125114.0,5687.0,0,216,140,14,94,348,Furniture,Shelf,5430.12,5687.0,0,Winter,0
SKU036,2025-01-06,32,181984.0,5687.0,0,216,140,14,94,348,Furniture,Shelf,5430.12,5687.0,0,Winter,0
SKU036,2025-01-13,36,204732.0,5687.0,0,216,140,14,94,348,Furniture,Shelf,5430.12,5687.0,0,Winter,0
SKU036,2025-01-20,38,216106.0,5687.0,0,216,140,14,94,348,Furniture,Shelf,5430.12,5687.0,1,Winter,0
SKU036,2025-01-27,39,221793.0,5687.0,0,411,228,8,110,263,Furniture,Shelf,5430.12,5687.0,0,Winter,0
SKU036,2025-02-03,39,221793.0,5687.0,0,411,228,8,110,263,Furniture,Shelf,5430.12,5687.0,0,Winter,0
SKU036,2025-02-10,30,170610.0,5687.0,0,411,228,8,110,263,Furniture,Shelf,5430.12,5687.0,0,Winter,0
SKU036,2025-02-17,40,227480.0,5687.0,0,411,228,8,110,263,Furniture,Shelf,5430.12,5687.0,0,Winter,0
SKU036,2025-02-24,34,193358.0,5687.0,2,472,56,13,113,419,Furniture,Shelf,5430.12,5687.0,0,Winter,1
SKU036,2025-03-03,35,199045.0,5687.0,2,472,56,13,113,419,Furniture,Shelf,5430.12,5687.0,0,Spring,1
SKU036,2025-03-10,27,153549.0,5687.0,2,472,56,13,113,419,Furniture,Shelf,5430.12,5687.0,0,Spring,1
SKU036,2025-03-17,34,193358.0,5687.0,2,472,56,13,113,419,Furniture,Shelf,5430.12,5687.0,0,Spring,1
SKU036,2025-03-24,41,233167.0,5687.0,2,472,56,13,113,419,Furniture,Shelf,5430.12,5687.0,0,Spring,1
SKU036,2025-03-31,40,227480.0,5687.0,0,512,471,13,75,397,Furniture,Shelf,5430.12,5687.0,0,Spring,0
SKU036,2025-04-07,46,261602.0,5687.0,0,512,471,13,75,397,Furniture,Shelf,5430.12,5687.0,0,Spring,0
SKU036,2025-04-14,33,187671.0,5687.0,0,512,471,13,75,397,Furniture,Shelf,5430.12,5687.0,0,Spring,0
SKU036,2025-04-21,47,267289.0,5687.0,0,512,471,13,75,397,Furniture,Shelf,5430.12,5687.0,0,Spring,0
SKU036,2025-04-28,43,244541.0,5687.0,0,330,635,10,135,378,Furniture,Shelf,5430.12,5687.0,0,Spring,0
SKU036,2025-05-05,44,250228.0,5687.0,0,330,635,10,135,378,Furniture,Shelf,5430.12,5687.0,0,Summer,0
SKU036,2025-05-12,45,255915.0,5687.0,0,330,635,10,135,378,Furniture,Shelf,5430.12,5687.0,0,Summer,0
SKU036,2025-05-19,28,159236.0,5687.0,0,330,635,10,135,378,Furniture,Shelf,5430.12,5687.0,0,Summer,0
SKU036,2025-05-26,44,250228.0,5687.0,1,348,375,9,84,303,Furniture,Shelf,5430.12,5687.0,0,Summer,1
SKU036,2025-06-02,31,176297.0,5687.0,2,348,375,9,84,303,Furniture,Shelf,5430.12,5687.0,0,Summer,1
SKU036,2025-06-09,30,170610.0,5687.0,2,348,375,9,84,303,Furniture,Shelf,5430.12,5687.0,0,Summer,1
SKU036,2025-06-16,42,238854.0,5687.0,2,348,375,9,84,303,Furniture,Shelf,5430.12,5687.0,0,Summer,1
SKU036,2025-06-23,40,227480.0,5687.0,2,348,375,9,84,303,Furniture,Shelf,5430.12,5687.0,0,Summer,1
SKU036,2025-06-30,33,187671.0,5687.0,0,687,362,4,183,276,Furniture,Shelf,5430.12,5687.0,0,Summer,0
SKU036,2025-07-07,33,187671.0,5687.0,0,687,362,4,183,276,Furniture,Shelf,5430.12,5687.0,0,Monsoon,0
SKU036,2025-07-14,37,210419.0,5687.0,0,687,362,4,183,276,Furniture,Shelf,5430.12,5687.0,0,Monsoon,0
SKU036,2025-07-21,26,147862.0,5687.0,0,687,362,4,183,276,Furniture,Shelf,5430.12,5687.0,0,Monsoon,0
SKU036,2025-07-28,33,187671.0,5687.0,0,555,373,13,67,335,Furniture,Shelf,5430.12,5687.0,0,Monsoon,0
SKU036,2025-08-04,26,147862.0,5687.0,0,555,373,13,67,335,Furniture,Shelf,5430.12,5687.0,0,Monsoon,0
SKU036,2025-08-11,22,125114.0,5687.0,0,555,373,13,67,335,Furniture,Shelf,5430.12,5687.0,1,Monsoon,0
SKU036,2025-08-18,27,153549.0,5687.0,0,555,373,13,67,335,Furniture,Shelf,5430.12,5687.0,0,Monsoon,0
SKU036,2025-08-25,43,244541.0,5687.0,0,555,373,13,67,335,Furniture,Shelf,5430.12,5687.0,0,Monsoon,0
SKU036,2025-09-01,28,159236.0,5687.0,2,300,447,8,119,261,Furniture,Shelf,5430.12,5687.0,0,Monsoon,1
SKU036,2025-09-08,26,147862.0,5687.0,2,300,447,8,119,261,Furniture,Shelf,5430.12,5687.0,0,Monsoon,1
SKU036,2025-09-15,35,199045.0,5687.0,2,300,447,8,119,261,Furniture,Shelf,5430.12,5687.0,0,Monsoon,1
SKU036,2025-09-22,27,153549.0,5687.0,2,300,447,8,119,261,Furniture,Shelf,5430.12,5687.0,0,Monsoon,1
SKU036,2025-09-29,33,187671.0,5687.0,0,423,156,13,120,352,Furniture,Shelf,5430.12,5687.0,0,Monsoon,0
SKU036,2025-10-06,19,108053.0,5687.0,0,423,156,13,120,352,Furniture,Shelf,5430.12,5687.0,0,Autumn,0
SKU036,2025-10-13,19,108053.0,5687.0,0,423,156,13,120,352,Furniture,Shelf,5430.12,5687.0,0,Autumn,0
SKU036,2025-10-20,34,193358.0,5687.0,0,423,156,13,120,352,Furniture,Shelf,5430.12,5687.0,1,Autumn,0
SKU036,2025-10-27,29,164923.0,5687.0,2,318,61,11,77,245,Furniture,Shelf,5430.12,5687.0,0,Autumn,1
SKU036,2025-11-03,27,153549.0,5687.0,2,318,61,11,77,245,Furniture,Shelf,5430.12,5687.0,0,Autumn,1
SKU036,2025-11-10,30,170610.0,5687.0,2,318,61,11,77,245,Furniture,Shelf,5430.12,5687.0,0,Autumn,1
SKU036,2025-11-17,35,199045.0,5687.0,2,318,61,11,77,245,Furniture,Shelf,5430.12,5687.0,0,Autumn,1
SKU036,2025-11-24,31,176297.0,5687.0,2,318,61,11,77,245,Furniture,Shelf,5430.12,5687.0,0,Autumn,1
SKU036,2025-12-01,27,153549.0,5687.0,0,383,135,3,77,129,Furniture,Shelf,5430.12,5687.0,0,Winter,0
SKU036,2025-12-08,31,176297.0,5687.0,0,383,135,3,77,129,Furniture,Shelf,5430.12,5687.0,0,Winter,0
SKU036,2025-12-15,36,204732.0,5687.0,0,383,135,3,77,129,Furniture,Shelf,5430.12,5687.0,0,Winter,0
SKU036,2025-12-22,30,170610.0,5687.0,0,383,135,3,77,129,Furniture,Shelf,5430.12,5687.0,1,Winter,0
SKU037,2024-01-01,168,461566.56,2747.4200000000005,0,32,1,4,5,10,Home Decor,Cabinet,3901.0,2747.42,0,Winter,0
SKU037,2024-01-08,160,439587.2,2747.4200000000005,0,32,1,4,5,10,Home Decor,Cabinet,3901.0,2747.42,0,Winter,0
SKU037,2024-01-15,169,464313.98,2747.4200000000005,0,32,1,4,5,10,Home Decor,Cabinet,3901.0,2747.42,0,Winter,0
SKU037,2024-01-22,185,508272.7,2747.4200000000005,0,32,1,4,5,10,Home Decor,Cabinet,3901.0,2747.42,1,Winter,0
SKU037,2024-01-29,155,425850.1,2747.4200000000005,0,870,906,7,352,674,Home Decor,Cabinet,3901.0,2747.42,0,Winter,0
SKU037,2024-02-05,171,469808.82,2747.4200000000005,0,870,906,7,352,674,Home Decor,Cabinet,3901.0,2747.42,0,Winter,0
SKU037,2024-02-12,189,519262.38,2747.4200000000005,0,870,906,7,352,674,Home Decor,Cabinet,3901.0,2747.42,0,Winter,0
SKU037,2024-02-19,188,516514.95999999996,2747.4200000000005,0,870,906,7,352,674,Home Decor,Cabinet,3901.0,2747.42,0,Winter,0
SKU037,2024-02-26,194,532999.48,2747.4200000000005,2,414,283,8,188,579,Home Decor,Cabinet,3901.0,2747.42,0,Winter,1
SKU037,2024-03-04,213,585200.46,2747.4200000000005,2,414,283,8,188,579,Home Decor,Cabinet,3901.0,2747.42,0,Spring,1
SKU037,2024-03-11,221,607179.82,2747.4200000000005,2,414,283,8,188,579,Home Decor,Cabinet,3901.0,2747.42,0,Spring,1
SKU037,2024-03-18,197,541241.74,2747.4200000000005,2,414,283,8,188,579,Home Decor,Cabinet,3901.0,2747.42,0,Spring,1
SKU037,2024-03-25,203,557726.26,2747.4200000000005,2,414,283,8,188,579,Home Decor,Cabinet,3901.0,2747.42,0,Spring,1
SKU037,2024-04-01,184,505525.28,2747.4200000000005,0,553,630,9,202,751,Home Decor,Cabinet,3901.0,2747.42,0,Spring,0
SKU037,2024-04-08,221,607179.8200000001,2747.4200000000005,0,553,630,9,202,751,Home Decor,Cabinet,3901.0,2747.42,0,Spring,0
SKU037,2024-04-15,196,538494.32,2747.4200000000005,0,553,630,9,202,751,Home Decor,Cabinet,3901.0,2747.42,0,Spring,0
SKU037,2024-04-22,183,502777.86,2747.4200000000005,0,553,630,9,202,751,Home Decor,Cabinet,3901.0,2747.42,0,Spring,0
SKU037,2024-04-29,204,560473.68,2747.4200000000005,0,283,1095,5,413,675,Home Decor,Cabinet,3901.0,2747.42,0,Spring,0
SKU037,2024-05-06,194,532999.48,2747.4200000000005,0,283,1095,5,413,675,Home Decor,Cabinet,3901.0,2747.42,0,Summer,0
SKU037,2024-05-13,198,543989.1599999999,2747.4200000000005,0,283,1095,5,413,675,Home Decor,Cabinet,3901.0,2747.42,0,Summer,0
SKU037,2024-05-20,190,522009.8,2747.4200000000005,0,283,1095,5,413,675,Home Decor,Cabinet,3901.0,2747.42,0,Summer,0
SKU037,2024-05-27,207,568715.94,2747.4200000000005,2,1382,464,9,261,728,Home Decor,Cabinet,3901.0,2747.42,0,Summer,1
SKU037,2024-06-03,203,557726.26,2747.4200000000005,2,1382,464,9,261,728,Home Decor,Cabinet,3901.0,2747.42,0,Summer,1
SKU037,2024-06-10,186,511020.12,2747.4200000000005,2,1382,464,9,261,728,Home Decor,Cabinet,3901.0,2747.42,0,Summer,1
SKU037,2024-06-17,191,524757.22,2747.4200000000005,2,1382,464,9,261,728,Home Decor,Cabinet,3901.0,2747.42,0,Summer,1
SKU037,2024-06-24,211,579705.62,2747.4200000000005,2,1382,464,9,261,728,Home Decor,Cabinet,3901.0,2747.42,0,Summer,1
SKU037,2024-07-01,166,456071.72,2747.4200000000005,0,1844,510,13,251,951,Home Decor,Cabinet,3901.0,2747.42,0,Monsoon,0
SKU037,2024-07-08,181,497283.02,2747.4200000000005,0,1844,510,13,251,951,Home Decor,Cabinet,3901.0,2747.42,0,Monsoon,0
SKU037,2024-07-15,178,489040.76,2747.4200000000005,0,1844,510,13,251,951,Home Decor,Cabinet,3901.0,2747.42,0,Monsoon,0
SKU037,2024-07-22,169,464313.98,2747.4200000000005,0,1844,510,13,251,951,Home Decor,Cabinet,3901.0,2747.42,0,Monsoon,0
SKU037,2024-07-29,179,491788.18,2747.4200000000005,0,1066,818,14,365,1013,Home Decor,Cabinet,3901.0,2747.42,0,Monsoon,0
SKU037,2024-08-05,144,395628.48,2747.4200000000005,0,1066,818,14,365,1013,Home Decor,Cabinet,3901.0,2747.42,0,Monsoon,0
SKU037,2024-08-12,156,428597.52,2747.4200000000005,0,1066,818,14,365,1013,Home Decor,Cabinet,3901.0,2747.42,1,Monsoon,0
SKU037,2024-08-19,134,368154.28,2747.4200000000005,0,1066,818,14,365,1013,Home Decor,Cabinet,3901.0,2747.42,0,Monsoon,0
SKU037,2024-08-26,156,428597.52,2747.4200000000005,1,1296,275,4,251,413,Home Decor,Cabinet,3901.0,2747.42,0,Monsoon,1
SKU037,2024-09-02,155,425850.1,2747.4200000000005,2,1296,275,4,251,413,Home Decor,Cabinet,3901.0,2747.42,0,Monsoon,1
SKU037,2024-09-09,149,409365.58,2747.4200000000005,2,1296,275,4,251,413,Home Decor,Cabinet,3901.0,2747.42,0,Monsoon,1
SKU037,2024-09-16,163,447829.46,2747.4200000000005,2,1296,275,4,251,413,Home Decor,Cabinet,3901.0,2747.42,0,Monsoon,1
SKU037,2024-09-23,132,362659.44,2747.4200000000005,2,1296,275,4,251,413,Home Decor,Cabinet,3901.0,2747.42,0,Monsoon,1
SKU037,2024-09-30,143,392881.06,2747.4200000000005,0,763,906,10,175,578,Home Decor,Cabinet,3901.0,2747.42,0,Monsoon,0
SKU037,2024-10-07,132,362659.44,2747.4200000000005,0,763,906,10,175,578,Home Decor,Cabinet,3901.0,2747.42,0,Autumn,0
SKU037,2024-10-14,129,354417.18,2747.4200000000005,0,763,906,10,175,578,Home Decor,Cabinet,3901.0,2747.42,0,Autumn,0
SKU037,2024-10-21,141,387386.22,2747.4200000000005,0,763,906,10,175,578,Home Decor,Cabinet,3901.0,2747.42,0,Autumn,0
SKU037,2024-10-28,153,420355.26,2747.4200000000005,2,785,956,14,207,709,Home Decor,Cabinet,3901.0,2747.42,1,Autumn,1
SKU037,2024-11-04,162,445082.04000000004,2747.4200000000005,2,785,956,14,207,709,Home Decor,Cabinet,3901.0,2747.42,0,Autumn,1
SKU037,2024-11-11,161,442334.62,2747.4200000000005,2,785,956,14,207,709,Home Decor,Cabinet,3901.0,2747.42,0,Autumn,1
SKU037,2024-11-18,147,403870.74,2747.4200000000005,2,785,956,14,207,709,Home Decor,Cabinet,3901.0,2747.42,0,Autumn,1
SKU037,2024-11-25,133,365406.86,2747.4200000000005,1,986,887,12,204,712,Home Decor,Cabinet,3901.0,2747.42,0,Autumn,1
SKU037,2024-12-02,171,469808.82,2747.4200000000005,0,986,887,12,204,712,Home Decor,Cabinet,3901.0,2747.42,0,Winter,0
SKU037,2024-12-09,173,475303.66000000003,2747.4200000000005,0,986,887,12,204,712,Home Decor,Cabinet,3901.0,2747.42,0,Winter,0
SKU037,2024-12-16,177,486293.33999999997,2747.4200000000005,0,986,887,12,204,712,Home Decor,Cabinet,3901.0,2747.42,0,Winter,0
SKU037,2024-12-23,137,376396.54000000004,2747.4200000000005,0,986,887,12,204,712,Home Decor,Cabinet,3901.0,2747.42,1,Winter,0
SKU037,2024-12-30,159,436839.78,2747.4200000000005,0,906,889,11,211,655,Home Decor,Cabinet,3901.0,2747.42,0,Winter,0
SKU037,2025-01-06,156,428597.52,2747.4200000000005,0,906,889,11,211,655,Home Decor,Cabinet,3901.0,2747.42,0,Winter,0
SKU037,2025-01-13,158,434092.36,2747.4200000000005,0,906,889,11,211,655,Home Decor,Cabinet,3901.0,2747.42,0,Winter,0
SKU037,2025-01-20,163,447829.46,2747.4200000000005,0,906,889,11,211,655,Home Decor,Cabinet,3901.0,2747.42,1,Winter,0
SKU037,2025-01-27,167,458819.14,2747.4200000000005,0,548,1706,13,321,939,Home Decor,Cabinet,3901.0,2747.42,0,Winter,0
SKU037,2025-02-03,181,497283.02,2747.4200000000005,0,548,1706,13,321,939,Home Decor,Cabinet,3901.0,2747.42,0,Winter,0
SKU037,2025-02-10,165,453324.3,2747.4200000000005,0,548,1706,13,321,939,Home Decor,Cabinet,3901.0,2747.42,0,Winter,0
SKU037,2025-02-17,181,497283.01999999996,2747.4200000000005,0,548,1706,13,321,939,Home Decor,Cabinet,3901.0,2747.42,0,Winter,0
SKU037,2025-02-24,220,604432.4,2747.4200000000005,2,1199,1019,6,333,645,Home Decor,Cabinet,3901.0,2747.42,0,Winter,1
SKU037,2025-03-03,220,604432.4,2747.4200000000005,2,1199,1019,6,333,645,Home Decor,Cabinet,3901.0,2747.42,0,Spring,1
SKU037,2025-03-10,206,565968.52,2747.4200000000005,2,1199,1019,6,333,645,Home Decor,Cabinet,3901.0,2747.42,0,Spring,1
SKU037,2025-03-17,217,596190.14,2747.4200000000005,2,1199,1019,6,333,645,Home Decor,Cabinet,3901.0,2747.42,0,Spring,1
SKU037,2025-03-24,231,634654.02,2747.4200000000005,2,1199,1019,6,333,645,Home Decor,Cabinet,3901.0,2747.42,0,Spring,1
SKU037,2025-03-31,204,560473.6799999999,2747.4200000000005,0,455,502,7,183,581,Home Decor,Cabinet,3901.0,2747.42,0,Spring,0
SKU037,2025-04-07,195,535746.9,2747.4200000000005,0,455,502,7,183,581,Home Decor,Cabinet,3901.0,2747.42,0,Spring,0
SKU037,2025-04-14,189,519262.38,2747.4200000000005,0,455,502,7,183,581,Home Decor,Cabinet,3901.0,2747.42,0,Spring,0
SKU037,2025-04-21,182,500030.44,2747.4200000000005,0,455,502,7,183,581,Home Decor,Cabinet,3901.0,2747.42,0,Spring,0
SKU037,2025-04-28,225,618169.5,2747.4200000000005,0,737,831,14,295,1041,Home Decor,Cabinet,3901.0,2747.42,0,Spring,0
SKU037,2025-05-05,201,552231.4199999999,2747.4200000000005,0,737,831,14,295,1041,Home Decor,Cabinet,3901.0,2747.42,0,Summer,0
SKU037,2025-05-12,193,530252.06,2747.4200000000005,0,737,831,14,295,1041,Home Decor,Cabinet,3901.0,2747.42,0,Summer,0
SKU037,2025-05-19,199,546736.58,2747.4200000000005,0,737,831,14,295,1041,Home Decor,Cabinet,3901.0,2747.42,0,Summer,0
SKU037,2025-05-26,216,593442.72,2747.4200000000005,1,338,638,10,391,928,Home Decor,Cabinet,3901.0,2747.42,0,Summer,1
SKU037,2025-06-02,212,582453.04,2747.4200000000005,2,338,638,10,391,928,Home Decor,Cabinet,3901.0,2747.42,0,Summer,1
SKU037,2025-06-09,195,535746.9,2747.4200000000005,2,338,638,10,391,928,Home Decor,Cabinet,3901.0,2747.42,0,Summer,1
SKU037,2025-06-16,200,549484.0,2747.4200000000005,2,338,638,10,391,928,Home Decor,Cabinet,3901.0,2747.42,0,Summer,1
SKU037,2025-06-23,202,554978.84,2747.4200000000005,2,338,638,10,391,928,Home Decor,Cabinet,3901.0,2747.42,0,Summer,1
SKU037,2025-06-30,188,516514.96,2747.4200000000005,0,749,612,10,354,907,Home Decor,Cabinet,3901.0,2747.42,0,Summer,0
SKU037,2025-07-07,210,576958.2,2747.4200000000005,0,749,612,10,354,907,Home Decor,Cabinet,3901.0,2747.42,0,Monsoon,0
SKU037,2025-07-14,182,500030.44,2747.4200000000005,0,749,612,10,354,907,Home Decor,Cabinet,3901.0,2747.42,0,Monsoon,0
SKU037,2025-07-21,149,409365.57999999996,2747.4200000000005,0,749,612,10,354,907,Home Decor,Cabinet,3901.0,2747.42,0,Monsoon,0
SKU037,2025-07-28,143,392881.06,2747.4200000000005,0,640,585,7,304,643,Home Decor,Cabinet,3901.0,2747.42,0,Monsoon,0
SKU037,2025-08-04,162,445082.04,2747.4200000000005,0,640,585,7,304,643,Home Decor,Cabinet,3901.0,2747.42,0,Monsoon,0
SKU037,2025-08-11,146,401123.32,2747.4200000000005,0,640,585,7,304,643,Home Decor,Cabinet,3901.0,2747.42,1,Monsoon,0
SKU037,2025-08-18,170,467061.4,2747.4200000000005,0,640,585,7,304,643,Home Decor,Cabinet,3901.0,2747.42,0,Monsoon,0
SKU037,2025-08-25,171,469808.82,2747.4200000000005,0,640,585,7,304,643,Home Decor,Cabinet,3901.0,2747.42,0,Monsoon,0
SKU037,2025-09-01,133,365406.86,2747.4200000000005,2,1077,263,14,239,816,Home Decor,Cabinet,3901.0,2747.42,0,Monsoon,1
SKU037,2025-09-08,154,423102.68,2747.4200000000005,2,1077,263,14,239,816,Home Decor,Cabinet,3901.0,2747.42,0,Monsoon,1
SKU037,2025-09-15,165,453324.3,2747.4200000000005,2,1077,263,14,239,816,Home Decor,Cabinet,3901.0,2747.42,0,Monsoon,1
SKU037,2025-09-22,157,431344.94,2747.4200000000005,2,1077,263,14,239,816,Home Decor,Cabinet,3901.0,2747.42,0,Monsoon,1
SKU037,2025-09-29,140,384638.8,2747.4200000000005,0,555,167,12,132,638,Home Decor,Cabinet,3901.0,2747.42,0,Monsoon,0
SKU037,2025-10-06,128,351669.76,2747.4200000000005,0,555,167,12,132,638,Home Decor,Cabinet,3901.0,2747.42,0,Autumn,0
SKU037,2025-10-13,147,403870.74,2747.4200000000005,0,555,167,12,132,638,Home Decor,Cabinet,3901.0,2747.42,0,Autumn,0
SKU037,2025-10-20,139,381891.38,2747.4200000000005,0,555,167,12,132,638,Home Decor,Cabinet,3901.0,2747.42,1,Autumn,0
SKU037,2025-10-27,154,423102.68,2747.4200000000005,2,573,712,13,142,613,Home Decor,Cabinet,3901.0,2747.42,0,Autumn,1
SKU037,2025-11-03,171,469808.82,2747.4200000000005,2,573,712,13,142,613,Home Decor,Cabinet,3901.0,2747.42,0,Autumn,1
SKU037,2025-11-10,150,412113.0,2747.4200000000005,2,573,712,13,142,613,Home Decor,Cabinet,3901.0,2747.42,0,Autumn,1
SKU037,2025-11-17,166,456071.72,2747.4200000000005,2,573,712,13,142,613,Home Decor,Cabinet,3901.0,2747.42,0,Autumn,1
SKU037,2025-11-24,144,395628.48,2747.4200000000005,2,573,712,13,142,613,Home Decor,Cabinet,3901.0,2747.42,0,Autumn,1
SKU037,2025-12-01,155,425850.10000000003,2747.4200000000005,0,355,687,8,315,644,Home Decor,Cabinet,3901.0,2747.42,0,Winter,0
SKU037,2025-12-08,133,365406.86,2747.4200000000005,0,355,687,8,315,644,Home Decor,Cabinet,3901.0,2747.42,0,Winter,0
SKU037,2025-12-15,139,381891.38,2747.4200000000005,0,355,687,8,315,644,Home Decor,Cabinet,3901.0,2747.42,0,Winter,0
SKU037,2025-12-22,161,442334.62,2747.4200000000005,0,355,687,8,315,644,Home Decor,Cabinet,3901.0,2747.42,1,Winter,0
SKU038,2024-01-01,50,197455.0,3949.1,0,23,21,8,7,15,Kitchen,Rug,4630.58,3949.1,0,Winter,0
SKU038,2024-01-08,62,244844.2,3949.1,0,23,21,8,7,15,Kitchen,Rug,4630.58,3949.1,0,Winter,0
SKU038,2024-01-15,50,197455.0,3949.1,0,23,21,8,7,15,Kitchen,Rug,4630.58,3949.1,0,Winter,0
SKU038,2024-01-22,39,154014.9,3949.1,0,23,21,8,7,15,Kitchen,Rug,4630.58,3949.1,1,Winter,0
SKU038,2024-01-29,58,229047.8,3949.1,0,301,57,7,75,153,Kitchen,Rug,4630.58,3949.1,0,Winter,0
SKU038,2024-02-05,48,189556.8,3949.1,0,301,57,7,75,153,Kitchen,Rug,4630.58,3949.1,0,Winter,0
SKU038,2024-02-12,56,221149.6,3949.1,0,301,57,7,75,153,Kitchen,Rug,4630.58,3949.1,0,Winter,0
SKU038,2024-02-19,55,217200.5,3949.1,0,301,57,7,75,153,Kitchen,Rug,4630.58,3949.1,0,Winter,0
SKU038,2024-02-26,54,213251.4,3949.1,2,122,61,9,73,184,Kitchen,Rug,4630.58,3949.1,0,Winter,1
SKU038,2024-03-04,68,268538.8,3949.1,2,122,61,9,73,184,Kitchen,Rug,4630.58,3949.1,0,Spring,1
SKU038,2024-03-11,70,276437.0,3949.1,2,122,61,9,73,184,Kitchen,Rug,4630.58,3949.1,0,Spring,1
SKU038,2024-03-18,64,252742.4,3949.1,2,122,61,9,73,184,Kitchen,Rug,4630.58,3949.1,0,Spring,1
SKU038,2024-03-25,67,264589.7,3949.1,2,122,61,9,73,184,Kitchen,Rug,4630.58,3949.1,0,Spring,1
SKU038,2024-04-01,45,177709.5,3949.1,0,452,340,12,72,229,Kitchen,Rug,4630.58,3949.1,0,Spring,0
SKU038,2024-04-08,74,292233.4,3949.1,0,452,340,12,72,229,Kitchen,Rug,4630.58,3949.1,0,Spring,0
SKU038,2024-04-15,56,221149.6,3949.1,0,452,340,12,72,229,Kitchen,Rug,4630.58,3949.1,0,Spring,0
SKU038,2024-04-22,52,205353.2,3949.1,0,452,340,12,72,229,Kitchen,Rug,4630.58,3949.1,0,Spring,0
SKU038,2024-04-29,56,221149.6,3949.1,0,305,169,8,81,183,Kitchen,Rug,4630.58,3949.1,0,Spring,0
SKU038,2024-05-06,62,244844.19999999998,3949.1,0,305,169,8,81,183,Kitchen,Rug,4630.58,3949.1,0,Summer,0
SKU038,2024-05-13,66,260640.6,3949.1,0,305,169,8,81,183,Kitchen,Rug,4630.58,3949.1,0,Summer,0
SKU038,2024-05-20,54,213251.4,3949.1,0,305,169,8,81,183,Kitchen,Rug,4630.58,3949.1,0,Summer,0
SKU038,2024-05-27,67,264589.7,3949.1,2,118,237,4,90,140,Kitchen,Rug,4630.58,3949.1,0,Summer,1
SKU038,2024-06-03,63,248793.3,3949.1,2,118,237,4,90,140,Kitchen,Rug,4630.58,3949.1,0,Summer,1
SKU038,2024-06-10,65,256691.5,3949.1,2,118,237,4,90,140,Kitchen,Rug,4630.58,3949.1,0,Summer,1
SKU038,2024-06-17,50,197455.0,3949.1,2,118,237,4,90,140,Kitchen,Rug,4630.58,3949.1,0,Summer,1
SKU038,2024-06-24,74,292233.4,3949.1,2,118,237,4,90,140,Kitchen,Rug,4630.58,3949.1,0,Summer,1
SKU038,2024-07-01,52,205353.2,3949.1,0,236,82,9,52,164,Kitchen,Rug,4630.58,3949.1,0,Monsoon,0
SKU038,2024-07-08,46,181658.59999999998,3949.1,0,236,82,9,52,164,Kitchen,Rug,4630.58,3949.1,0,Monsoon,0
SKU038,2024-07-15,54,213251.4,3949.1,0,236,82,9,52,164,Kitchen,Rug,4630.58,3949.1,0,Monsoon,0
SKU038,2024-07-22,60,236946.0,3949.1,0,236,82,9,52,164,Kitchen,Rug,4630.58,3949.1,0,Monsoon,0
SKU038,2024-07-29,52,205353.2,3949.1,0,220,369,12,64,193,Kitchen,Rug,4630.58,3949.1,0,Monsoon,0
SKU038,2024-08-05,51,201404.09999999998,3949.1,0,220,369,12,64,193,Kitchen,Rug,4630.58,3949.1,0,Monsoon,0
SKU038,2024-08-12,51,201404.09999999998,3949.1,0,220,369,12,64,193,Kitchen,Rug,4630.58,3949.1,1,Monsoon,0
SKU038,2024-08-19,42,165862.2,3949.1,0,220,369,12,64,193,Kitchen,Rug,4630.58,3949.1,0,Monsoon,0
SKU038,2024-08-26,48,189556.8,3949.1,1,344,177,6,63,122,Kitchen,Rug,4630.58,3949.1,0,Monsoon,1
SKU038,2024-09-02,58,229047.8,3949.1,2,344,177,6,63,122,Kitchen,Rug,4630.58,3949.1,0,Monsoon,1
SKU038,2024-09-09,47,185607.7,3949.1,2,344,177,6,63,122,Kitchen,Rug,4630.58,3949.1,0,Monsoon,1
SKU038,2024-09-16,43,169811.3,3949.1,2,344,177,6,63,122,Kitchen,Rug,4630.58,3949.1,0,Monsoon,1
SKU038,2024-09-23,37,146116.7,3949.1,2,344,177,6,63,122,Kitchen,Rug,4630.58,3949.1,0,Monsoon,1
SKU038,2024-09-30,41,161913.1,3949.1,0,245,166,9,47,129,Kitchen,Rug,4630.58,3949.1,0,Monsoon,0
SKU038,2024-10-07,37,146116.7,3949.1,0,245,166,9,47,129,Kitchen,Rug,4630.58,3949.1,0,Autumn,0
SKU038,2024-10-14,52,205353.2,3949.1,0,245,166,9,47,129,Kitchen,Rug,4630.58,3949.1,0,Autumn,0
SKU038,2024-10-21,45,177709.5,3949.1,0,245,166,9,47,129,Kitchen,Rug,4630.58,3949.1,0,Autumn,0
SKU038,2024-10-28,55,217200.5,3949.1,2,68,270,12,55,172,Kitchen,Rug,4630.58,3949.1,1,Autumn,1
SKU038,2024-11-04,34,134269.4,3949.1,2,68,270,12,55,172,Kitchen,Rug,4630.58,3949.1,0,Autumn,1
SKU038,2024-11-11,52,205353.2,3949.1,2,68,270,12,55,172,Kitchen,Rug,4630.58,3949.1,0,Autumn,1
SKU038,2024-11-18,49,193505.9,3949.1,2,68,270,12,55,172,Kitchen,Rug,4630.58,3949.1,0,Autumn,1
SKU038,2024-11-25,34,134269.4,3949.1,1,214,98,6,49,104,Kitchen,Rug,4630.58,3949.1,0,Autumn,1
SKU038,2024-12-02,55,217200.5,3949.1,0,214,98,6,49,104,Kitchen,Rug,4630.58,3949.1,0,Winter,0
SKU038,2024-12-09,56,221149.6,3949.1,0,214,98,6,49,104,Kitchen,Rug,4630.58,3949.1,0,Winter,0
SKU038,2024-12-16,45,177709.5,3949.1,0,214,98,6,49,104,Kitchen,Rug,4630.58,3949.1,0,Winter,0
SKU038,2024-12-23,45,177709.5,3949.1,0,214,98,6,49,104,Kitchen,Rug,4630.58,3949.1,1,Winter,0
SKU038,2024-12-30,57,225098.7,3949.1,0,263,300,13,61,187,Kitchen,Rug,4630.58,3949.1,0,Winter,0
SKU038,2025-01-06,48,189556.8,3949.1,0,263,300,13,61,187,Kitchen,Rug,4630.58,3949.1,0,Winter,0
SKU038,2025-01-13,48,189556.8,3949.1,0,263,300,13,61,187,Kitchen,Rug,4630.58,3949.1,0,Winter,0
SKU038,2025-01-20,42,165862.2,3949.1,0,263,300,13,61,187,Kitchen,Rug,4630.58,3949.1,1,Winter,0
SKU038,2025-01-27,46,181658.6,3949.1,0,214,201,4,73,113,Kitchen,Rug,4630.58,3949.1,0,Winter,0
SKU038,2025-02-03,47,185607.7,3949.1,0,214,201,4,73,113,Kitchen,Rug,4630.58,3949.1,0,Winter,0
SKU038,2025-02-10,55,217200.5,3949.1,0,214,201,4,73,113,Kitchen,Rug,4630.58,3949.1,0,Winter,0
SKU038,2025-02-17,61,240895.1,3949.1,0,214,201,4,73,113,Kitchen,Rug,4630.58,3949.1,0,Winter,0
SKU038,2025-02-24,53,209302.3,3949.1,2,290,202,11,45,170,Kitchen,Rug,4630.58,3949.1,0,Winter,1
SKU038,2025-03-03,59,232996.9,3949.1,2,290,202,11,45,170,Kitchen,Rug,4630.58,3949.1,0,Spring,1
SKU038,2025-03-10,77,304080.7,3949.1,2,290,202,11,45,170,Kitchen,Rug,4630.58,3949.1,0,Spring,1
SKU038,2025-03-17,65,256691.5,3949.1,2,290,202,11,45,170,Kitchen,Rug,4630.58,3949.1,0,Spring,1
SKU038,2025-03-24,59,232996.9,3949.1,2,290,202,11,45,170,Kitchen,Rug,4630.58,3949.1,0,Spring,1
SKU038,2025-03-31,73,288284.3,3949.1,0,146,169,13,81,261,Kitchen,Rug,4630.58,3949.1,0,Spring,0
SKU038,2025-04-07,73,288284.3,3949.1,0,146,169,13,81,261,Kitchen,Rug,4630.58,3949.1,0,Spring,0
SKU038,2025-04-14,71,280386.1,3949.1,0,146,169,13,81,261,Kitchen,Rug,4630.58,3949.1,0,Spring,0
SKU038,2025-04-21,63,248793.3,3949.1,0,146,169,13,81,261,Kitchen,Rug,4630.58,3949.1,0,Spring,0
SKU038,2025-04-28,51,201404.1,3949.1,0,111,164,14,48,214,Kitchen,Rug,4630.58,3949.1,0,Spring,0
SKU038,2025-05-05,67,264589.7,3949.1,0,111,164,14,48,214,Kitchen,Rug,4630.58,3949.1,0,Summer,0
SKU038,2025-05-12,62,244844.2,3949.1,0,111,164,14,48,214,Kitchen,Rug,4630.58,3949.1,0,Summer,0
SKU038,2025-05-19,76,300131.6,3949.1,0,111,164,14,48,214,Kitchen,Rug,4630.58,3949.1,0,Summer,0
SKU038,2025-05-26,60,236946.0,3949.1,1,367,137,8,90,187,Kitchen,Rug,4630.58,3949.1,0,Summer,1
SKU038,2025-06-02,62,244844.2,3949.1,2,367,137,8,90,187,Kitchen,Rug,4630.58,3949.1,0,Summer,1
SKU038,2025-06-09,58,229047.8,3949.1,2,367,137,8,90,187,Kitchen,Rug,4630.58,3949.1,0,Summer,1
SKU038,2025-06-16,60,236946.0,3949.1,2,367,137,8,90,187,Kitchen,Rug,4630.58,3949.1,0,Summer,1
SKU038,2025-06-23,75,296182.5,3949.1,2,367,137,8,90,187,Kitchen,Rug,4630.58,3949.1,0,Summer,1
SKU038,2025-06-30,57,225098.69999999998,3949.1,0,346,93,9,60,177,Kitchen,Rug,4630.58,3949.1,0,Summer,0
SKU038,2025-07-07,57,225098.7,3949.1,0,346,93,9,60,177,Kitchen,Rug,4630.58,3949.1,0,Monsoon,0
SKU038,2025-07-14,59,232996.9,3949.1,0,346,93,9,60,177,Kitchen,Rug,4630.58,3949.1,0,Monsoon,0
SKU038,2025-07-21,50,197455.0,3949.1,0,346,93,9,60,177,Kitchen,Rug,4630.58,3949.1,0,Monsoon,0
SKU038,2025-07-28,45,177709.5,3949.1,0,148,73,11,35,153,Kitchen,Rug,4630.58,3949.1,0,Monsoon,0
SKU038,2025-08-04,42,165862.2,3949.1,0,148,73,11,35,153,Kitchen,Rug,4630.58,3949.1,0,Monsoon,0
SKU038,2025-08-11,60,236946.0,3949.1,0,148,73,11,35,153,Kitchen,Rug,4630.58,3949.1,1,Monsoon,0
SKU038,2025-08-18,47,185607.7,3949.1,0,148,73,11,35,153,Kitchen,Rug,4630.58,3949.1,0,Monsoon,0
SKU038,2025-08-25,49,193505.9,3949.1,0,148,73,11,35,153,Kitchen,Rug,4630.58,3949.1,0,Monsoon,0
SKU038,2025-09-01,48,189556.8,3949.1,2,132,118,7,73,144,Kitchen,Rug,4630.58,3949.1,0,Monsoon,1
SKU038,2025-09-08,47,185607.7,3949.1,2,132,118,7,73,144,Kitchen,Rug,4630.58,3949.1,0,Monsoon,1
SKU038,2025-09-15,40,157964.0,3949.1,2,132,118,7,73,144,Kitchen,Rug,4630.58,3949.1,0,Monsoon,1
SKU038,2025-09-22,49,193505.9,3949.1,2,132,118,7,73,144,Kitchen,Rug,4630.58,3949.1,0,Monsoon,1
SKU038,2025-09-29,40,157964.0,3949.1,0,212,80,8,42,118,Kitchen,Rug,4630.58,3949.1,0,Monsoon,0
SKU038,2025-10-06,48,189556.8,3949.1,0,212,80,8,42,118,Kitchen,Rug,4630.58,3949.1,0,Autumn,0
SKU038,2025-10-13,44,173760.4,3949.1,0,212,80,8,42,118,Kitchen,Rug,4630.58,3949.1,0,Autumn,0
SKU038,2025-10-20,44,173760.4,3949.1,0,212,80,8,42,118,Kitchen,Rug,4630.58,3949.1,1,Autumn,0
SKU038,2025-10-27,37,146116.69999999998,3949.1,2,60,47,6,32,83,Kitchen,Rug,4630.58,3949.1,0,Autumn,1
SKU038,2025-11-03,50,197455.0,3949.1,2,60,47,6,32,83,Kitchen,Rug,4630.58,3949.1,0,Autumn,1
SKU038,2025-11-10,48,189556.8,3949.1,2,60,47,6,32,83,Kitchen,Rug,4630.58,3949.1,0,Autumn,1
SKU038,2025-11-17,61,240895.1,3949.1,2,60,47,6,32,83,Kitchen,Rug,4630.58,3949.1,0,Autumn,1
SKU038,2025-11-24,61,240895.1,3949.1,2,60,47,6,32,83,Kitchen,Rug,4630.58,3949.1,0,Autumn,1
SKU038,2025-12-01,39,154014.9,3949.1,0,159,310,12,56,175,Kitchen,Rug,4630.58,3949.1,0,Winter,0
SKU038,2025-12-08,49,193505.9,3949.1,0,159,310,12,56,175,Kitchen,Rug,4630.58,3949.1,0,Winter,0
SKU038,2025-12-15,49,193505.9,3949.1,0,159,310,12,56,175,Kitchen,Rug,4630.58,3949.1,0,Winter,0
SKU038,2025-12-22,56,221149.59999999998,3949.1,0,159,310,12,56,175,Kitchen,Rug,4630.58,3949.1,1,Winter,0
SKU039,2024-01-01,24,170854.8,7118.95,0,17,25,14,6,20,Lighting,Organizer,6178.74,7118.95,0,Winter,0
SKU039,2024-01-08,16,113903.2,7118.95,0,17,25,14,6,20,Lighting,Organizer,6178.74,7118.95,0,Winter,0
SKU039,2024-01-15,16,113903.2,7118.95,0,17,25,14,6,20,Lighting,Organizer,6178.74,7118.95,0,Winter,0
SKU039,2024-01-22,20,142379.0,7118.95,0,17,25,14,6,20,Lighting,Organizer,6178.74,7118.95,1,Winter,0
SKU039,2024-01-29,27,192211.65,7118.95,0,24,111,5,33,56,Lighting,Organizer,6178.74,7118.95,0,Winter,0
SKU039,2024-02-05,21,149497.95,7118.95,0,24,111,5,33,56,Lighting,Organizer,6178.74,7118.95,0,Winter,0
SKU039,2024-02-12,28,199330.59999999998,7118.95,0,24,111,5,33,56,Lighting,Organizer,6178.74,7118.95,0,Winter,0
SKU039,2024-02-19,30,213568.5,7118.95,0,24,111,5,33,56,Lighting,Organizer,6178.74,7118.95,0,Winter,0
SKU039,2024-02-26,25,177973.75,7118.95,2,71,87,6,30,66,Lighting,Organizer,6178.74,7118.95,0,Winter,1
SKU039,2024-03-04,24,170854.8,7118.95,2,71,87,6,30,66,Lighting,Organizer,6178.74,7118.95,0,Spring,1
SKU039,2024-03-11,34,242044.3,7118.95,2,71,87,6,30,66,Lighting,Organizer,6178.74,7118.95,0,Spring,1
SKU039,2024-03-18,27,192211.65,7118.95,2,71,87,6,30,66,Lighting,Organizer,6178.74,7118.95,0,Spring,1
SKU039,2024-03-25,22,156616.9,7118.95,2,71,87,6,30,66,Lighting,Organizer,6178.74,7118.95,0,Spring,1
SKU039,2024-04-01,30,213568.5,7118.95,0,135,16,10,21,85,Lighting,Organizer,6178.74,7118.95,0,Spring,0
SKU039,2024-04-08,31,220687.45,7118.95,0,135,16,10,21,85,Lighting,Organizer,6178.74,7118.95,0,Spring,0
SKU039,2024-04-15,17,121022.15,7118.95,0,135,16,10,21,85,Lighting,Organizer,6178.74,7118.95,0,Spring,0
SKU039,2024-04-22,29,206449.55,7118.95,0,135,16,10,21,85,Lighting,Organizer,6178.74,7118.95,0,Spring,0
SKU039,2024-04-29,21,149497.95,7118.95,0,143,155,7,47,92,Lighting,Organizer,6178.74,7118.95,0,Spring,0
SKU039,2024-05-06,29,206449.55,7118.95,0,143,155,7,47,92,Lighting,Organizer,6178.74,7118.95,0,Summer,0
SKU039,2024-05-13,27,192211.65,7118.95,0,143,155,7,47,92,Lighting,Organizer,6178.74,7118.95,0,Summer,0
SKU039,2024-05-20,25,177973.75,7118.95,0,143,155,7,47,92,Lighting,Organizer,6178.74,7118.95,0,Summer,0
SKU039,2024-05-27,27,192211.65,7118.95,2,171,195,10,42,112,Lighting,Organizer,6178.74,7118.95,0,Summer,1
SKU039,2024-06-03,25,177973.75,7118.95,2,171,195,10,42,112,Lighting,Organizer,6178.74,7118.95,0,Summer,1
SKU039,2024-06-10,24,170854.8,7118.95,2,171,195,10,42,112,Lighting,Organizer,6178.74,7118.95,0,Summer,1
SKU039,2024-06-17,25,177973.75,7118.95,2,171,195,10,42,112,Lighting,Organizer,6178.74,7118.95,0,Summer,1
SKU039,2024-06-24,21,149497.94999999998,7118.95,2,171,195,10,42,112,Lighting,Organizer,6178.74,7118.95,0,Summer,1
SKU039,2024-07-01,21,149497.94999999998,7118.95,0,91,63,5,53,87,Lighting,Organizer,6178.74,7118.95,0,Monsoon,0
SKU039,2024-07-08,18,128141.09999999999,7118.95,0,91,63,5,53,87,Lighting,Organizer,6178.74,7118.95,0,Monsoon,0
SKU039,2024-07-15,18,128141.09999999999,7118.95,0,91,63,5,53,87,Lighting,Organizer,6178.74,7118.95,0,Monsoon,0
SKU039,2024-07-22,16,113903.2,7118.95,0,91,63,5,53,87,Lighting,Organizer,6178.74,7118.95,0,Monsoon,0
SKU039,2024-07-29,15,106784.25,7118.95,0,96,13,4,27,46,Lighting,Organizer,6178.74,7118.95,0,Monsoon,0
SKU039,2024-08-05,16,113903.2,7118.95,0,96,13,4,27,46,Lighting,Organizer,6178.74,7118.95,0,Monsoon,0
SKU039,2024-08-12,24,170854.8,7118.95,0,96,13,4,27,46,Lighting,Organizer,6178.74,7118.95,1,Monsoon,0
SKU039,2024-08-19,29,206449.55,7118.95,0,96,13,4,27,46,Lighting,Organizer,6178.74,7118.95,0,Monsoon,0
SKU039,2024-08-26,16,113903.2,7118.95,1,79,57,9,40,85,Lighting,Organizer,6178.74,7118.95,0,Monsoon,1
SKU039,2024-09-02,26,185092.69999999998,7118.95,2,79,57,9,40,85,Lighting,Organizer,6178.74,7118.95,0,Monsoon,1
SKU039,2024-09-09,22,156616.9,7118.95,2,79,57,9,40,85,Lighting,Organizer,6178.74,7118.95,0,Monsoon,1
SKU039,2024-09-16,22,156616.9,7118.95,2,79,57,9,40,85,Lighting,Organizer,6178.74,7118.95,0,Monsoon,1
SKU039,2024-09-23,24,170854.8,7118.95,2,79,57,9,40,85,Lighting,Organizer,6178.74,7118.95,0,Monsoon,1
SKU039,2024-09-30,16,113903.2,7118.95,0,108,124,13,27,89,Lighting,Organizer,6178.74,7118.95,0,Monsoon,0
SKU039,2024-10-07,9,64070.55,7118.95,0,108,124,13,27,89,Lighting,Organizer,6178.74,7118.95,0,Autumn,0
SKU039,2024-10-14,18,128141.1,7118.95,0,108,124,13,27,89,Lighting,Organizer,6178.74,7118.95,0,Autumn,0
SKU039,2024-10-21,19,135260.05,7118.95,0,108,124,13,27,89,Lighting,Organizer,6178.74,7118.95,0,Autumn,0
SKU039,2024-10-28,21,149497.95,7118.95,2,63,55,5,29,52,Lighting,Organizer,6178.74,7118.95,1,Autumn,1
SKU039,2024-11-04,24,170854.8,7118.95,2,63,55,5,29,52,Lighting,Organizer,6178.74,7118.95,0,Autumn,1
SKU039,2024-11-11,18,128141.09999999999,7118.95,2,63,55,5,29,52,Lighting,Organizer,6178.74,7118.95,0,Autumn,1
SKU039,2024-11-18,24,170854.8,7118.95,2,63,55,5,29,52,Lighting,Organizer,6178.74,7118.95,0,Autumn,1
SKU039,2024-11-25,11,78308.45,7118.95,1,104,20,4,16,35,Lighting,Organizer,6178.74,7118.95,0,Autumn,1
SKU039,2024-12-02,14,99665.29999999999,7118.95,0,104,20,4,16,35,Lighting,Organizer,6178.74,7118.95,0,Winter,0
SKU039,2024-12-09,17,121022.15,7118.95,0,104,20,4,16,35,Lighting,Organizer,6178.74,7118.95,0,Winter,0
SKU039,2024-12-16,13,92546.35,7118.95,0,104,20,4,16,35,Lighting,Organizer,6178.74,7118.95,0,Winter,0
SKU039,2024-12-23,16,113903.2,7118.95,0,104,20,4,16,35,Lighting,Organizer,6178.74,7118.95,1,Winter,0
SKU039,2024-12-30,13,92546.34999999999,7118.95,0,45,5,11,28,92,Lighting,Organizer,6178.74,7118.95,0,Winter,0
SKU039,2025-01-06,25,177973.75,7118.95,0,45,5,11,28,92,Lighting,Organizer,6178.74,7118.95,0,Winter,0
SKU039,2025-01-13,25,177973.75,7118.95,0,45,5,11,28,92,Lighting,Organizer,6178.74,7118.95,0,Winter,0
SKU039,2025-01-20,24,170854.8,7118.95,0,45,5,11,28,92,Lighting,Organizer,6178.74,7118.95,1,Winter,0
SKU039,2025-01-27,25,177973.75,7118.95,0,166,63,11,26,91,Lighting,Organizer,6178.74,7118.95,0,Winter,0
SKU039,2025-02-03,26,185092.7,7118.95,0,166,63,11,26,91,Lighting,Organizer,6178.74,7118.95,0,Winter,0
SKU039,2025-02-10,29,206449.55,7118.95,0,166,63,11,26,91,Lighting,Organizer,6178.74,7118.95,0,Winter,0
SKU039,2025-02-17,18,128141.09999999999,7118.95,0,166,63,11,26,91,Lighting,Organizer,6178.74,7118.95,0,Winter,0
SKU039,2025-02-24,28,199330.6,7118.95,2,154,181,13,32,107,Lighting,Organizer,6178.74,7118.95,0,Winter,1
SKU039,2025-03-03,31,220687.45,7118.95,2,154,181,13,32,107,Lighting,Organizer,6178.74,7118.95,0,Spring,1
SKU039,2025-03-10,20,142379.0,7118.95,2,154,181,13,32,107,Lighting,Organizer,6178.74,7118.95,0,Spring,1
SKU039,2025-03-17,23,163735.85,7118.95,2,154,181,13,32,107,Lighting,Organizer,6178.74,7118.95,0,Spring,1
SKU039,2025-03-24,20,142379.0,7118.95,2,154,181,13,32,107,Lighting,Organizer,6178.74,7118.95,0,Spring,1
SKU039,2025-03-31,27,192211.65,7118.95,0,71,63,3,42,61,Lighting,Organizer,6178.74,7118.95,0,Spring,0
SKU039,2025-04-07,24,170854.8,7118.95,0,71,63,3,42,61,Lighting,Organizer,6178.74,7118.95,0,Spring,0
SKU039,2025-04-14,24,170854.8,7118.95,0,71,63,3,42,61,Lighting,Organizer,6178.74,7118.95,0,Spring,0
SKU039,2025-04-21,18,128141.09999999999,7118.95,0,71,63,3,42,61,Lighting,Organizer,6178.74,7118.95,0,Spring,0
SKU039,2025-04-28,23,163735.85,7118.95,0,95,38,5,25,59,Lighting,Organizer,6178.74,7118.95,0,Spring,0
SKU039,2025-05-05,33,234925.35,7118.95,0,95,38,5,25,59,Lighting,Organizer,6178.74,7118.95,0,Summer,0
SKU039,2025-05-12,29,206449.55,7118.95,0,95,38,5,25,59,Lighting,Organizer,6178.74,7118.95,0,Summer,0
SKU039,2025-05-19,24,170854.8,7118.95,0,95,38,5,25,59,Lighting,Organizer,6178.74,7118.95,0,Summer,0
SKU039,2025-05-26,20,142379.0,7118.95,1,231,38,9,40,103,Lighting,Organizer,6178.74,7118.95,0,Summer,1
SKU039,2025-06-02,26,185092.7,7118.95,2,231,38,9,40,103,Lighting,Organizer,6178.74,7118.95,0,Summer,1
SKU039,2025-06-09,26,185092.69999999998,7118.95,2,231,38,9,40,103,Lighting,Organizer,6178.74,7118.95,0,Summer,1
SKU039,2025-06-16,32,227806.4,7118.95,2,231,38,9,40,103,Lighting,Organizer,6178.74,7118.95,0,Summer,1
SKU039,2025-06-23,31,220687.44999999998,7118.95,2,231,38,9,40,103,Lighting,Organizer,6178.74,7118.95,0,Summer,1
SKU039,2025-06-30,19,135260.05,7118.95,0,122,64,4,43,65,Lighting,Organizer,6178.74,7118.95,0,Summer,0
SKU039,2025-07-07,24,170854.8,7118.95,0,122,64,4,43,65,Lighting,Organizer,6178.74,7118.95,0,Monsoon,0
SKU039,2025-07-14,18,128141.09999999999,7118.95,0,122,64,4,43,65,Lighting,Organizer,6178.74,7118.95,0,Monsoon,0
SKU039,2025-07-21,34,242044.3,7118.95,0,122,64,4,43,65,Lighting,Organizer,6178.74,7118.95,0,Monsoon,0
SKU039,2025-07-28,23,163735.85,7118.95,0,127,181,11,41,107,Lighting,Organizer,6178.74,7118.95,0,Monsoon,0
SKU039,2025-08-04,23,163735.85,7118.95,0,127,181,11,41,107,Lighting,Organizer,6178.74,7118.95,0,Monsoon,0
SKU039,2025-08-11,20,142379.0,7118.95,0,127,181,11,41,107,Lighting,Organizer,6178.74,7118.95,1,Monsoon,0
SKU039,2025-08-18,18,128141.1,7118.95,0,127,181,11,41,107,Lighting,Organizer,6178.74,7118.95,0,Monsoon,0
SKU039,2025-08-25,13,92546.34999999999,7118.95,0,127,181,11,41,107,Lighting,Organizer,6178.74,7118.95,0,Monsoon,0
SKU039,2025-09-01,17,121022.15,7118.95,2,67,150,14,32,107,Lighting,Organizer,6178.74,7118.95,0,Monsoon,1
SKU039,2025-09-08,20,142379.0,7118.95,2,67,150,14,32,107,Lighting,Organizer,6178.74,7118.95,0,Monsoon,1
SKU039,2025-09-15,18,128141.09999999999,7118.95,2,67,150,14,32,107,Lighting,Organizer,6178.74,7118.95,0,Monsoon,1
SKU039,2025-09-22,25,177973.75,7118.95,2,67,150,14,32,107,Lighting,Organizer,6178.74,7118.95,0,Monsoon,1
SKU039,2025-09-29,26,185092.69999999998,7118.95,0,135,113,4,43,65,Lighting,Organizer,6178.74,7118.95,0,Monsoon,0
SKU039,2025-10-06,17,121022.15,7118.95,0,135,113,4,43,65,Lighting,Organizer,6178.74,7118.95,0,Autumn,0
SKU039,2025-10-13,16,113903.2,7118.95,0,135,113,4,43,65,Lighting,Organizer,6178.74,7118.95,0,Autumn,0
SKU039,2025-10-20,19,135260.05,7118.95,0,135,113,4,43,65,Lighting,Organizer,6178.74,7118.95,1,Autumn,0
SKU039,2025-10-27,18,128141.09999999999,7118.95,2,152,94,6,20,53,Lighting,Organizer,6178.74,7118.95,0,Autumn,1
SKU039,2025-11-03,18,128141.09999999999,7118.95,2,152,94,6,20,53,Lighting,Organizer,6178.74,7118.95,0,Autumn,1
SKU039,2025-11-10,24,170854.8,7118.95,2,152,94,6,20,53,Lighting,Organizer,6178.74,7118.95,0,Autumn,1
SKU039,2025-11-17,18,128141.1,7118.95,2,152,94,6,20,53,Lighting,Organizer,6178.74,7118.95,0,Autumn,1
SKU039,2025-11-24,13,92546.35,7118.95,2,152,94,6,20,53,Lighting,Organizer,6178.74,7118.95,0,Autumn,1
SKU039,2025-12-01,23,163735.85,7118.95,0,93,35,3,17,31,Lighting,Organizer,6178.74,7118.95,0,Winter,0
SKU039,2025-12-08,15,106784.25,7118.95,0,93,35,3,17,31,Lighting,Organizer,6178.74,7118.95,0,Winter,0
SKU039,2025-12-15,12,85427.4,7118.95,0,93,35,3,17,31,Lighting,Organizer,6178.74,7118.95,0,Winter,0
SKU039,2025-12-22,21,149497.94999999998,7118.95,0,93,35,3,17,31,Lighting,Organizer,6178.74,7118.95,1,Winter,0
SKU040,2024-01-01,104,254858.24,2450.56,0,22,0,4,5,10,Storage,Sofa,5169.07,2450.56,0,Winter,0
SKU040,2024-01-08,116,284264.95999999996,2450.56,0,22,0,4,5,10,Storage,Sofa,5169.07,2450.56,0,Winter,0
SKU040,2024-01-15,105,257308.8,2450.56,0,22,0,4,5,10,Storage,Sofa,5169.07,2450.56,0,Winter,0
SKU040,2024-01-22,92,225451.52,2450.56,0,22,0,4,5,10,Storage,Sofa,5169.07,2450.56,1,Winter,0
SKU040,2024-01-29,118,289166.08,2450.56,0,67,68,3,36,55,Storage,Sofa,5169.07,2450.56,0,Winter,0
SKU040,2024-02-05,117,286715.51999999996,2450.56,0,67,68,3,36,55,Storage,Sofa,5169.07,2450.56,0,Winter,0
SKU040,2024-02-12,122,298968.32,2450.56,0,67,68,3,36,55,Storage,Sofa,5169.07,2450.56,0,Winter,0
SKU040,2024-02-19,110,269561.6,2450.56,0,67,68,3,36,55,Storage,Sofa,5169.07,2450.56,0,Winter,0
SKU040,2024-02-26,137,335726.72,2450.56,2,86,155,9,38,97,Storage,Sofa,5169.07,2450.56,0,Winter,1
SKU040,2024-03-04,114,279363.83999999997,2450.56,2,86,155,9,38,97,Storage,Sofa,5169.07,2450.56,0,Spring,1
SKU040,2024-03-11,140,343078.4,2450.56,2,86,155,9,38,97,Storage,Sofa,5169.07,2450.56,0,Spring,1
SKU040,2024-03-18,173,423946.88,2450.56,2,86,155,9,38,97,Storage,Sofa,5169.07,2450.56,0,Spring,1
SKU040,2024-03-25,147,360232.32,2450.56,2,86,155,9,38,97,Storage,Sofa,5169.07,2450.56,0,Spring,1
SKU040,2024-04-01,109,267111.04,2450.56,0,185,32,5,37,79,Storage,Sofa,5169.07,2450.56,0,Spring,0
SKU040,2024-04-08,126,308770.56,2450.56,0,185,32,5,37,79,Storage,Sofa,5169.07,2450.56,0,Spring,0
SKU040,2024-04-15,131,321023.36,2450.56,0,185,32,5,37,79,Storage,Sofa,5169.07,2450.56,0,Spring,0
SKU040,2024-04-22,117,286715.52,2450.56,0,185,32,5,37,79,Storage,Sofa,5169.07,2450.56,0,Spring,0
SKU040,2024-04-29,119,291616.64,2450.56,0,222,98,11,45,124,Storage,Sofa,5169.07,2450.56,0,Spring,0
SKU040,2024-05-06,125,306320.0,2450.56,0,222,98,11,45,124,Storage,Sofa,5169.07,2450.56,0,Summer,0
SKU040,2024-05-13,108,264660.48,2450.56,0,222,98,11,45,124,Storage,Sofa,5169.07,2450.56,0,Summer,0
SKU040,2024-05-20,119,291616.64,2450.56,0,222,98,11,45,124,Storage,Sofa,5169.07,2450.56,0,Summer,0
SKU040,2024-05-27,135,330825.6,2450.56,2,262,4,9,50,120,Storage,Sofa,5169.07,2450.56,0,Summer,1
SKU040,2024-06-03,128,313671.68,2450.56,2,262,4,9,50,120,Storage,Sofa,5169.07,2450.56,0,Summer,1
SKU040,2024-06-10,128,313671.68,2450.56,2,262,4,9,50,120,Storage,Sofa,5169.07,2450.56,0,Summer,1
SKU040,2024-06-17,124,303869.44,2450.56,2,262,4,9,50,120,Storage,Sofa,5169.07,2450.56,0,Summer,1
SKU040,2024-06-24,97,237704.32,2450.56,2,262,4,9,50,120,Storage,Sofa,5169.07,2450.56,0,Summer,1
SKU040,2024-07-01,103,252407.68,2450.56,0,175,90,3,29,53,Storage,Sofa,5169.07,2450.56,0,Monsoon,0
SKU040,2024-07-08,116,284264.96,2450.56,0,175,90,3,29,53,Storage,Sofa,5169.07,2450.56,0,Monsoon,0
SKU040,2024-07-15,102,249957.12,2450.56,0,175,90,3,29,53,Storage,Sofa,5169.07,2450.56,0,Monsoon,0
SKU040,2024-07-22,109,267111.04,2450.56,0,175,90,3,29,53,Storage,Sofa,5169.07,2450.56,0,Monsoon,0
SKU040,2024-07-29,109,267111.04,2450.56,0,47,64,3,27,44,Storage,Sofa,5169.07,2450.56,0,Monsoon,0
SKU040,2024-08-05,103,252407.68,2450.56,0,47,64,3,27,44,Storage,Sofa,5169.07,2450.56,0,Monsoon,0
SKU040,2024-08-12,109,267111.04,2450.56,0,47,64,3,27,44,Storage,Sofa,5169.07,2450.56,1,Monsoon,0
SKU040,2024-08-19,110,269561.6,2450.56,0,47,64,3,27,44,Storage,Sofa,5169.07,2450.56,0,Monsoon,0
SKU040,2024-08-26,85,208297.6,2450.56,1,149,27,8,17,63,Storage,Sofa,5169.07,2450.56,0,Monsoon,1
SKU040,2024-09-02,94,230352.64,2450.56,2,149,27,8,17,63,Storage,Sofa,5169.07,2450.56,0,Monsoon,1
SKU040,2024-09-09,109,267111.04,2450.56,2,149,27,8,17,63,Storage,Sofa,5169.07,2450.56,0,Monsoon,1
SKU040,2024-09-16,89,218099.84,2450.56,2,149,27,8,17,63,Storage,Sofa,5169.07,2450.56,0,Monsoon,1
SKU040,2024-09-23,84,205847.04,2450.56,2,149,27,8,17,63,Storage,Sofa,5169.07,2450.56,0,Monsoon,1
SKU040,2024-09-30,91,223000.96,2450.56,0,35,48,5,38,70,Storage,Sofa,5169.07,2450.56,0,Monsoon,0
SKU040,2024-10-07,93,227902.08,2450.56,0,35,48,5,38,70,Storage,Sofa,5169.07,2450.56,0,Autumn,0
SKU040,2024-10-14,96,235253.76,2450.56,0,35,48,5,38,70,Storage,Sofa,5169.07,2450.56,0,Autumn,0
SKU040,2024-10-21,92,225451.52,2450.56,0,35,48,5,38,70,Storage,Sofa,5169.07,2450.56,0,Autumn,0
SKU040,2024-10-28,89,218099.84,2450.56,2,67,6,9,18,71,Storage,Sofa,5169.07,2450.56,1,Autumn,1
SKU040,2024-11-04,114,279363.83999999997,2450.56,2,67,6,9,18,71,Storage,Sofa,5169.07,2450.56,0,Autumn,1
SKU040,2024-11-11,101,247506.56,2450.56,2,67,6,9,18,71,Storage,Sofa,5169.07,2450.56,0,Autumn,1
SKU040,2024-11-18,92,225451.52,2450.56,2,67,6,9,18,71,Storage,Sofa,5169.07,2450.56,0,Autumn,1
SKU040,2024-11-25,92,225451.52,2450.56,1,53,78,7,40,77,Storage,Sofa,5169.07,2450.56,0,Autumn,1
SKU040,2024-12-02,97,237704.32,2450.56,0,53,78,7,40,77,Storage,Sofa,5169.07,2450.56,0,Winter,0
SKU040,2024-12-09,90,220550.4,2450.56,0,53,78,7,40,77,Storage,Sofa,5169.07,2450.56,0,Winter,0
SKU040,2024-12-16,99,242605.44,2450.56,0,53,78,7,40,77,Storage,Sofa,5169.07,2450.56,0,Winter,0
SKU040,2024-12-23,103,252407.68,2450.56,0,53,78,7,40,77,Storage,Sofa,5169.07,2450.56,1,Winter,0
SKU040,2024-12-30,101,247506.56,2450.56,0,84,25,10,31,99,Storage,Sofa,5169.07,2450.56,0,Winter,0
SKU040,2025-01-06,115,281814.4,2450.56,0,84,25,10,31,99,Storage,Sofa,5169.07,2450.56,0,Winter,0
SKU040,2025-01-13,112,274462.72,2450.56,0,84,25,10,31,99,Storage,Sofa,5169.07,2450.56,0,Winter,0
SKU040,2025-01-20,101,247506.56,2450.56,0,84,25,10,31,99,Storage,Sofa,5169.07,2450.56,1,Winter,0
SKU040,2025-01-27,110,269561.6,2450.56,0,71,103,7,43,92,Storage,Sofa,5169.07,2450.56,0,Winter,0
SKU040,2025-02-03,102,249957.12,2450.56,0,71,103,7,43,92,Storage,Sofa,5169.07,2450.56,0,Winter,0
SKU040,2025-02-10,125,306320.0,2450.56,0,71,103,7,43,92,Storage,Sofa,5169.07,2450.56,0,Winter,0
SKU040,2025-02-17,111,272012.16000000003,2450.56,0,71,103,7,43,92,Storage,Sofa,5169.07,2450.56,0,Winter,0
SKU040,2025-02-24,136,333276.16,2450.56,2,64,146,13,24,103,Storage,Sofa,5169.07,2450.56,0,Winter,1
SKU040,2025-03-03,126,308770.56,2450.56,2,64,146,13,24,103,Storage,Sofa,5169.07,2450.56,0,Spring,1
SKU040,2025-03-10,146,357781.76,2450.56,2,64,146,13,24,103,Storage,Sofa,5169.07,2450.56,0,Spring,1
SKU040,2025-03-17,151,370034.56,2450.56,2,64,146,13,24,103,Storage,Sofa,5169.07,2450.56,0,Spring,1
SKU040,2025-03-24,120,294067.2,2450.56,2,64,146,13,24,103,Storage,Sofa,5169.07,2450.56,0,Spring,1
SKU040,2025-03-31,135,330825.6,2450.56,0,205,97,13,66,176,Storage,Sofa,5169.07,2450.56,0,Spring,0
SKU040,2025-04-07,122,298968.32,2450.56,0,205,97,13,66,176,Storage,Sofa,5169.07,2450.56,0,Spring,0
SKU040,2025-04-14,116,284264.95999999996,2450.56,0,205,97,13,66,176,Storage,Sofa,5169.07,2450.56,0,Spring,0
SKU040,2025-04-21,100,245056.0,2450.56,0,205,97,13,66,176,Storage,Sofa,5169.07,2450.56,0,Spring,0
SKU040,2025-04-28,136,333276.16,2450.56,0,188,241,12,55,153,Storage,Sofa,5169.07,2450.56,0,Spring,0
SKU040,2025-05-05,129,316122.24,2450.56,0,188,241,12,55,153,Storage,Sofa,5169.07,2450.56,0,Summer,0
SKU040,2025-05-12,122,298968.32,2450.56,0,188,241,12,55,153,Storage,Sofa,5169.07,2450.56,0,Summer,0
SKU040,2025-05-19,123,301418.88,2450.56,0,188,241,12,55,153,Storage,Sofa,5169.07,2450.56,0,Summer,0
SKU040,2025-05-26,134,328375.04,2450.56,1,152,208,13,56,160,Storage,Sofa,5169.07,2450.56,0,Summer,1
SKU040,2025-06-02,124,303869.44,2450.56,2,152,208,13,56,160,Storage,Sofa,5169.07,2450.56,0,Summer,1
SKU040,2025-06-09,113,276913.28,2450.56,2,152,208,13,56,160,Storage,Sofa,5169.07,2450.56,0,Summer,1
SKU040,2025-06-16,125,306320.0,2450.56,2,152,208,13,56,160,Storage,Sofa,5169.07,2450.56,0,Summer,1
SKU040,2025-06-23,119,291616.64,2450.56,2,152,208,13,56,160,Storage,Sofa,5169.07,2450.56,0,Summer,1
SKU040,2025-06-30,117,286715.52,2450.56,0,145,53,3,31,54,Storage,Sofa,5169.07,2450.56,0,Summer,0
SKU040,2025-07-07,106,259759.36,2450.56,0,145,53,3,31,54,Storage,Sofa,5169.07,2450.56,0,Monsoon,0
SKU040,2025-07-14,99,242605.44,2450.56,0,145,53,3,31,54,Storage,Sofa,5169.07,2450.56,0,Monsoon,0
SKU040,2025-07-21,97,237704.32,2450.56,0,145,53,3,31,54,Storage,Sofa,5169.07,2450.56,0,Monsoon,0
SKU040,2025-07-28,108,264660.48,2450.56,0,52,83,14,50,143,Storage,Sofa,5169.07,2450.56,0,Monsoon,0
SKU040,2025-08-04,90,220550.4,2450.56,0,52,83,14,50,143,Storage,Sofa,5169.07,2450.56,0,Monsoon,0
SKU040,2025-08-11,92,225451.52000000002,2450.56,0,52,83,14,50,143,Storage,Sofa,5169.07,2450.56,1,Monsoon,0
SKU040,2025-08-18,110,269561.6,2450.56,0,52,83,14,50,143,Storage,Sofa,5169.07,2450.56,0,Monsoon,0
SKU040,2025-08-25,99,242605.44,2450.56,0,52,83,14,50,143,Storage,Sofa,5169.07,2450.56,0,Monsoon,0
SKU040,2025-09-01,105,257308.8,2450.56,2,32,122,11,29,84,Storage,Sofa,5169.07,2450.56,0,Monsoon,1
SKU040,2025-09-08,106,259759.36,2450.56,2,32,122,11,29,84,Storage,Sofa,5169.07,2450.56,0,Monsoon,1
SKU040,2025-09-15,109,267111.04,2450.56,2,32,122,11,29,84,Storage,Sofa,5169.07,2450.56,0,Monsoon,1
SKU040,2025-09-22,87,213198.72,2450.56,2,32,122,11,29,84,Storage,Sofa,5169.07,2450.56,0,Monsoon,1
SKU040,2025-09-29,76,186242.56,2450.56,0,123,119,11,36,99,Storage,Sofa,5169.07,2450.56,0,Monsoon,0
SKU040,2025-10-06,82,200945.91999999998,2450.56,0,123,119,11,36,99,Storage,Sofa,5169.07,2450.56,0,Autumn,0
SKU040,2025-10-13,81,198495.36,2450.56,0,123,119,11,36,99,Storage,Sofa,5169.07,2450.56,0,Autumn,0
SKU040,2025-10-20,91,223000.96,2450.56,0,123,119,11,36,99,Storage,Sofa,5169.07,2450.56,1,Autumn,0
SKU040,2025-10-27,103,252407.68,2450.56,2,181,30,10,22,81,Storage,Sofa,5169.07,2450.56,0,Autumn,1
SKU040,2025-11-03,89,218099.84,2450.56,2,181,30,10,22,81,Storage,Sofa,5169.07,2450.56,0,Autumn,1
SKU040,2025-11-10,98,240154.88,2450.56,2,181,30,10,22,81,Storage,Sofa,5169.07,2450.56,0,Autumn,1
SKU040,2025-11-17,86,210748.15999999997,2450.56,2,181,30,10,22,81,Storage,Sofa,5169.07,2450.56,0,Autumn,1
SKU040,2025-11-24,76,186242.56,2450.56,2,181,30,10,22,81,Storage,Sofa,5169.07,2450.56,0,Autumn,1
SKU040,2025-12-01,103,252407.68,2450.56,0,67,29,9,36,93,Storage,Sofa,5169.07,2450.56,0,Winter,0
SKU040,2025-12-08,101,247506.56,2450.56,0,67,29,9,36,93,Storage,Sofa,5169.07,2450.56,0,Winter,0
SKU040,2025-12-15,93,227902.08,2450.56,0,67,29,9,36,93,Storage,Sofa,5169.07,2450.56,0,Winter,0
SKU040,2025-12-22,76,186242.56,2450.56,0,67,29,9,36,93,Storage,Sofa,5169.07,2450.56,1,Winter,0
SKU041,2024-01-01,73,754581.29,10336.73,0,23,8,9,5,14,Furniture,Chair,4540.24,10336.73,0,Winter,0
SKU041,2024-01-08,80,826938.3999999999,10336.73,0,23,8,9,5,14,Furniture,Chair,4540.24,10336.73,0,Winter,0
SKU041,2024-01-15,66,682224.18,10336.73,0,23,8,9,5,14,Furniture,Chair,4540.24,10336.73,0,Winter,0
SKU041,2024-01-22,82,847611.86,10336.73,0,23,8,9,5,14,Furniture,Chair,4540.24,10336.73,1,Winter,0
SKU041,2024-01-29,83,857948.59,10336.73,0,301,16,6,71,170,Furniture,Chair,4540.24,10336.73,0,Winter,0
SKU041,2024-02-05,76,785591.48,10336.73,0,301,16,6,71,170,Furniture,Chair,4540.24,10336.73,0,Winter,0
SKU041,2024-02-12,77,795928.21,10336.73,0,301,16,6,71,170,Furniture,Chair,4540.24,10336.73,0,Winter,0
SKU041,2024-02-19,72,744244.5599999999,10336.73,0,301,16,6,71,170,Furniture,Chair,4540.24,10336.73,0,Winter,0
SKU041,2024-02-26,94,971652.62,10336.73,2,234,279,11,85,293,Furniture,Chair,4540.24,10336.73,0,Winter,1
SKU041,2024-03-04,91,940642.43,10336.73,2,234,279,11,85,293,Furniture,Chair,4540.24,10336.73,0,Spring,1
SKU041,2024-03-11,101,1044009.73,10336.73,2,234,279,11,85,293,Furniture,Chair,4540.24,10336.73,0,Spring,1
SKU041,2024-03-18,110,1137040.3,10336.73,2,234,279,11,85,293,Furniture,Chair,4540.24,10336.73,0,Spring,1
SKU041,2024-03-25,115,1188723.95,10336.73,2,234,279,11,85,293,Furniture,Chair,4540.24,10336.73,0,Spring,1
SKU041,2024-04-01,95,981989.35,10336.73,0,179,159,3,69,135,Furniture,Chair,4540.24,10336.73,0,Spring,0
SKU041,2024-04-08,78,806264.94,10336.73,0,179,159,3,69,135,Furniture,Chair,4540.24,10336.73,0,Spring,0
SKU041,2024-04-15,99,1023336.27,10336.73,0,179,159,3,69,135,Furniture,Chair,4540.24,10336.73,0,Spring,0
SKU041,2024-04-22,73,754581.29,10336.73,0,179,159,3,69,135,Furniture,Chair,4540.24,10336.73,0,Spring,0
SKU041,2024-04-29,98,1012999.54,10336.73,0,480,764,13,146,401,Furniture,Chair,4540.24,10336.73,0,Spring,0
SKU041,2024-05-06,101,1044009.73,10336.73,0,480,764,13,146,401,Furniture,Chair,4540.24,10336.73,0,Summer,0
SKU041,2024-05-13,78,806264.94,10336.73,0,480,764,13,146,401,Furniture,Chair,4540.24,10336.73,0,Summer,0
SKU041,2024-05-20,79,816601.67,10336.73,0,480,764,13,146,401,Furniture,Chair,4540.24,10336.73,0,Summer,0
SKU041,2024-05-27,100,1033673.0,10336.73,2,449,392,11,146,360,Furniture,Chair,4540.24,10336.73,0,Summer,1
SKU041,2024-06-03,89,919968.97,10336.73,2,449,392,11,146,360,Furniture,Chair,4540.24,10336.73,0,Summer,1
SKU041,2024-06-10,90,930305.7000000001,10336.73,2,449,392,11,146,360,Furniture,Chair,4540.24,10336.73,0,Summer,1
SKU041,2024-06-17,89,919968.97,10336.73,2,449,392,11,146,360,Furniture,Chair,4540.24,10336.73,0,Summer,1
SKU041,2024-06-24,88,909632.24,10336.73,2,449,392,11,146,360,Furniture,Chair,4540.24,10336.73,0,Summer,1
SKU041,2024-07-01,62,640877.26,10336.73,0,746,322,12,149,413,Furniture,Chair,4540.24,10336.73,0,Monsoon,0
SKU041,2024-07-08,63,651213.99,10336.73,0,746,322,12,149,413,Furniture,Chair,4540.24,10336.73,0,Monsoon,0
SKU041,2024-07-15,70,723571.1,10336.73,0,746,322,12,149,413,Furniture,Chair,4540.24,10336.73,0,Monsoon,0
SKU041,2024-07-22,66,682224.1799999999,10336.73,0,746,322,12,149,413,Furniture,Chair,4540.24,10336.73,0,Monsoon,0
SKU041,2024-07-29,71,733907.83,10336.73,0,123,254,3,106,156,Furniture,Chair,4540.24,10336.73,0,Monsoon,0
SKU041,2024-08-05,71,733907.8300000001,10336.73,0,123,254,3,106,156,Furniture,Chair,4540.24,10336.73,0,Monsoon,0
SKU041,2024-08-12,71,733907.83,10336.73,0,123,254,3,106,156,Furniture,Chair,4540.24,10336.73,1,Monsoon,0
SKU041,2024-08-19,67,692560.9099999999,10336.73,0,123,254,3,106,156,Furniture,Chair,4540.24,10336.73,0,Monsoon,0
SKU041,2024-08-26,77,795928.21,10336.73,1,168,457,10,88,236,Furniture,Chair,4540.24,10336.73,0,Monsoon,1
SKU041,2024-09-02,63,651213.99,10336.73,2,168,457,10,88,236,Furniture,Chair,4540.24,10336.73,0,Monsoon,1
SKU041,2024-09-09,66,682224.1799999999,10336.73,2,168,457,10,88,236,Furniture,Chair,4540.24,10336.73,0,Monsoon,1
SKU041,2024-09-16,74,764918.02,10336.73,2,168,457,10,88,236,Furniture,Chair,4540.24,10336.73,0,Monsoon,1
SKU041,2024-09-23,62,640877.26,10336.73,2,168,457,10,88,236,Furniture,Chair,4540.24,10336.73,0,Monsoon,1
SKU041,2024-09-30,62,640877.26,10336.73,0,248,219,4,61,126,Furniture,Chair,4540.24,10336.73,0,Monsoon,0
SKU041,2024-10-07,82,847611.86,10336.73,0,248,219,4,61,126,Furniture,Chair,4540.24,10336.73,0,Autumn,0
SKU041,2024-10-14,63,651213.99,10336.73,0,248,219,4,61,126,Furniture,Chair,4540.24,10336.73,0,Autumn,0
SKU041,2024-10-21,63,651213.99,10336.73,0,248,219,4,61,126,Furniture,Chair,4540.24,10336.73,0,Autumn,0
SKU041,2024-10-28,66,682224.1799999999,10336.73,2,330,260,11,85,238,Furniture,Chair,4540.24,10336.73,1,Autumn,1
SKU041,2024-11-04,75,775254.75,10336.73,2,330,260,11,85,238,Furniture,Chair,4540.24,10336.73,0,Autumn,1
SKU041,2024-11-11,65,671887.45,10336.73,2,330,260,11,85,238,Furniture,Chair,4540.24,10336.73,0,Autumn,1
SKU041,2024-11-18,62,640877.26,10336.73,2,330,260,11,85,238,Furniture,Chair,4540.24,10336.73,0,Autumn,1
SKU041,2024-11-25,66,682224.18,10336.73,1,222,206,13,96,286,Furniture,Chair,4540.24,10336.73,0,Autumn,1
SKU041,2024-12-02,75,775254.75,10336.73,0,222,206,13,96,286,Furniture,Chair,4540.24,10336.73,0,Winter,0
SKU041,2024-12-09,54,558183.42,10336.73,0,222,206,13,96,286,Furniture,Chair,4540.24,10336.73,0,Winter,0
SKU041,2024-12-16,79,816601.67,10336.73,0,222,206,13,96,286,Furniture,Chair,4540.24,10336.73,0,Winter,0
SKU041,2024-12-23,80,826938.4,10336.73,0,222,206,13,96,286,Furniture,Chair,4540.24,10336.73,1,Winter,0
SKU041,2024-12-30,74,764918.02,10336.73,0,329,151,6,82,167,Furniture,Chair,4540.24,10336.73,0,Winter,0
SKU041,2025-01-06,98,1012999.54,10336.73,0,329,151,6,82,167,Furniture,Chair,4540.24,10336.73,0,Winter,0
SKU041,2025-01-13,74,764918.02,10336.73,0,329,151,6,82,167,Furniture,Chair,4540.24,10336.73,0,Winter,0
SKU041,2025-01-20,72,744244.56,10336.73,0,329,151,6,82,167,Furniture,Chair,4540.24,10336.73,1,Winter,0
SKU041,2025-01-27,80,826938.3999999999,10336.73,0,186,33,7,129,247,Furniture,Chair,4540.24,10336.73,0,Winter,0
SKU041,2025-02-03,77,795928.21,10336.73,0,186,33,7,129,247,Furniture,Chair,4540.24,10336.73,0,Winter,0
SKU041,2025-02-10,76,785591.48,10336.73,0,186,33,7,129,247,Furniture,Chair,4540.24,10336.73,0,Winter,0
SKU041,2025-02-17,96,992326.0800000001,10336.73,0,186,33,7,129,247,Furniture,Chair,4540.24,10336.73,0,Winter,0
SKU041,2025-02-24,99,1023336.27,10336.73,2,110,436,11,80,278,Furniture,Chair,4540.24,10336.73,0,Winter,1
SKU041,2025-03-03,101,1044009.73,10336.73,2,110,436,11,80,278,Furniture,Chair,4540.24,10336.73,0,Spring,1
SKU041,2025-03-10,101,1044009.73,10336.73,2,110,436,11,80,278,Furniture,Chair,4540.24,10336.73,0,Spring,1
SKU041,2025-03-17,90,930305.7,10336.73,2,110,436,11,80,278,Furniture,Chair,4540.24,10336.73,0,Spring,1
SKU041,2025-03-24,105,1085356.65,10336.73,2,110,436,11,80,278,Furniture,Chair,4540.24,10336.73,0,Spring,1
SKU041,2025-03-31,93,961315.89,10336.73,0,737,235,6,126,259,Furniture,Chair,4540.24,10336.73,0,Spring,0
SKU041,2025-04-07,96,992326.08,10336.73,0,737,235,6,126,259,Furniture,Chair,4540.24,10336.73,0,Spring,0
SKU041,2025-04-14,91,940642.4299999999,10336.73,0,737,235,6,126,259,Furniture,Chair,4540.24,10336.73,0,Spring,0
SKU041,2025-04-21,97,1002662.81,10336.73,0,737,235,6,126,259,Furniture,Chair,4540.24,10336.73,0,Spring,0
SKU041,2025-04-28,99,1023336.27,10336.73,0,327,1,4,58,134,Furniture,Chair,4540.24,10336.73,0,Spring,0
SKU041,2025-05-05,67,692560.91,10336.73,0,327,1,4,58,134,Furniture,Chair,4540.24,10336.73,0,Summer,0
SKU041,2025-05-12,89,919968.97,10336.73,0,327,1,4,58,134,Furniture,Chair,4540.24,10336.73,0,Summer,0
SKU041,2025-05-19,79,816601.67,10336.73,0,327,1,4,58,134,Furniture,Chair,4540.24,10336.73,0,Summer,0
SKU041,2025-05-26,81,837275.13,10336.73,1,476,429,11,75,290,Furniture,Chair,4540.24,10336.73,0,Summer,1
SKU041,2025-06-02,93,961315.89,10336.73,2,476,429,11,75,290,Furniture,Chair,4540.24,10336.73,0,Summer,1
SKU041,2025-06-09,98,1012999.54,10336.73,2,476,429,11,75,290,Furniture,Chair,4540.24,10336.73,0,Summer,1
SKU041,2025-06-16,78,806264.94,10336.73,2,476,429,11,75,290,Furniture,Chair,4540.24,10336.73,0,Summer,1
SKU041,2025-06-23,72,744244.56,10336.73,2,476,429,11,75,290,Furniture,Chair,4540.24,10336.73,0,Summer,1
SKU041,2025-06-30,79,816601.6699999999,10336.73,0,620,70,14,145,424,Furniture,Chair,4540.24,10336.73,0,Summer,0
SKU041,2025-07-07,73,754581.29,10336.73,0,620,70,14,145,424,Furniture,Chair,4540.24,10336.73,0,Monsoon,0
SKU041,2025-07-14,93,961315.89,10336.73,0,620,70,14,145,424,Furniture,Chair,4540.24,10336.73,0,Monsoon,0
SKU041,2025-07-21,69,713234.37,10336.73,0,620,70,14,145,424,Furniture,Chair,4540.24,10336.73,0,Monsoon,0
SKU041,2025-07-28,63,651213.99,10336.73,0,145,50,10,97,271,Furniture,Chair,4540.24,10336.73,0,Monsoon,0
SKU041,2025-08-04,72,744244.56,10336.73,0,145,50,10,97,271,Furniture,Chair,4540.24,10336.73,0,Monsoon,0
SKU041,2025-08-11,81,837275.13,10336.73,0,145,50,10,97,271,Furniture,Chair,4540.24,10336.73,1,Monsoon,0
SKU041,2025-08-18,66,682224.1799999999,10336.73,0,145,50,10,97,271,Furniture,Chair,4540.24,10336.73,0,Monsoon,0
SKU041,2025-08-25,80,826938.4,10336.73,0,145,50,10,97,271,Furniture,Chair,4540.24,10336.73,0,Monsoon,0
SKU041,2025-09-01,72,744244.56,10336.73,2,324,195,3,96,143,Furniture,Chair,4540.24,10336.73,0,Monsoon,1
SKU041,2025-09-08,58,599530.34,10336.73,2,324,195,3,96,143,Furniture,Chair,4540.24,10336.73,0,Monsoon,1
SKU041,2025-09-15,66,682224.1799999999,10336.73,2,324,195,3,96,143,Furniture,Chair,4540.24,10336.73,0,Monsoon,1
SKU041,2025-09-22,62,640877.26,10336.73,2,324,195,3,96,143,Furniture,Chair,4540.24,10336.73,0,Monsoon,1
SKU041,2025-09-29,67,692560.9099999999,10336.73,0,469,261,12,63,250,Furniture,Chair,4540.24,10336.73,0,Monsoon,0
SKU041,2025-10-06,54,558183.42,10336.73,0,469,261,12,63,250,Furniture,Chair,4540.24,10336.73,0,Autumn,0
SKU041,2025-10-13,62,640877.26,10336.73,0,469,261,12,63,250,Furniture,Chair,4540.24,10336.73,0,Autumn,0
SKU041,2025-10-20,52,537509.96,10336.73,0,469,261,12,63,250,Furniture,Chair,4540.24,10336.73,1,Autumn,0
SKU041,2025-10-27,67,692560.91,10336.73,2,292,418,14,97,311,Furniture,Chair,4540.24,10336.73,0,Autumn,1
SKU041,2025-11-03,79,816601.67,10336.73,2,292,418,14,97,311,Furniture,Chair,4540.24,10336.73,0,Autumn,1
SKU041,2025-11-10,65,671887.45,10336.73,2,292,418,14,97,311,Furniture,Chair,4540.24,10336.73,0,Autumn,1
SKU041,2025-11-17,52,537509.96,10336.73,2,292,418,14,97,311,Furniture,Chair,4540.24,10336.73,0,Autumn,1
SKU041,2025-11-24,83,857948.59,10336.73,2,292,418,14,97,311,Furniture,Chair,4540.24,10336.73,0,Autumn,1
SKU041,2025-12-01,78,806264.94,10336.73,0,440,40,4,78,139,Furniture,Chair,4540.24,10336.73,0,Winter,0
SKU041,2025-12-08,66,682224.18,10336.73,0,440,40,4,78,139,Furniture,Chair,4540.24,10336.73,0,Winter,0
SKU041,2025-12-15,71,733907.8300000001,10336.73,0,440,40,4,78,139,Furniture,Chair,4540.24,10336.73,0,Winter,0
SKU041,2025-12-22,70,723571.1,10336.73,0,440,40,4,78,139,Furniture,Chair,4540.24,10336.73,1,Winter,0
SKU042,2024-01-01,166,1527005.78,9198.83,0,15,26,9,6,15,Home Decor,Table,4583.86,9198.83,0,Winter,0
SKU042,2024-01-08,157,1444216.31,9198.83,0,15,26,9,6,15,Home Decor,Table,4583.86,9198.83,0,Winter,0
SKU042,2024-01-15,136,1251040.88,9198.83,0,15,26,9,6,15,Home Decor,Table,4583.86,9198.83,0,Winter,0
SKU042,2024-01-22,155,1425818.65,9198.83,0,15,26,9,6,15,Home Decor,Table,4583.86,9198.83,1,Winter,0
SKU042,2024-01-29,157,1444216.31,9198.83,0,70,86,4,37,67,Home Decor,Table,4583.86,9198.83,0,Winter,0
SKU042,2024-02-05,165,1517806.95,9198.83,0,70,86,4,37,67,Home Decor,Table,4583.86,9198.83,0,Winter,0
SKU042,2024-02-12,148,1361426.84,9198.83,0,70,86,4,37,67,Home Decor,Table,4583.86,9198.83,0,Winter,0
SKU042,2024-02-19,162,1490210.46,9198.83,0,70,86,4,37,67,Home Decor,Table,4583.86,9198.83,0,Winter,0
SKU042,2024-02-26,208,1913356.6400000001,9198.83,2,72,50,10,62,141,Home Decor,Table,4583.86,9198.83,0,Winter,1
SKU042,2024-03-04,182,1674187.06,9198.83,2,72,50,10,62,141,Home Decor,Table,4583.86,9198.83,0,Spring,1
SKU042,2024-03-11,181,1664988.23,9198.83,2,72,50,10,62,141,Home Decor,Table,4583.86,9198.83,0,Spring,1
SKU042,2024-03-18,189,1738578.87,9198.83,2,72,50,10,62,141,Home Decor,Table,4583.86,9198.83,0,Spring,1
SKU042,2024-03-25,196,1802970.68,9198.83,2,72,50,10,62,141,Home Decor,Table,4583.86,9198.83,0,Spring,1
SKU042,2024-04-01,193,1775374.19,9198.83,0,164,37,5,44,92,Home Decor,Table,4583.86,9198.83,0,Spring,0
SKU042,2024-04-08,194,1784573.02,9198.83,0,164,37,5,44,92,Home Decor,Table,4583.86,9198.83,0,Spring,0
SKU042,2024-04-15,163,1499409.29,9198.83,0,164,37,5,44,92,Home Decor,Table,4583.86,9198.83,0,Spring,0
SKU042,2024-04-22,199,1830567.17,9198.83,0,164,37,5,44,92,Home Decor,Table,4583.86,9198.83,0,Spring,0
SKU042,2024-04-29,201,1848964.83,9198.83,0,170,50,3,51,78,Home Decor,Table,4583.86,9198.83,0,Spring,0
SKU042,2024-05-06,166,1527005.78,9198.83,0,170,50,3,51,78,Home Decor,Table,4583.86,9198.83,0,Summer,0
SKU042,2024-05-13,191,1756976.53,9198.83,0,170,50,3,51,78,Home Decor,Table,4583.86,9198.83,0,Summer,0
SKU042,2024-05-20,172,1582198.76,9198.83,0,170,50,3,51,78,Home Decor,Table,4583.86,9198.83,0,Summer,0
SKU042,2024-05-27,212,1950151.96,9198.83,2,271,295,14,39,156,Home Decor,Table,4583.86,9198.83,0,Summer,1
SKU042,2024-06-03,158,1453415.1400000001,9198.83,2,271,295,14,39,156,Home Decor,Table,4583.86,9198.83,0,Summer,1
SKU042,2024-06-10,195,1793771.85,9198.83,2,271,295,14,39,156,Home Decor,Table,4583.86,9198.83,0,Summer,1
SKU042,2024-06-17,184,1692584.72,9198.83,2,271,295,14,39,156,Home Decor,Table,4583.86,9198.83,0,Summer,1
SKU042,2024-06-24,159,1462613.97,9198.83,2,271,295,14,39,156,Home Decor,Table,4583.86,9198.83,0,Summer,1
SKU042,2024-07-01,142,1306233.86,9198.83,0,123,197,14,63,185,Home Decor,Table,4583.86,9198.83,0,Monsoon,0
SKU042,2024-07-08,145,1333830.35,9198.83,0,123,197,14,63,185,Home Decor,Table,4583.86,9198.83,0,Monsoon,0
SKU042,2024-07-15,147,1352228.01,9198.83,0,123,197,14,63,185,Home Decor,Table,4583.86,9198.83,0,Monsoon,0
SKU042,2024-07-22,158,1453415.1400000001,9198.83,0,123,197,14,63,185,Home Decor,Table,4583.86,9198.83,0,Monsoon,0
SKU042,2024-07-29,143,1315432.69,9198.83,0,188,97,7,45,96,Home Decor,Table,4583.86,9198.83,0,Monsoon,0
SKU042,2024-08-05,139,1278637.37,9198.83,0,188,97,7,45,96,Home Decor,Table,4583.86,9198.83,0,Monsoon,0
SKU042,2024-08-12,141,1297035.03,9198.83,0,188,97,7,45,96,Home Decor,Table,4583.86,9198.83,1,Monsoon,0
SKU042,2024-08-19,126,1159052.58,9198.83,0,188,97,7,45,96,Home Decor,Table,4583.86,9198.83,0,Monsoon,0
SKU042,2024-08-26,147,1352228.01,9198.83,1,228,132,8,38,95,Home Decor,Table,4583.86,9198.83,0,Monsoon,1
SKU042,2024-09-02,147,1352228.01,9198.83,2,228,132,8,38,95,Home Decor,Table,4583.86,9198.83,0,Monsoon,1
SKU042,2024-09-09,126,1159052.58,9198.83,2,228,132,8,38,95,Home Decor,Table,4583.86,9198.83,0,Monsoon,1
SKU042,2024-09-16,147,1352228.01,9198.83,2,228,132,8,38,95,Home Decor,Table,4583.86,9198.83,0,Monsoon,1
SKU042,2024-09-23,133,1223444.39,9198.83,2,228,132,8,38,95,Home Decor,Table,4583.86,9198.83,0,Monsoon,1
SKU042,2024-09-30,120,1103859.6,9198.83,0,233,11,4,48,76,Home Decor,Table,4583.86,9198.83,0,Monsoon,0
SKU042,2024-10-07,125,1149853.75,9198.83,0,233,11,4,48,76,Home Decor,Table,4583.86,9198.83,0,Autumn,0
SKU042,2024-10-14,131,1205046.73,9198.83,0,233,11,4,48,76,Home Decor,Table,4583.86,9198.83,0,Autumn,0
SKU042,2024-10-21,114,1048666.62,9198.83,0,233,11,4,48,76,Home Decor,Table,4583.86,9198.83,0,Autumn,0
SKU042,2024-10-28,136,1251040.88,9198.83,2,161,26,3,38,56,Home Decor,Table,4583.86,9198.83,1,Autumn,1
SKU042,2024-11-04,121,1113058.43,9198.83,2,161,26,3,38,56,Home Decor,Table,4583.86,9198.83,0,Autumn,1
SKU042,2024-11-11,148,1361426.84,9198.83,2,161,26,3,38,56,Home Decor,Table,4583.86,9198.83,0,Autumn,1
SKU042,2024-11-18,138,1269438.54,9198.83,2,161,26,3,38,56,Home Decor,Table,4583.86,9198.83,0,Autumn,1
SKU042,2024-11-25,133,1223444.3900000001,9198.83,1,95,68,11,46,117,Home Decor,Table,4583.86,9198.83,0,Autumn,1
SKU042,2024-12-02,159,1462613.97,9198.83,0,95,68,11,46,117,Home Decor,Table,4583.86,9198.83,0,Winter,0
SKU042,2024-12-09,132,1214245.56,9198.83,0,95,68,11,46,117,Home Decor,Table,4583.86,9198.83,0,Winter,0
SKU042,2024-12-16,122,1122257.26,9198.83,0,95,68,11,46,117,Home Decor,Table,4583.86,9198.83,0,Winter,0
SKU042,2024-12-23,158,1453415.14,9198.83,0,95,68,11,46,117,Home Decor,Table,4583.86,9198.83,1,Winter,0
SKU042,2024-12-30,157,1444216.31,9198.83,0,65,24,12,29,101,Home Decor,Table,4583.86,9198.83,0,Winter,0
SKU042,2025-01-06,137,1260239.71,9198.83,0,65,24,12,29,101,Home Decor,Table,4583.86,9198.83,0,Winter,0
SKU042,2025-01-13,155,1425818.65,9198.83,0,65,24,12,29,101,Home Decor,Table,4583.86,9198.83,0,Winter,0
SKU042,2025-01-20,149,1370625.67,9198.83,0,65,24,12,29,101,Home Decor,Table,4583.86,9198.83,1,Winter,0
SKU042,2025-01-27,162,1490210.46,9198.83,0,226,108,9,54,125,Home Decor,Table,4583.86,9198.83,0,Winter,0
SKU042,2025-02-03,151,1389023.33,9198.83,0,226,108,9,54,125,Home Decor,Table,4583.86,9198.83,0,Winter,0
SKU042,2025-02-10,179,1646590.57,9198.83,0,226,108,9,54,125,Home Decor,Table,4583.86,9198.83,0,Winter,0
SKU042,2025-02-17,165,1517806.95,9198.83,0,226,108,9,54,125,Home Decor,Table,4583.86,9198.83,0,Winter,0
SKU042,2025-02-24,175,1609795.25,9198.83,2,215,42,3,61,86,Home Decor,Table,4583.86,9198.83,0,Winter,1
SKU042,2025-03-03,193,1775374.19,9198.83,2,215,42,3,61,86,Home Decor,Table,4583.86,9198.83,0,Spring,1
SKU042,2025-03-10,194,1784573.02,9198.83,2,215,42,3,61,86,Home Decor,Table,4583.86,9198.83,0,Spring,1
SKU042,2025-03-17,182,1674187.06,9198.83,2,215,42,3,61,86,Home Decor,Table,4583.86,9198.83,0,Spring,1
SKU042,2025-03-24,183,1683385.8900000001,9198.83,2,215,42,3,61,86,Home Decor,Table,4583.86,9198.83,0,Spring,1
SKU042,2025-03-31,201,1848964.83,9198.83,0,272,38,8,43,113,Home Decor,Table,4583.86,9198.83,0,Spring,0
SKU042,2025-04-07,168,1545403.44,9198.83,0,272,38,8,43,113,Home Decor,Table,4583.86,9198.83,0,Spring,0
SKU042,2025-04-14,174,1600596.42,9198.83,0,272,38,8,43,113,Home Decor,Table,4583.86,9198.83,0,Spring,0
SKU042,2025-04-21,180,1655789.4,9198.83,0,272,38,8,43,113,Home Decor,Table,4583.86,9198.83,0,Spring,0
SKU042,2025-04-28,194,1784573.02,9198.83,0,224,150,9,57,141,Home Decor,Table,4583.86,9198.83,0,Spring,0
SKU042,2025-05-05,192,1766175.3599999999,9198.83,0,224,150,9,57,141,Home Decor,Table,4583.86,9198.83,0,Summer,0
SKU042,2025-05-12,202,1858163.66,9198.83,0,224,150,9,57,141,Home Decor,Table,4583.86,9198.83,0,Summer,0
SKU042,2025-05-19,180,1655789.4,9198.83,0,224,150,9,57,141,Home Decor,Table,4583.86,9198.83,0,Summer,0
SKU042,2025-05-26,172,1582198.76,9198.83,1,117,126,4,38,75,Home Decor,Table,4583.86,9198.83,0,Summer,1
SKU042,2025-06-02,199,1830567.17,9198.83,2,117,126,4,38,75,Home Decor,Table,4583.86,9198.83,0,Summer,1
SKU042,2025-06-09,181,1664988.23,9198.83,2,117,126,4,38,75,Home Decor,Table,4583.86,9198.83,0,Summer,1
SKU042,2025-06-16,179,1646590.5699999998,9198.83,2,117,126,4,38,75,Home Decor,Table,4583.86,9198.83,0,Summer,1
SKU042,2025-06-23,197,1812169.5099999998,9198.83,2,117,126,4,38,75,Home Decor,Table,4583.86,9198.83,0,Summer,1
SKU042,2025-06-30,163,1499409.29,9198.83,0,186,40,8,37,106,Home Decor,Table,4583.86,9198.83,0,Summer,0
SKU042,2025-07-07,158,1453415.1400000001,9198.83,0,186,40,8,37,106,Home Decor,Table,4583.86,9198.83,0,Monsoon,0
SKU042,2025-07-14,161,1481011.63,9198.83,0,186,40,8,37,106,Home Decor,Table,4583.86,9198.83,0,Monsoon,0
SKU042,2025-07-21,157,1444216.31,9198.83,0,186,40,8,37,106,Home Decor,Table,4583.86,9198.83,0,Monsoon,0
SKU042,2025-07-28,167,1536204.61,9198.83,0,116,68,3,19,38,Home Decor,Table,4583.86,9198.83,0,Monsoon,0
SKU042,2025-08-04,141,1297035.03,9198.83,0,116,68,3,19,38,Home Decor,Table,4583.86,9198.83,0,Monsoon,0
SKU042,2025-08-11,142,1306233.8599999999,9198.83,0,116,68,3,19,38,Home Decor,Table,4583.86,9198.83,1,Monsoon,0
SKU042,2025-08-18,154,1416619.8199999998,9198.83,0,116,68,3,19,38,Home Decor,Table,4583.86,9198.83,0,Monsoon,0
SKU042,2025-08-25,162,1490210.46,9198.83,0,116,68,3,19,38,Home Decor,Table,4583.86,9198.83,0,Monsoon,0
SKU042,2025-09-01,146,1343029.18,9198.83,2,206,190,13,41,123,Home Decor,Table,4583.86,9198.83,0,Monsoon,1
SKU042,2025-09-08,149,1370625.67,9198.83,2,206,190,13,41,123,Home Decor,Table,4583.86,9198.83,0,Monsoon,1
SKU042,2025-09-15,169,1554602.27,9198.83,2,206,190,13,41,123,Home Decor,Table,4583.86,9198.83,0,Monsoon,1
SKU042,2025-09-22,123,1131456.09,9198.83,2,206,190,13,41,123,Home Decor,Table,4583.86,9198.83,0,Monsoon,1
SKU042,2025-09-29,132,1214245.56,9198.83,0,70,82,8,53,109,Home Decor,Table,4583.86,9198.83,0,Monsoon,0
SKU042,2025-10-06,137,1260239.71,9198.83,0,70,82,8,53,109,Home Decor,Table,4583.86,9198.83,0,Autumn,0
SKU042,2025-10-13,138,1269438.54,9198.83,0,70,82,8,53,109,Home Decor,Table,4583.86,9198.83,0,Autumn,0
SKU042,2025-10-20,117,1076263.1099999999,9198.83,0,70,82,8,53,109,Home Decor,Table,4583.86,9198.83,1,Autumn,0
SKU042,2025-10-27,134,1232643.22,9198.83,2,151,48,8,44,96,Home Decor,Table,4583.86,9198.83,0,Autumn,1
SKU042,2025-11-03,141,1297035.03,9198.83,2,151,48,8,44,96,Home Decor,Table,4583.86,9198.83,0,Autumn,1
SKU042,2025-11-10,132,1214245.56,9198.83,2,151,48,8,44,96,Home Decor,Table,4583.86,9198.83,0,Autumn,1
SKU042,2025-11-17,124,1140654.92,9198.83,2,151,48,8,44,96,Home Decor,Table,4583.86,9198.83,0,Autumn,1
SKU042,2025-11-24,142,1306233.8599999999,9198.83,2,151,48,8,44,96,Home Decor,Table,4583.86,9198.83,0,Autumn,1
SKU042,2025-12-01,156,1435017.48,9198.83,0,90,120,6,41,88,Home Decor,Table,4583.86,9198.83,0,Winter,0
SKU042,2025-12-08,125,1149853.75,9198.83,0,90,120,6,41,88,Home Decor,Table,4583.86,9198.83,0,Winter,0
SKU042,2025-12-15,173,1591397.5899999999,9198.83,0,90,120,6,41,88,Home Decor,Table,4583.86,9198.83,0,Winter,0
SKU042,2025-12-22,148,1361426.8399999999,9198.83,0,90,120,6,41,88,Home Decor,Table,4583.86,9198.83,1,Winter,0
SKU043,2024-01-01,157,1373085.8900000001,8745.77,0,17,2,13,5,18,Kitchen,Cushion,2605.61,8745.77,0,Winter,0
SKU043,2024-01-08,141,1233153.57,8745.77,0,17,2,13,5,18,Kitchen,Cushion,2605.61,8745.77,0,Winter,0
SKU043,2024-01-15,140,1224407.8,8745.77,0,17,2,13,5,18,Kitchen,Cushion,2605.61,8745.77,0,Winter,0
SKU043,2024-01-22,166,1451797.82,8745.77,0,17,2,13,5,18,Kitchen,Cushion,2605.61,8745.77,1,Winter,0
SKU043,2024-01-29,173,1513018.21,8745.77,0,114,410,5,97,208,Kitchen,Cushion,2605.61,8745.77,0,Winter,0
SKU043,2024-02-05,177,1548001.29,8745.77,0,114,410,5,97,208,Kitchen,Cushion,2605.61,8745.77,0,Winter,0
SKU043,2024-02-12,152,1329357.04,8745.77,0,114,410,5,97,208,Kitchen,Cushion,2605.61,8745.77,0,Winter,0
SKU043,2024-02-19,168,1469289.36,8745.77,0,114,410,5,97,208,Kitchen,Cushion,2605.61,8745.77,0,Winter,0
SKU043,2024-02-26,182,1591730.1400000001,8745.77,2,165,429,9,125,336,Kitchen,Cushion,2605.61,8745.77,0,Winter,1
SKU043,2024-03-04,175,1530509.75,8745.77,2,165,429,9,125,336,Kitchen,Cushion,2605.61,8745.77,0,Spring,1
SKU043,2024-03-11,175,1530509.75,8745.77,2,165,429,9,125,336,Kitchen,Cushion,2605.61,8745.77,0,Spring,1
SKU043,2024-03-18,171,1495526.67,8745.77,2,165,429,9,125,336,Kitchen,Cushion,2605.61,8745.77,0,Spring,1
SKU043,2024-03-25,177,1548001.29,8745.77,2,165,429,9,125,336,Kitchen,Cushion,2605.61,8745.77,0,Spring,1
SKU043,2024-04-01,172,1504272.44,8745.77,0,340,841,13,141,494,Kitchen,Cushion,2605.61,8745.77,0,Spring,0
SKU043,2024-04-08,170,1486780.9,8745.77,0,340,841,13,141,494,Kitchen,Cushion,2605.61,8745.77,0,Spring,0
SKU043,2024-04-15,187,1635458.99,8745.77,0,340,841,13,141,494,Kitchen,Cushion,2605.61,8745.77,0,Spring,0
SKU043,2024-04-22,192,1679187.8399999999,8745.77,0,340,841,13,141,494,Kitchen,Cushion,2605.61,8745.77,0,Spring,0
SKU043,2024-04-29,174,1521763.98,8745.77,0,534,236,13,80,422,Kitchen,Cushion,2605.61,8745.77,0,Spring,0
SKU043,2024-05-06,179,1565492.83,8745.77,0,534,236,13,80,422,Kitchen,Cushion,2605.61,8745.77,0,Summer,0
SKU043,2024-05-13,181,1582984.3699999999,8745.77,0,534,236,13,80,422,Kitchen,Cushion,2605.61,8745.77,0,Summer,0
SKU043,2024-05-20,178,1556747.06,8745.77,0,534,236,13,80,422,Kitchen,Cushion,2605.61,8745.77,0,Summer,0
SKU043,2024-05-27,191,1670442.07,8745.77,2,553,22,12,86,399,Kitchen,Cushion,2605.61,8745.77,0,Summer,1
SKU043,2024-06-03,169,1478035.13,8745.77,2,553,22,12,86,399,Kitchen,Cushion,2605.61,8745.77,0,Summer,1
SKU043,2024-06-10,179,1565492.83,8745.77,2,553,22,12,86,399,Kitchen,Cushion,2605.61,8745.77,0,Summer,1
SKU043,2024-06-17,169,1478035.13,8745.77,2,553,22,12,86,399,Kitchen,Cushion,2605.61,8745.77,0,Summer,1
SKU043,2024-06-24,172,1504272.44,8745.77,2,553,22,12,86,399,Kitchen,Cushion,2605.61,8745.77,0,Summer,1
SKU043,2024-07-01,136,1189424.72,8745.77,0,873,729,13,117,454,Kitchen,Cushion,2605.61,8745.77,0,Monsoon,0
SKU043,2024-07-08,172,1504272.44,8745.77,0,873,729,13,117,454,Kitchen,Cushion,2605.61,8745.77,0,Monsoon,0
SKU043,2024-07-15,141,1233153.57,8745.77,0,873,729,13,117,454,Kitchen,Cushion,2605.61,8745.77,0,Monsoon,0
SKU043,2024-07-22,160,1399323.2,8745.77,0,873,729,13,117,454,Kitchen,Cushion,2605.61,8745.77,0,Monsoon,0
SKU043,2024-07-29,160,1399323.2,8745.77,0,444,39,11,64,300,Kitchen,Cushion,2605.61,8745.77,0,Monsoon,0
SKU043,2024-08-05,123,1075729.71,8745.77,0,444,39,11,64,300,Kitchen,Cushion,2605.61,8745.77,0,Monsoon,0
SKU043,2024-08-12,136,1189424.72,8745.77,0,444,39,11,64,300,Kitchen,Cushion,2605.61,8745.77,1,Monsoon,0
SKU043,2024-08-19,123,1075729.71,8745.77,0,444,39,11,64,300,Kitchen,Cushion,2605.61,8745.77,0,Monsoon,0
SKU043,2024-08-26,140,1224407.8,8745.77,1,188,117,5,125,222,Kitchen,Cushion,2605.61,8745.77,0,Monsoon,1
SKU043,2024-09-02,148,1294373.96,8745.77,2,188,117,5,125,222,Kitchen,Cushion,2605.61,8745.77,0,Monsoon,1
SKU043,2024-09-09,124,1084475.48,8745.77,2,188,117,5,125,222,Kitchen,Cushion,2605.61,8745.77,0,Monsoon,1
SKU043,2024-09-16,136,1189424.72,8745.77,2,188,117,5,125,222,Kitchen,Cushion,2605.61,8745.77,0,Monsoon,1
SKU043,2024-09-23,140,1224407.8,8745.77,2,188,117,5,125,222,Kitchen,Cushion,2605.61,8745.77,0,Monsoon,1
SKU043,2024-09-30,130,1136950.1,8745.77,0,466,28,9,104,287,Kitchen,Cushion,2605.61,8745.77,0,Monsoon,0
SKU043,2024-10-07,113,988272.01,8745.77,0,466,28,9,104,287,Kitchen,Cushion,2605.61,8745.77,0,Autumn,0
SKU043,2024-10-14,121,1058238.17,8745.77,0,466,28,9,104,287,Kitchen,Cushion,2605.61,8745.77,0,Autumn,0
SKU043,2024-10-21,132,1154441.6400000001,8745.77,0,466,28,9,104,287,Kitchen,Cushion,2605.61,8745.77,0,Autumn,0
SKU043,2024-10-28,130,1136950.0999999999,8745.77,2,104,213,11,138,336,Kitchen,Cushion,2605.61,8745.77,1,Autumn,1
SKU043,2024-11-04,128,1119458.56,8745.77,2,104,213,11,138,336,Kitchen,Cushion,2605.61,8745.77,0,Autumn,1
SKU043,2024-11-11,140,1224407.8,8745.77,2,104,213,11,138,336,Kitchen,Cushion,2605.61,8745.77,0,Autumn,1
SKU043,2024-11-18,142,1241899.3399999999,8745.77,2,104,213,11,138,336,Kitchen,Cushion,2605.61,8745.77,0,Autumn,1
SKU043,2024-11-25,127,1110712.79,8745.77,1,338,353,4,107,193,Kitchen,Cushion,2605.61,8745.77,0,Autumn,1
SKU043,2024-12-02,147,1285628.19,8745.77,0,338,353,4,107,193,Kitchen,Cushion,2605.61,8745.77,0,Winter,0
SKU043,2024-12-09,133,1163187.41,8745.77,0,338,353,4,107,193,Kitchen,Cushion,2605.61,8745.77,0,Winter,0
SKU043,2024-12-16,133,1163187.41,8745.77,0,338,353,4,107,193,Kitchen,Cushion,2605.61,8745.77,0,Winter,0
SKU043,2024-12-23,131,1145695.8699999999,8745.77,0,338,353,4,107,193,Kitchen,Cushion,2605.61,8745.77,1,Winter,0
SKU043,2024-12-30,169,1478035.1300000001,8745.77,0,425,218,11,114,325,Kitchen,Cushion,2605.61,8745.77,0,Winter,0
SKU043,2025-01-06,166,1451797.82,8745.77,0,425,218,11,114,325,Kitchen,Cushion,2605.61,8745.77,0,Winter,0
SKU043,2025-01-13,157,1373085.89,8745.77,0,425,218,11,114,325,Kitchen,Cushion,2605.61,8745.77,0,Winter,0
SKU043,2025-01-20,155,1355594.3499999999,8745.77,0,425,218,11,114,325,Kitchen,Cushion,2605.61,8745.77,1,Winter,0
SKU043,2025-01-27,161,1408068.97,8745.77,0,589,11,10,120,317,Kitchen,Cushion,2605.61,8745.77,0,Winter,0
SKU043,2025-02-03,191,1670442.07,8745.77,0,589,11,10,120,317,Kitchen,Cushion,2605.61,8745.77,0,Winter,0
SKU043,2025-02-10,168,1469289.3599999999,8745.77,0,589,11,10,120,317,Kitchen,Cushion,2605.61,8745.77,0,Winter,0
SKU043,2025-02-17,153,1338102.81,8745.77,0,589,11,10,120,317,Kitchen,Cushion,2605.61,8745.77,0,Winter,0
SKU043,2025-02-24,193,1687933.6099999999,8745.77,2,428,7,8,80,281,Kitchen,Cushion,2605.61,8745.77,0,Winter,1
SKU043,2025-03-03,186,1626713.22,8745.77,2,428,7,8,80,281,Kitchen,Cushion,2605.61,8745.77,0,Spring,1
SKU043,2025-03-10,184,1609221.68,8745.77,2,428,7,8,80,281,Kitchen,Cushion,2605.61,8745.77,0,Spring,1
SKU043,2025-03-17,191,1670442.07,8745.77,2,428,7,8,80,281,Kitchen,Cushion,2605.61,8745.77,0,Spring,1
SKU043,2025-03-24,200,1749154.0,8745.77,2,428,7,8,80,281,Kitchen,Cushion,2605.61,8745.77,0,Spring,1
SKU043,2025-03-31,188,1644204.76,8745.77,0,785,470,13,166,534,Kitchen,Cushion,2605.61,8745.77,0,Spring,0
SKU043,2025-04-07,176,1539255.52,8745.77,0,785,470,13,166,534,Kitchen,Cushion,2605.61,8745.77,0,Spring,0
SKU043,2025-04-14,184,1609221.6800000002,8745.77,0,785,470,13,166,534,Kitchen,Cushion,2605.61,8745.77,0,Spring,0
SKU043,2025-04-21,176,1539255.52,8745.77,0,785,470,13,166,534,Kitchen,Cushion,2605.61,8745.77,0,Spring,0
SKU043,2025-04-28,179,1565492.83,8745.77,0,213,479,6,117,273,Kitchen,Cushion,2605.61,8745.77,0,Spring,0
SKU043,2025-05-05,165,1443052.05,8745.77,0,213,479,6,117,273,Kitchen,Cushion,2605.61,8745.77,0,Summer,0
SKU043,2025-05-12,170,1486780.9,8745.77,0,213,479,6,117,273,Kitchen,Cushion,2605.61,8745.77,0,Summer,0
SKU043,2025-05-19,184,1609221.68,8745.77,0,213,479,6,117,273,Kitchen,Cushion,2605.61,8745.77,0,Summer,0
SKU043,2025-05-26,192,1679187.84,8745.77,1,490,465,5,195,326,Kitchen,Cushion,2605.61,8745.77,0,Summer,1
SKU043,2025-06-02,194,1696679.38,8745.77,2,490,465,5,195,326,Kitchen,Cushion,2605.61,8745.77,0,Summer,1
SKU043,2025-06-09,178,1556747.06,8745.77,2,490,465,5,195,326,Kitchen,Cushion,2605.61,8745.77,0,Summer,1
SKU043,2025-06-16,180,1574238.6,8745.77,2,490,465,5,195,326,Kitchen,Cushion,2605.61,8745.77,0,Summer,1
SKU043,2025-06-23,179,1565492.83,8745.77,2,490,465,5,195,326,Kitchen,Cushion,2605.61,8745.77,0,Summer,1
SKU043,2025-06-30,155,1355594.35,8745.77,0,565,297,12,176,505,Kitchen,Cushion,2605.61,8745.77,0,Summer,0
SKU043,2025-07-07,161,1408068.97,8745.77,0,565,297,12,176,505,Kitchen,Cushion,2605.61,8745.77,0,Monsoon,0
SKU043,2025-07-14,161,1408068.97,8745.77,0,565,297,12,176,505,Kitchen,Cushion,2605.61,8745.77,0,Monsoon,0
SKU043,2025-07-21,132,1154441.64,8745.77,0,565,297,12,176,505,Kitchen,Cushion,2605.61,8745.77,0,Monsoon,0
SKU043,2025-07-28,149,1303119.73,8745.77,0,337,437,5,156,264,Kitchen,Cushion,2605.61,8745.77,0,Monsoon,0
SKU043,2025-08-04,156,1364340.12,8745.77,0,337,437,5,156,264,Kitchen,Cushion,2605.61,8745.77,0,Monsoon,0
SKU043,2025-08-11,142,1241899.34,8745.77,0,337,437,5,156,264,Kitchen,Cushion,2605.61,8745.77,1,Monsoon,0
SKU043,2025-08-18,130,1136950.1,8745.77,0,337,437,5,156,264,Kitchen,Cushion,2605.61,8745.77,0,Monsoon,0
SKU043,2025-08-25,139,1215662.03,8745.77,0,337,437,5,156,264,Kitchen,Cushion,2605.61,8745.77,0,Monsoon,0
SKU043,2025-09-01,133,1163187.4100000001,8745.77,2,617,326,12,66,320,Kitchen,Cushion,2605.61,8745.77,0,Monsoon,1
SKU043,2025-09-08,143,1250645.1099999999,8745.77,2,617,326,12,66,320,Kitchen,Cushion,2605.61,8745.77,0,Monsoon,1
SKU043,2025-09-15,143,1250645.1099999999,8745.77,2,617,326,12,66,320,Kitchen,Cushion,2605.61,8745.77,0,Monsoon,1
SKU043,2025-09-22,121,1058238.17,8745.77,2,617,326,12,66,320,Kitchen,Cushion,2605.61,8745.77,0,Monsoon,1
SKU043,2025-09-29,115,1005763.55,8745.77,0,540,528,11,63,276,Kitchen,Cushion,2605.61,8745.77,0,Monsoon,0
SKU043,2025-10-06,125,1093221.25,8745.77,0,540,528,11,63,276,Kitchen,Cushion,2605.61,8745.77,0,Autumn,0
SKU043,2025-10-13,123,1075729.71,8745.77,0,540,528,11,63,276,Kitchen,Cushion,2605.61,8745.77,0,Autumn,0
SKU043,2025-10-20,117,1023255.09,8745.77,0,540,528,11,63,276,Kitchen,Cushion,2605.61,8745.77,1,Autumn,0
SKU043,2025-10-27,147,1285628.19,8745.77,2,112,491,10,75,251,Kitchen,Cushion,2605.61,8745.77,0,Autumn,1
SKU043,2025-11-03,148,1294373.96,8745.77,2,112,491,10,75,251,Kitchen,Cushion,2605.61,8745.77,0,Autumn,1
SKU043,2025-11-10,145,1268136.65,8745.77,2,112,491,10,75,251,Kitchen,Cushion,2605.61,8745.77,0,Autumn,1
SKU043,2025-11-17,144,1259390.88,8745.77,2,112,491,10,75,251,Kitchen,Cushion,2605.61,8745.77,0,Autumn,1
SKU043,2025-11-24,113,988272.01,8745.77,2,112,491,10,75,251,Kitchen,Cushion,2605.61,8745.77,0,Autumn,1
SKU043,2025-12-01,127,1110712.79,8745.77,0,559,211,12,142,393,Kitchen,Cushion,2605.61,8745.77,0,Winter,0
SKU043,2025-12-08,142,1241899.34,8745.77,0,559,211,12,142,393,Kitchen,Cushion,2605.61,8745.77,0,Winter,0
SKU043,2025-12-15,132,1154441.6400000001,8745.77,0,559,211,12,142,393,Kitchen,Cushion,2605.61,8745.77,0,Winter,0
SKU043,2025-12-22,126,1101967.02,8745.77,0,559,211,12,142,393,Kitchen,Cushion,2605.61,8745.77,1,Winter,0
SKU044,2024-01-01,66,357210.48,5412.28,0,27,6,13,5,18,Lighting,Cookware,488.84,5412.28,0,Winter,0
SKU044,2024-01-08,83,449219.24,5412.28,0,27,6,13,5,18,Lighting,Cookware,488.84,5412.28,0,Winter,0
SKU044,2024-01-15,71,384271.88,5412.28,0,27,6,13,5,18,Lighting,Cookware,488.84,5412.28,0,Winter,0
SKU044,2024-01-22,64,346385.92,5412.28,0,27,6,13,5,18,Lighting,Cookware,488.84,5412.28,1,Winter,0
SKU044,2024-01-29,76,411333.28,5412.28,0,257,185,14,27,136,Lighting,Cookware,488.84,5412.28,0,Winter,0
SKU044,2024-02-05,65,351798.2,5412.28,0,257,185,14,27,136,Lighting,Cookware,488.84,5412.28,0,Winter,0
SKU044,2024-02-12,77,416745.56,5412.28,0,257,185,14,27,136,Lighting,Cookware,488.84,5412.28,0,Winter,0
SKU044,2024-02-19,70,378859.6,5412.28,0,257,185,14,27,136,Lighting,Cookware,488.84,5412.28,0,Winter,0
SKU044,2024-02-26,89,481692.92,5412.28,2,47,64,3,44,68,Lighting,Cookware,488.84,5412.28,0,Winter,1
SKU044,2024-03-04,69,373447.32,5412.28,2,47,64,3,44,68,Lighting,Cookware,488.84,5412.28,0,Spring,1
SKU044,2024-03-11,94,508754.32,5412.28,2,47,64,3,44,68,Lighting,Cookware,488.84,5412.28,0,Spring,1
SKU044,2024-03-18,78,422157.83999999997,5412.28,2,47,64,3,44,68,Lighting,Cookware,488.84,5412.28,0,Spring,1
SKU044,2024-03-25,88,476280.64,5412.28,2,47,64,3,44,68,Lighting,Cookware,488.84,5412.28,0,Spring,1
SKU044,2024-04-01,81,438394.68,5412.28,0,143,148,3,81,112,Lighting,Cookware,488.84,5412.28,0,Spring,0
SKU044,2024-04-08,76,411333.28,5412.28,0,143,148,3,81,112,Lighting,Cookware,488.84,5412.28,0,Spring,0
SKU044,2024-04-15,77,416745.56,5412.28,0,143,148,3,81,112,Lighting,Cookware,488.84,5412.28,0,Spring,0
SKU044,2024-04-22,84,454631.52,5412.28,0,143,148,3,81,112,Lighting,Cookware,488.84,5412.28,0,Spring,0
SKU044,2024-04-29,79,427570.12,5412.28,0,205,170,7,52,118,Lighting,Cookware,488.84,5412.28,0,Spring,0
SKU044,2024-05-06,84,454631.51999999996,5412.28,0,205,170,7,52,118,Lighting,Cookware,488.84,5412.28,0,Summer,0
SKU044,2024-05-13,70,378859.6,5412.28,0,205,170,7,52,118,Lighting,Cookware,488.84,5412.28,0,Summer,0
SKU044,2024-05-20,77,416745.56,5412.28,0,205,170,7,52,118,Lighting,Cookware,488.84,5412.28,0,Summer,0
SKU044,2024-05-27,85,460043.8,5412.28,2,321,323,14,67,205,Lighting,Cookware,488.84,5412.28,0,Summer,1
SKU044,2024-06-03,78,422157.83999999997,5412.28,2,321,323,14,67,205,Lighting,Cookware,488.84,5412.28,0,Summer,1
SKU044,2024-06-10,81,438394.68,5412.28,2,321,323,14,67,205,Lighting,Cookware,488.84,5412.28,0,Summer,1
SKU044,2024-06-17,77,416745.56,5412.28,2,321,323,14,67,205,Lighting,Cookware,488.84,5412.28,0,Summer,1
SKU044,2024-06-24,90,487105.2,5412.28,2,321,323,14,67,205,Lighting,Cookware,488.84,5412.28,0,Summer,1
SKU044,2024-07-01,71,384271.88,5412.28,0,60,26,3,45,74,Lighting,Cookware,488.84,5412.28,0,Monsoon,0
SKU044,2024-07-08,71,384271.88,5412.28,0,60,26,3,45,74,Lighting,Cookware,488.84,5412.28,0,Monsoon,0
SKU044,2024-07-15,78,422157.83999999997,5412.28,0,60,26,3,45,74,Lighting,Cookware,488.84,5412.28,0,Monsoon,0
SKU044,2024-07-22,78,422157.83999999997,5412.28,0,60,26,3,45,74,Lighting,Cookware,488.84,5412.28,0,Monsoon,0
SKU044,2024-07-29,66,357210.48,5412.28,0,194,231,10,65,147,Lighting,Cookware,488.84,5412.28,0,Monsoon,0
SKU044,2024-08-05,60,324736.8,5412.28,0,194,231,10,65,147,Lighting,Cookware,488.84,5412.28,0,Monsoon,0
SKU044,2024-08-12,76,411333.28,5412.28,0,194,231,10,65,147,Lighting,Cookware,488.84,5412.28,1,Monsoon,0
SKU044,2024-08-19,55,297675.39999999997,5412.28,0,194,231,10,65,147,Lighting,Cookware,488.84,5412.28,0,Monsoon,0
SKU044,2024-08-26,70,378859.6,5412.28,1,73,164,10,37,105,Lighting,Cookware,488.84,5412.28,0,Monsoon,1
SKU044,2024-09-02,60,324736.8,5412.28,2,73,164,10,37,105,Lighting,Cookware,488.84,5412.28,0,Monsoon,1
SKU044,2024-09-09,63,340973.64,5412.28,2,73,164,10,37,105,Lighting,Cookware,488.84,5412.28,0,Monsoon,1
SKU044,2024-09-16,56,303087.68,5412.28,2,73,164,10,37,105,Lighting,Cookware,488.84,5412.28,0,Monsoon,1
SKU044,2024-09-23,68,368035.04,5412.28,2,73,164,10,37,105,Lighting,Cookware,488.84,5412.28,0,Monsoon,1
SKU044,2024-09-30,48,259789.44,5412.28,0,174,31,11,55,138,Lighting,Cookware,488.84,5412.28,0,Monsoon,0
SKU044,2024-10-07,57,308499.95999999996,5412.28,0,174,31,11,55,138,Lighting,Cookware,488.84,5412.28,0,Autumn,0
SKU044,2024-10-14,61,330149.08,5412.28,0,174,31,11,55,138,Lighting,Cookware,488.84,5412.28,0,Autumn,0
SKU044,2024-10-21,57,308499.96,5412.28,0,174,31,11,55,138,Lighting,Cookware,488.84,5412.28,0,Autumn,0
SKU044,2024-10-28,59,319324.52,5412.28,2,53,201,11,30,111,Lighting,Cookware,488.84,5412.28,1,Autumn,1
SKU044,2024-11-04,48,259789.44,5412.28,2,53,201,11,30,111,Lighting,Cookware,488.84,5412.28,0,Autumn,1
SKU044,2024-11-11,54,292263.12,5412.28,2,53,201,11,30,111,Lighting,Cookware,488.84,5412.28,0,Autumn,1
SKU044,2024-11-18,44,238140.32,5412.28,2,53,201,11,30,111,Lighting,Cookware,488.84,5412.28,0,Autumn,1
SKU044,2024-11-25,59,319324.52,5412.28,1,129,102,10,35,118,Lighting,Cookware,488.84,5412.28,0,Autumn,1
SKU044,2024-12-02,50,270614.0,5412.28,0,129,102,10,35,118,Lighting,Cookware,488.84,5412.28,0,Winter,0
SKU044,2024-12-09,54,292263.12,5412.28,0,129,102,10,35,118,Lighting,Cookware,488.84,5412.28,0,Winter,0
SKU044,2024-12-16,52,281438.56,5412.28,0,129,102,10,35,118,Lighting,Cookware,488.84,5412.28,0,Winter,0
SKU044,2024-12-23,60,324736.8,5412.28,0,129,102,10,35,118,Lighting,Cookware,488.84,5412.28,1,Winter,0
SKU044,2024-12-30,63,340973.64,5412.28,0,193,49,6,36,80,Lighting,Cookware,488.84,5412.28,0,Winter,0
SKU044,2025-01-06,76,411333.27999999997,5412.28,0,193,49,6,36,80,Lighting,Cookware,488.84,5412.28,0,Winter,0
SKU044,2025-01-13,81,438394.68,5412.28,0,193,49,6,36,80,Lighting,Cookware,488.84,5412.28,0,Winter,0
SKU044,2025-01-20,71,384271.88,5412.28,0,193,49,6,36,80,Lighting,Cookware,488.84,5412.28,1,Winter,0
SKU044,2025-01-27,67,362622.76,5412.28,0,165,7,4,24,54,Lighting,Cookware,488.84,5412.28,0,Winter,0
SKU044,2025-02-03,69,373447.32,5412.28,0,165,7,4,24,54,Lighting,Cookware,488.84,5412.28,0,Winter,0
SKU044,2025-02-10,66,357210.48,5412.28,0,165,7,4,24,54,Lighting,Cookware,488.84,5412.28,0,Winter,0
SKU044,2025-02-17,67,362622.76,5412.28,0,165,7,4,24,54,Lighting,Cookware,488.84,5412.28,0,Winter,0
SKU044,2025-02-24,75,405921.0,5412.28,2,170,125,8,47,119,Lighting,Cookware,488.84,5412.28,0,Winter,1
SKU044,2025-03-03,90,487105.2,5412.28,2,170,125,8,47,119,Lighting,Cookware,488.84,5412.28,0,Spring,1
SKU044,2025-03-10,88,476280.64,5412.28,2,170,125,8,47,119,Lighting,Cookware,488.84,5412.28,0,Spring,1
SKU044,2025-03-17,85,460043.8,5412.28,2,170,125,8,47,119,Lighting,Cookware,488.84,5412.28,0,Spring,1
SKU044,2025-03-24,76,411333.27999999997,5412.28,2,170,125,8,47,119,Lighting,Cookware,488.84,5412.28,0,Spring,1
SKU044,2025-03-31,85,460043.8,5412.28,0,191,337,12,63,190,Lighting,Cookware,488.84,5412.28,0,Spring,0
SKU044,2025-04-07,67,362622.76,5412.28,0,191,337,12,63,190,Lighting,Cookware,488.84,5412.28,0,Spring,0
SKU044,2025-04-14,84,454631.51999999996,5412.28,0,191,337,12,63,190,Lighting,Cookware,488.84,5412.28,0,Spring,0
SKU044,2025-04-21,77,416745.56,5412.28,0,191,337,12,63,190,Lighting,Cookware,488.84,5412.28,0,Spring,0
SKU044,2025-04-28,74,400508.72,5412.28,0,219,338,13,52,184,Lighting,Cookware,488.84,5412.28,0,Spring,0
SKU044,2025-05-05,81,438394.68,5412.28,0,219,338,13,52,184,Lighting,Cookware,488.84,5412.28,0,Summer,0
SKU044,2025-05-12,88,476280.64,5412.28,0,219,338,13,52,184,Lighting,Cookware,488.84,5412.28,0,Summer,0
SKU044,2025-05-19,72,389684.16000000003,5412.28,0,219,338,13,52,184,Lighting,Cookware,488.84,5412.28,0,Summer,0
SKU044,2025-05-26,89,481692.92,5412.28,1,54,239,9,47,128,Lighting,Cookware,488.84,5412.28,0,Summer,1
SKU044,2025-06-02,73,395096.44,5412.28,2,54,239,9,47,128,Lighting,Cookware,488.84,5412.28,0,Summer,1
SKU044,2025-06-09,88,476280.64,5412.28,2,54,239,9,47,128,Lighting,Cookware,488.84,5412.28,0,Summer,1
SKU044,2025-06-16,71,384271.88,5412.28,2,54,239,9,47,128,Lighting,Cookware,488.84,5412.28,0,Summer,1
SKU044,2025-06-23,62,335561.36,5412.28,2,54,239,9,47,128,Lighting,Cookware,488.84,5412.28,0,Summer,1
SKU044,2025-06-30,61,330149.08,5412.28,0,268,105,7,39,101,Lighting,Cookware,488.84,5412.28,0,Summer,0
SKU044,2025-07-07,79,427570.12,5412.28,0,268,105,7,39,101,Lighting,Cookware,488.84,5412.28,0,Monsoon,0
SKU044,2025-07-14,72,389684.16,5412.28,0,268,105,7,39,101,Lighting,Cookware,488.84,5412.28,0,Monsoon,0
SKU044,2025-07-21,69,373447.32,5412.28,0,268,105,7,39,101,Lighting,Cookware,488.84,5412.28,0,Monsoon,0
SKU044,2025-07-28,65,351798.2,5412.28,0,297,88,12,49,155,Lighting,Cookware,488.84,5412.28,0,Monsoon,0
SKU044,2025-08-04,66,357210.48,5412.28,0,297,88,12,49,155,Lighting,Cookware,488.84,5412.28,0,Monsoon,0
SKU044,2025-08-11,61,330149.08,5412.28,0,297,88,12,49,155,Lighting,Cookware,488.84,5412.28,1,Monsoon,0
SKU044,2025-08-18,70,378859.6,5412.28,0,297,88,12,49,155,Lighting,Cookware,488.84,5412.28,0,Monsoon,0
SKU044,2025-08-25,51,276026.28,5412.28,0,297,88,12,49,155,Lighting,Cookware,488.84,5412.28,0,Monsoon,0
SKU044,2025-09-01,56,303087.68,5412.28,2,87,101,6,35,78,Lighting,Cookware,488.84,5412.28,0,Monsoon,1
SKU044,2025-09-08,61,330149.08,5412.28,2,87,101,6,35,78,Lighting,Cookware,488.84,5412.28,0,Monsoon,1
SKU044,2025-09-15,47,254377.15999999997,5412.28,2,87,101,6,35,78,Lighting,Cookware,488.84,5412.28,0,Monsoon,1
SKU044,2025-09-22,66,357210.48,5412.28,2,87,101,6,35,78,Lighting,Cookware,488.84,5412.28,0,Monsoon,1
SKU044,2025-09-29,50,270614.0,5412.28,0,169,7,7,24,74,Lighting,Cookware,488.84,5412.28,0,Monsoon,0
SKU044,2025-10-06,49,265201.72,5412.28,0,169,7,7,24,74,Lighting,Cookware,488.84,5412.28,0,Autumn,0
SKU044,2025-10-13,56,303087.68,5412.28,0,169,7,7,24,74,Lighting,Cookware,488.84,5412.28,0,Autumn,0
SKU044,2025-10-20,53,286850.83999999997,5412.28,0,169,7,7,24,74,Lighting,Cookware,488.84,5412.28,1,Autumn,0
SKU044,2025-10-27,60,324736.8,5412.28,2,112,13,13,28,110,Lighting,Cookware,488.84,5412.28,0,Autumn,1
SKU044,2025-11-03,58,313912.24,5412.28,2,112,13,13,28,110,Lighting,Cookware,488.84,5412.28,0,Autumn,1
SKU044,2025-11-10,53,286850.83999999997,5412.28,2,112,13,13,28,110,Lighting,Cookware,488.84,5412.28,0,Autumn,1
SKU044,2025-11-17,46,248964.88,5412.28,2,112,13,13,28,110,Lighting,Cookware,488.84,5412.28,0,Autumn,1
SKU044,2025-11-24,57,308499.96,5412.28,2,112,13,13,28,110,Lighting,Cookware,488.84,5412.28,0,Autumn,1
SKU044,2025-12-01,52,281438.56,5412.28,0,223,39,5,55,93,Lighting,Cookware,488.84,5412.28,0,Winter,0
SKU044,2025-12-08,57,308499.96,5412.28,0,223,39,5,55,93,Lighting,Cookware,488.84,5412.28,0,Winter,0
SKU044,2025-12-15,61,330149.08,5412.28,0,223,39,5,55,93,Lighting,Cookware,488.84,5412.28,0,Winter,0
SKU044,2025-12-22,61,330149.08,5412.28,0,223,39,5,55,93,Lighting,Cookware,488.84,5412.28,1,Winter,0
SKU045,2024-01-01,170,1305052.6,7676.78,0,16,6,3,7,10,Storage,Lamp,3634.56,7676.78,0,Winter,0
SKU045,2024-01-08,157,1205254.46,7676.78,0,16,6,3,7,10,Storage,Lamp,3634.56,7676.78,0,Winter,0
SKU045,2024-01-15,160,1228284.8,7676.78,0,16,6,3,7,10,Storage,Lamp,3634.56,7676.78,0,Winter,0
SKU045,2024-01-22,169,1297375.82,7676.78,0,16,6,3,7,10,Storage,Lamp,3634.56,7676.78,1,Winter,0
SKU045,2024-01-29,191,1466264.98,7676.78,0,491,158,7,50,157,Storage,Lamp,3634.56,7676.78,0,Winter,0
SKU045,2024-02-05,204,1566063.12,7676.78,0,491,158,7,50,157,Storage,Lamp,3634.56,7676.78,0,Winter,0
SKU045,2024-02-12,189,1450911.42,7676.78,0,491,158,7,50,157,Storage,Lamp,3634.56,7676.78,0,Winter,0
SKU045,2024-02-19,181,1389497.18,7676.78,0,491,158,7,50,157,Storage,Lamp,3634.56,7676.78,0,Winter,0
SKU045,2024-02-26,223,1711921.94,7676.78,2,453,182,3,75,129,Storage,Lamp,3634.56,7676.78,0,Winter,1
SKU045,2024-03-04,212,1627477.36,7676.78,2,453,182,3,75,129,Storage,Lamp,3634.56,7676.78,0,Spring,1
SKU045,2024-03-11,200,1535356.0,7676.78,2,453,182,3,75,129,Storage,Lamp,3634.56,7676.78,0,Spring,1
SKU045,2024-03-18,223,1711921.94,7676.78,2,453,182,3,75,129,Storage,Lamp,3634.56,7676.78,0,Spring,1
SKU045,2024-03-25,218,1673538.04,7676.78,2,453,182,3,75,129,Storage,Lamp,3634.56,7676.78,0,Spring,1
SKU045,2024-04-01,186,1427881.08,7676.78,0,198,124,7,61,199,Storage,Lamp,3634.56,7676.78,0,Spring,0
SKU045,2024-04-08,219,1681214.82,7676.78,0,198,124,7,61,199,Storage,Lamp,3634.56,7676.78,0,Spring,0
SKU045,2024-04-15,212,1627477.3599999999,7676.78,0,198,124,7,61,199,Storage,Lamp,3634.56,7676.78,0,Spring,0
SKU045,2024-04-22,213,1635154.14,7676.78,0,198,124,7,61,199,Storage,Lamp,3634.56,7676.78,0,Spring,0
SKU045,2024-04-29,209,1604447.02,7676.78,0,547,376,13,109,353,Storage,Lamp,3634.56,7676.78,0,Spring,0
SKU045,2024-05-06,198,1520002.44,7676.78,0,547,376,13,109,353,Storage,Lamp,3634.56,7676.78,0,Summer,0
SKU045,2024-05-13,213,1635154.14,7676.78,0,547,376,13,109,353,Storage,Lamp,3634.56,7676.78,0,Summer,0
SKU045,2024-05-20,187,1435557.8599999999,7676.78,0,547,376,13,109,353,Storage,Lamp,3634.56,7676.78,0,Summer,0
SKU045,2024-05-27,230,1765659.4,7676.78,2,163,184,5,66,162,Storage,Lamp,3634.56,7676.78,0,Summer,1
SKU045,2024-06-03,213,1635154.14,7676.78,2,163,184,5,66,162,Storage,Lamp,3634.56,7676.78,0,Summer,1
SKU045,2024-06-10,239,1834750.42,7676.78,2,163,184,5,66,162,Storage,Lamp,3634.56,7676.78,0,Summer,1
SKU045,2024-06-17,217,1665861.26,7676.78,2,163,184,5,66,162,Storage,Lamp,3634.56,7676.78,0,Summer,1
SKU045,2024-06-24,204,1566063.12,7676.78,2,163,184,5,66,162,Storage,Lamp,3634.56,7676.78,0,Summer,1
SKU045,2024-07-01,177,1358790.06,7676.78,0,149,349,12,56,259,Storage,Lamp,3634.56,7676.78,0,Monsoon,0
SKU045,2024-07-08,150,1151517.0,7676.78,0,149,349,12,56,259,Storage,Lamp,3634.56,7676.78,0,Monsoon,0
SKU045,2024-07-15,157,1205254.46,7676.78,0,149,349,12,56,259,Storage,Lamp,3634.56,7676.78,0,Monsoon,0
SKU045,2024-07-22,181,1389497.18,7676.78,0,149,349,12,56,259,Storage,Lamp,3634.56,7676.78,0,Monsoon,0
SKU045,2024-07-29,172,1320406.16,7676.78,0,223,246,10,114,261,Storage,Lamp,3634.56,7676.78,0,Monsoon,0
SKU045,2024-08-05,169,1297375.82,7676.78,0,223,246,10,114,261,Storage,Lamp,3634.56,7676.78,0,Monsoon,0
SKU045,2024-08-12,197,1512325.66,7676.78,0,223,246,10,114,261,Storage,Lamp,3634.56,7676.78,1,Monsoon,0
SKU045,2024-08-19,130,997981.4,7676.78,0,223,246,10,114,261,Storage,Lamp,3634.56,7676.78,0,Monsoon,0
SKU045,2024-08-26,158,1212931.24,7676.78,1,466,218,6,47,129,Storage,Lamp,3634.56,7676.78,0,Monsoon,1
SKU045,2024-09-02,159,1220608.02,7676.78,2,466,218,6,47,129,Storage,Lamp,3634.56,7676.78,0,Monsoon,1
SKU045,2024-09-09,154,1182224.12,7676.78,2,466,218,6,47,129,Storage,Lamp,3634.56,7676.78,0,Monsoon,1
SKU045,2024-09-16,152,1166870.56,7676.78,2,466,218,6,47,129,Storage,Lamp,3634.56,7676.78,0,Monsoon,1
SKU045,2024-09-23,178,1366466.84,7676.78,2,466,218,6,47,129,Storage,Lamp,3634.56,7676.78,0,Monsoon,1
SKU045,2024-09-30,139,1067072.42,7676.78,0,416,183,5,81,150,Storage,Lamp,3634.56,7676.78,0,Monsoon,0
SKU045,2024-10-07,131,1005658.1799999999,7676.78,0,416,183,5,81,150,Storage,Lamp,3634.56,7676.78,0,Autumn,0
SKU045,2024-10-14,142,1090102.76,7676.78,0,416,183,5,81,150,Storage,Lamp,3634.56,7676.78,0,Autumn,0
SKU045,2024-10-21,173,1328082.94,7676.78,0,416,183,5,81,150,Storage,Lamp,3634.56,7676.78,0,Autumn,0
SKU045,2024-10-28,145,1113133.1,7676.78,2,247,389,14,100,284,Storage,Lamp,3634.56,7676.78,1,Autumn,1
SKU045,2024-11-04,143,1097779.54,7676.78,2,247,389,14,100,284,Storage,Lamp,3634.56,7676.78,0,Autumn,1
SKU045,2024-11-11,170,1305052.6,7676.78,2,247,389,14,100,284,Storage,Lamp,3634.56,7676.78,0,Autumn,1
SKU045,2024-11-18,162,1243638.3599999999,7676.78,2,247,389,14,100,284,Storage,Lamp,3634.56,7676.78,0,Autumn,1
SKU045,2024-11-25,161,1235961.58,7676.78,1,391,164,9,48,167,Storage,Lamp,3634.56,7676.78,0,Autumn,1
SKU045,2024-12-02,151,1159193.78,7676.78,0,391,164,9,48,167,Storage,Lamp,3634.56,7676.78,0,Winter,0
SKU045,2024-12-09,149,1143840.22,7676.78,0,391,164,9,48,167,Storage,Lamp,3634.56,7676.78,0,Winter,0
SKU045,2024-12-16,159,1220608.02,7676.78,0,391,164,9,48,167,Storage,Lamp,3634.56,7676.78,0,Winter,0
SKU045,2024-12-23,190,1458588.2,7676.78,0,391,164,9,48,167,Storage,Lamp,3634.56,7676.78,1,Winter,0
SKU045,2024-12-30,162,1243638.3599999999,7676.78,0,125,339,6,101,188,Storage,Lamp,3634.56,7676.78,0,Winter,0
SKU045,2025-01-06,169,1297375.82,7676.78,0,125,339,6,101,188,Storage,Lamp,3634.56,7676.78,0,Winter,0
SKU045,2025-01-13,145,1113133.1,7676.78,0,125,339,6,101,188,Storage,Lamp,3634.56,7676.78,0,Winter,0
SKU045,2025-01-20,184,1412527.52,7676.78,0,125,339,6,101,188,Storage,Lamp,3634.56,7676.78,1,Winter,0
SKU045,2025-01-27,184,1412527.52,7676.78,0,229,577,14,105,322,Storage,Lamp,3634.56,7676.78,0,Winter,0
SKU045,2025-02-03,179,1374143.62,7676.78,0,229,577,14,105,322,Storage,Lamp,3634.56,7676.78,0,Winter,0
SKU045,2025-02-10,202,1550709.56,7676.78,0,229,577,14,105,322,Storage,Lamp,3634.56,7676.78,0,Winter,0
SKU045,2025-02-17,202,1550709.56,7676.78,0,229,577,14,105,322,Storage,Lamp,3634.56,7676.78,0,Winter,0
SKU045,2025-02-24,218,1673538.04,7676.78,2,376,215,9,87,241,Storage,Lamp,3634.56,7676.78,0,Winter,1
SKU045,2025-03-03,240,1842427.2,7676.78,2,376,215,9,87,241,Storage,Lamp,3634.56,7676.78,0,Spring,1
SKU045,2025-03-10,226,1734952.28,7676.78,2,376,215,9,87,241,Storage,Lamp,3634.56,7676.78,0,Spring,1
SKU045,2025-03-17,223,1711921.94,7676.78,2,376,215,9,87,241,Storage,Lamp,3634.56,7676.78,0,Spring,1
SKU045,2025-03-24,211,1619800.58,7676.78,2,376,215,9,87,241,Storage,Lamp,3634.56,7676.78,0,Spring,1
SKU045,2025-03-31,205,1573739.9,7676.78,0,98,0,3,71,128,Storage,Lamp,3634.56,7676.78,0,Spring,0
SKU045,2025-04-07,233,1788689.74,7676.78,0,98,0,3,71,128,Storage,Lamp,3634.56,7676.78,0,Spring,0
SKU045,2025-04-14,216,1658184.48,7676.78,0,98,0,3,71,128,Storage,Lamp,3634.56,7676.78,0,Spring,0
SKU045,2025-04-21,186,1427881.08,7676.78,0,98,0,3,71,128,Storage,Lamp,3634.56,7676.78,0,Spring,0
SKU045,2025-04-28,186,1427881.08,7676.78,0,471,283,9,53,210,Storage,Lamp,3634.56,7676.78,0,Spring,0
SKU045,2025-05-05,192,1473941.76,7676.78,0,471,283,9,53,210,Storage,Lamp,3634.56,7676.78,0,Summer,0
SKU045,2025-05-12,209,1604447.02,7676.78,0,471,283,9,53,210,Storage,Lamp,3634.56,7676.78,0,Summer,0
SKU045,2025-05-19,199,1527679.22,7676.78,0,471,283,9,53,210,Storage,Lamp,3634.56,7676.78,0,Summer,0
SKU045,2025-05-26,231,1773336.18,7676.78,1,496,303,8,128,265,Storage,Lamp,3634.56,7676.78,0,Summer,1
SKU045,2025-06-02,200,1535356.0,7676.78,2,496,303,8,128,265,Storage,Lamp,3634.56,7676.78,0,Summer,1
SKU045,2025-06-09,221,1696568.38,7676.78,2,496,303,8,128,265,Storage,Lamp,3634.56,7676.78,0,Summer,1
SKU045,2025-06-16,177,1358790.06,7676.78,2,496,303,8,128,265,Storage,Lamp,3634.56,7676.78,0,Summer,1
SKU045,2025-06-23,207,1589093.46,7676.78,2,496,303,8,128,265,Storage,Lamp,3634.56,7676.78,0,Summer,1
SKU045,2025-06-30,160,1228284.8,7676.78,0,352,159,6,58,168,Storage,Lamp,3634.56,7676.78,0,Summer,0
SKU045,2025-07-07,156,1197577.68,7676.78,0,352,159,6,58,168,Storage,Lamp,3634.56,7676.78,0,Monsoon,0
SKU045,2025-07-14,187,1435557.8599999999,7676.78,0,352,159,6,58,168,Storage,Lamp,3634.56,7676.78,0,Monsoon,0
SKU045,2025-07-21,170,1305052.6,7676.78,0,352,159,6,58,168,Storage,Lamp,3634.56,7676.78,0,Monsoon,0
SKU045,2025-07-28,149,1143840.22,7676.78,0,234,268,10,73,234,Storage,Lamp,3634.56,7676.78,0,Monsoon,0
SKU045,2025-08-04,151,1159193.78,7676.78,0,234,268,10,73,234,Storage,Lamp,3634.56,7676.78,0,Monsoon,0
SKU045,2025-08-11,155,1189900.9,7676.78,0,234,268,10,73,234,Storage,Lamp,3634.56,7676.78,1,Monsoon,0
SKU045,2025-08-18,159,1220608.02,7676.78,0,234,268,10,73,234,Storage,Lamp,3634.56,7676.78,0,Monsoon,0
SKU045,2025-08-25,138,1059395.6400000001,7676.78,0,234,268,10,73,234,Storage,Lamp,3634.56,7676.78,0,Monsoon,0
SKU045,2025-09-01,163,1251315.1400000001,7676.78,2,104,279,9,82,217,Storage,Lamp,3634.56,7676.78,0,Monsoon,1
SKU045,2025-09-08,171,1312729.38,7676.78,2,104,279,9,82,217,Storage,Lamp,3634.56,7676.78,0,Monsoon,1
SKU045,2025-09-15,147,1128486.66,7676.78,2,104,279,9,82,217,Storage,Lamp,3634.56,7676.78,0,Monsoon,1
SKU045,2025-09-22,162,1243638.3599999999,7676.78,2,104,279,9,82,217,Storage,Lamp,3634.56,7676.78,0,Monsoon,1
SKU045,2025-09-29,142,1090102.76,7676.78,0,216,224,14,43,240,Storage,Lamp,3634.56,7676.78,0,Monsoon,0
SKU045,2025-10-06,123,944243.9400000001,7676.78,0,216,224,14,43,240,Storage,Lamp,3634.56,7676.78,0,Autumn,0
SKU045,2025-10-13,120,921213.6,7676.78,0,216,224,14,43,240,Storage,Lamp,3634.56,7676.78,0,Autumn,0
SKU045,2025-10-20,143,1097779.54,7676.78,0,216,224,14,43,240,Storage,Lamp,3634.56,7676.78,1,Autumn,0
SKU045,2025-10-27,143,1097779.54,7676.78,2,284,121,13,70,227,Storage,Lamp,3634.56,7676.78,0,Autumn,1
SKU045,2025-11-03,154,1182224.12,7676.78,2,284,121,13,70,227,Storage,Lamp,3634.56,7676.78,0,Autumn,1
SKU045,2025-11-10,150,1151517.0,7676.78,2,284,121,13,70,227,Storage,Lamp,3634.56,7676.78,0,Autumn,1
SKU045,2025-11-17,155,1189900.9,7676.78,2,284,121,13,70,227,Storage,Lamp,3634.56,7676.78,0,Autumn,1
SKU045,2025-11-24,164,1258991.92,7676.78,2,284,121,13,70,227,Storage,Lamp,3634.56,7676.78,0,Autumn,1
SKU045,2025-12-01,166,1274345.48,7676.78,0,307,142,4,88,142,Storage,Lamp,3634.56,7676.78,0,Winter,0
SKU045,2025-12-08,152,1166870.56,7676.78,0,307,142,4,88,142,Storage,Lamp,3634.56,7676.78,0,Winter,0
SKU045,2025-12-15,123,944243.9400000001,7676.78,0,307,142,4,88,142,Storage,Lamp,3634.56,7676.78,0,Winter,0
SKU045,2025-12-22,157,1205254.46,7676.78,0,307,142,4,88,142,Storage,Lamp,3634.56,7676.78,1,Winter,0
SKU046,2024-01-01,63,452059.02,7175.54,0,22,21,9,5,14,Furniture,Shelf,1913.03,7175.54,0,Winter,0
SKU046,2024-01-08,45,322899.3,7175.54,0,22,21,9,5,14,Furniture,Shelf,1913.03,7175.54,0,Winter,0
SKU046,2024-01-15,52,373128.07999999996,7175.54,0,22,21,9,5,14,Furniture,Shelf,1913.03,7175.54,0,Winter,0
SKU046,2024-01-22,50,358777.0,7175.54,0,22,21,9,5,14,Furniture,Shelf,1913.03,7175.54,1,Winter,0
SKU046,2024-01-29,73,523814.42,7175.54,0,89,167,12,82,234,Furniture,Shelf,1913.03,7175.54,0,Winter,0
SKU046,2024-02-05,69,495112.26,7175.54,0,89,167,12,82,234,Furniture,Shelf,1913.03,7175.54,0,Winter,0
SKU046,2024-02-12,73,523814.42000000004,7175.54,0,89,167,12,82,234,Furniture,Shelf,1913.03,7175.54,0,Winter,0
SKU046,2024-02-19,66,473585.63999999996,7175.54,0,89,167,12,82,234,Furniture,Shelf,1913.03,7175.54,0,Winter,0
SKU046,2024-02-26,69,495112.26,7175.54,2,456,53,9,64,194,Furniture,Shelf,1913.03,7175.54,0,Winter,1
SKU046,2024-03-04,90,645798.6,7175.54,2,456,53,9,64,194,Furniture,Shelf,1913.03,7175.54,0,Spring,1
SKU046,2024-03-11,93,667325.22,7175.54,2,456,53,9,64,194,Furniture,Shelf,1913.03,7175.54,0,Spring,1
SKU046,2024-03-18,86,617096.44,7175.54,2,456,53,9,64,194,Furniture,Shelf,1913.03,7175.54,0,Spring,1
SKU046,2024-03-25,80,574043.2,7175.54,2,456,53,9,64,194,Furniture,Shelf,1913.03,7175.54,0,Spring,1
SKU046,2024-04-01,75,538165.5,7175.54,0,256,194,5,76,155,Furniture,Shelf,1913.03,7175.54,0,Spring,0
SKU046,2024-04-08,68,487936.72,7175.54,0,256,194,5,76,155,Furniture,Shelf,1913.03,7175.54,0,Spring,0
SKU046,2024-04-15,72,516638.88,7175.54,0,256,194,5,76,155,Furniture,Shelf,1913.03,7175.54,0,Spring,0
SKU046,2024-04-22,87,624271.98,7175.54,0,256,194,5,76,155,Furniture,Shelf,1913.03,7175.54,0,Spring,0
SKU046,2024-04-29,70,502287.8,7175.54,0,142,103,14,51,258,Furniture,Shelf,1913.03,7175.54,0,Spring,0
SKU046,2024-05-06,73,523814.42,7175.54,0,142,103,14,51,258,Furniture,Shelf,1913.03,7175.54,0,Summer,0
SKU046,2024-05-13,78,559692.12,7175.54,0,142,103,14,51,258,Furniture,Shelf,1913.03,7175.54,0,Summer,0
SKU046,2024-05-20,76,545341.04,7175.54,0,142,103,14,51,258,Furniture,Shelf,1913.03,7175.54,0,Summer,0
SKU046,2024-05-27,80,574043.2,7175.54,2,250,163,13,45,234,Furniture,Shelf,1913.03,7175.54,0,Summer,1
SKU046,2024-06-03,67,480761.18,7175.54,2,250,163,13,45,234,Furniture,Shelf,1913.03,7175.54,0,Summer,1
SKU046,2024-06-10,76,545341.04,7175.54,2,250,163,13,45,234,Furniture,Shelf,1913.03,7175.54,0,Summer,1
SKU046,2024-06-17,64,459234.56,7175.54,2,250,163,13,45,234,Furniture,Shelf,1913.03,7175.54,0,Summer,1
SKU046,2024-06-24,65,466410.1,7175.54,2,250,163,13,45,234,Furniture,Shelf,1913.03,7175.54,0,Summer,1
SKU046,2024-07-01,63,452059.02,7175.54,0,372,398,12,98,281,Furniture,Shelf,1913.03,7175.54,0,Monsoon,0
SKU046,2024-07-08,58,416181.32,7175.54,0,372,398,12,98,281,Furniture,Shelf,1913.03,7175.54,0,Monsoon,0
SKU046,2024-07-15,60,430532.4,7175.54,0,372,398,12,98,281,Furniture,Shelf,1913.03,7175.54,0,Monsoon,0
SKU046,2024-07-22,69,495112.26,7175.54,0,372,398,12,98,281,Furniture,Shelf,1913.03,7175.54,0,Monsoon,0
SKU046,2024-07-29,62,444883.48,7175.54,0,108,455,14,93,262,Furniture,Shelf,1913.03,7175.54,0,Monsoon,0
SKU046,2024-08-05,73,523814.42,7175.54,0,108,455,14,93,262,Furniture,Shelf,1913.03,7175.54,0,Monsoon,0
SKU046,2024-08-12,59,423356.86,7175.54,0,108,455,14,93,262,Furniture,Shelf,1913.03,7175.54,1,Monsoon,0
SKU046,2024-08-19,60,430532.39999999997,7175.54,0,108,455,14,93,262,Furniture,Shelf,1913.03,7175.54,0,Monsoon,0
SKU046,2024-08-26,55,394654.69999999995,7175.54,1,147,273,10,89,211,Furniture,Shelf,1913.03,7175.54,0,Monsoon,1
SKU046,2024-09-02,60,430532.4,7175.54,2,147,273,10,89,211,Furniture,Shelf,1913.03,7175.54,0,Monsoon,1
SKU046,2024-09-09,56,401830.24,7175.54,2,147,273,10,89,211,Furniture,Shelf,1913.03,7175.54,0,Monsoon,1
SKU046,2024-09-16,54,387479.16,7175.54,2,147,273,10,89,211,Furniture,Shelf,1913.03,7175.54,0,Monsoon,1
SKU046,2024-09-23,56,401830.24,7175.54,2,147,273,10,89,211,Furniture,Shelf,1913.03,7175.54,0,Monsoon,1
SKU046,2024-09-30,54,387479.16,7175.54,0,226,47,5,36,90,Furniture,Shelf,1913.03,7175.54,0,Monsoon,0
SKU046,2024-10-07,60,430532.4,7175.54,0,226,47,5,36,90,Furniture,Shelf,1913.03,7175.54,0,Autumn,0
SKU046,2024-10-14,42,301372.68,7175.54,0,226,47,5,36,90,Furniture,Shelf,1913.03,7175.54,0,Autumn,0
SKU046,2024-10-21,40,287021.6,7175.54,0,226,47,5,36,90,Furniture,Shelf,1913.03,7175.54,0,Autumn,0
SKU046,2024-10-28,55,394654.7,7175.54,2,317,52,3,88,121,Furniture,Shelf,1913.03,7175.54,1,Autumn,1
SKU046,2024-11-04,56,401830.24,7175.54,2,317,52,3,88,121,Furniture,Shelf,1913.03,7175.54,0,Autumn,1
SKU046,2024-11-11,69,495112.26,7175.54,2,317,52,3,88,121,Furniture,Shelf,1913.03,7175.54,0,Autumn,1
SKU046,2024-11-18,60,430532.4,7175.54,2,317,52,3,88,121,Furniture,Shelf,1913.03,7175.54,0,Autumn,1
SKU046,2024-11-25,48,344425.92,7175.54,1,156,140,4,65,112,Furniture,Shelf,1913.03,7175.54,0,Autumn,1
SKU046,2024-12-02,51,365952.54,7175.54,0,156,140,4,65,112,Furniture,Shelf,1913.03,7175.54,0,Winter,0
SKU046,2024-12-09,63,452059.02,7175.54,0,156,140,4,65,112,Furniture,Shelf,1913.03,7175.54,0,Winter,0
SKU046,2024-12-16,59,423356.86,7175.54,0,156,140,4,65,112,Furniture,Shelf,1913.03,7175.54,0,Winter,0
SKU046,2024-12-23,66,473585.64,7175.54,0,156,140,4,65,112,Furniture,Shelf,1913.03,7175.54,1,Winter,0
SKU046,2024-12-30,56,401830.24,7175.54,0,110,46,11,45,175,Furniture,Shelf,1913.03,7175.54,0,Winter,0
SKU046,2025-01-06,72,516638.88,7175.54,0,110,46,11,45,175,Furniture,Shelf,1913.03,7175.54,0,Winter,0
SKU046,2025-01-13,66,473585.64,7175.54,0,110,46,11,45,175,Furniture,Shelf,1913.03,7175.54,0,Winter,0
SKU046,2025-01-20,60,430532.4,7175.54,0,110,46,11,45,175,Furniture,Shelf,1913.03,7175.54,1,Winter,0
SKU046,2025-01-27,66,473585.64,7175.54,0,212,277,11,63,205,Furniture,Shelf,1913.03,7175.54,0,Winter,0
SKU046,2025-02-03,76,545341.04,7175.54,0,212,277,11,63,205,Furniture,Shelf,1913.03,7175.54,0,Winter,0
SKU046,2025-02-10,64,459234.56,7175.54,0,212,277,11,63,205,Furniture,Shelf,1913.03,7175.54,0,Winter,0
SKU046,2025-02-17,70,502287.80000000005,7175.54,0,212,277,11,63,205,Furniture,Shelf,1913.03,7175.54,0,Winter,0
SKU046,2025-02-24,88,631447.52,7175.54,2,326,226,9,100,223,Furniture,Shelf,1913.03,7175.54,0,Winter,1
SKU046,2025-03-03,76,545341.04,7175.54,2,326,226,9,100,223,Furniture,Shelf,1913.03,7175.54,0,Spring,1
SKU046,2025-03-10,77,552516.58,7175.54,2,326,226,9,100,223,Furniture,Shelf,1913.03,7175.54,0,Spring,1
SKU046,2025-03-17,71,509463.34,7175.54,2,326,226,9,100,223,Furniture,Shelf,1913.03,7175.54,0,Spring,1
SKU046,2025-03-24,70,502287.8,7175.54,2,326,226,9,100,223,Furniture,Shelf,1913.03,7175.54,0,Spring,1
SKU046,2025-03-31,73,523814.42,7175.54,0,129,85,5,120,198,Furniture,Shelf,1913.03,7175.54,0,Spring,0
SKU046,2025-04-07,59,423356.86,7175.54,0,129,85,5,120,198,Furniture,Shelf,1913.03,7175.54,0,Spring,0
SKU046,2025-04-14,78,559692.12,7175.54,0,129,85,5,120,198,Furniture,Shelf,1913.03,7175.54,0,Spring,0
SKU046,2025-04-21,79,566867.66,7175.54,0,129,85,5,120,198,Furniture,Shelf,1913.03,7175.54,0,Spring,0
SKU046,2025-04-28,81,581218.74,7175.54,0,517,32,14,94,307,Furniture,Shelf,1913.03,7175.54,0,Spring,0
SKU046,2025-05-05,60,430532.4,7175.54,0,517,32,14,94,307,Furniture,Shelf,1913.03,7175.54,0,Summer,0
SKU046,2025-05-12,78,559692.12,7175.54,0,517,32,14,94,307,Furniture,Shelf,1913.03,7175.54,0,Summer,0
SKU046,2025-05-19,67,480761.18,7175.54,0,517,32,14,94,307,Furniture,Shelf,1913.03,7175.54,0,Summer,0
SKU046,2025-05-26,77,552516.58,7175.54,1,321,297,13,81,277,Furniture,Shelf,1913.03,7175.54,0,Summer,1
SKU046,2025-06-02,75,538165.5,7175.54,2,321,297,13,81,277,Furniture,Shelf,1913.03,7175.54,0,Summer,1
SKU046,2025-06-09,66,473585.64,7175.54,2,321,297,13,81,277,Furniture,Shelf,1913.03,7175.54,0,Summer,1
SKU046,2025-06-16,58,416181.31999999995,7175.54,2,321,297,13,81,277,Furniture,Shelf,1913.03,7175.54,0,Summer,1
SKU046,2025-06-23,79,566867.66,7175.54,2,321,297,13,81,277,Furniture,Shelf,1913.03,7175.54,0,Summer,1
SKU046,2025-06-30,55,394654.7,7175.54,0,125,316,3,126,176,Furniture,Shelf,1913.03,7175.54,0,Summer,0
SKU046,2025-07-07,78,559692.12,7175.54,0,125,316,3,126,176,Furniture,Shelf,1913.03,7175.54,0,Monsoon,0
SKU046,2025-07-14,74,530989.96,7175.54,0,125,316,3,126,176,Furniture,Shelf,1913.03,7175.54,0,Monsoon,0
SKU046,2025-07-21,78,559692.12,7175.54,0,125,316,3,126,176,Furniture,Shelf,1913.03,7175.54,0,Monsoon,0
SKU046,2025-07-28,51,365952.54,7175.54,0,305,163,5,71,135,Furniture,Shelf,1913.03,7175.54,0,Monsoon,0
SKU046,2025-08-04,69,495112.26,7175.54,0,305,163,5,71,135,Furniture,Shelf,1913.03,7175.54,0,Monsoon,0
SKU046,2025-08-11,64,459234.56,7175.54,0,305,163,5,71,135,Furniture,Shelf,1913.03,7175.54,1,Monsoon,0
SKU046,2025-08-18,54,387479.16000000003,7175.54,0,305,163,5,71,135,Furniture,Shelf,1913.03,7175.54,0,Monsoon,0
SKU046,2025-08-25,58,416181.32,7175.54,0,305,163,5,71,135,Furniture,Shelf,1913.03,7175.54,0,Monsoon,0
SKU046,2025-09-01,53,380303.62,7175.54,2,323,23,5,62,122,Furniture,Shelf,1913.03,7175.54,0,Monsoon,1
SKU046,2025-09-08,56,401830.24,7175.54,2,323,23,5,62,122,Furniture,Shelf,1913.03,7175.54,0,Monsoon,1
SKU046,2025-09-15,61,437707.94,7175.54,2,323,23,5,62,122,Furniture,Shelf,1913.03,7175.54,0,Monsoon,1
SKU046,2025-09-22,73,523814.42,7175.54,2,323,23,5,62,122,Furniture,Shelf,1913.03,7175.54,0,Monsoon,1
SKU046,2025-09-29,62,444883.48,7175.54,0,246,47,5,75,131,Furniture,Shelf,1913.03,7175.54,0,Monsoon,0
SKU046,2025-10-06,47,337250.38,7175.54,0,246,47,5,75,131,Furniture,Shelf,1913.03,7175.54,0,Autumn,0
SKU046,2025-10-13,40,287021.6,7175.54,0,246,47,5,75,131,Furniture,Shelf,1913.03,7175.54,0,Autumn,0
SKU046,2025-10-20,50,358777.0,7175.54,0,246,47,5,75,131,Furniture,Shelf,1913.03,7175.54,1,Autumn,0
SKU046,2025-10-27,64,459234.56,7175.54,2,257,56,8,31,113,Furniture,Shelf,1913.03,7175.54,0,Autumn,1
SKU046,2025-11-03,49,351601.46,7175.54,2,257,56,8,31,113,Furniture,Shelf,1913.03,7175.54,0,Autumn,1
SKU046,2025-11-10,56,401830.24,7175.54,2,257,56,8,31,113,Furniture,Shelf,1913.03,7175.54,0,Autumn,1
SKU046,2025-11-17,53,380303.62,7175.54,2,257,56,8,31,113,Furniture,Shelf,1913.03,7175.54,0,Autumn,1
SKU046,2025-11-24,52,373128.07999999996,7175.54,2,257,56,8,31,113,Furniture,Shelf,1913.03,7175.54,0,Autumn,1
SKU046,2025-12-01,56,401830.24,7175.54,0,119,182,4,46,96,Furniture,Shelf,1913.03,7175.54,0,Winter,0
SKU046,2025-12-08,66,473585.64,7175.54,0,119,182,4,46,96,Furniture,Shelf,1913.03,7175.54,0,Winter,0
SKU046,2025-12-15,57,409005.77999999997,7175.54,0,119,182,4,46,96,Furniture,Shelf,1913.03,7175.54,0,Winter,0
SKU046,2025-12-22,58,416181.32,7175.54,0,119,182,4,46,96,Furniture,Shelf,1913.03,7175.54,1,Winter,0
SKU047,2024-01-01,109,865265.98,7938.22,0,23,11,4,7,11,Home Decor,Cabinet,3416.1,7938.22,0,Winter,0
SKU047,2024-01-08,89,706501.58,7938.22,0,23,11,4,7,11,Home Decor,Cabinet,3416.1,7938.22,0,Winter,0
SKU047,2024-01-15,118,936709.96,7938.22,0,23,11,4,7,11,Home Decor,Cabinet,3416.1,7938.22,0,Winter,0
SKU047,2024-01-22,96,762069.12,7938.22,0,23,11,4,7,11,Home Decor,Cabinet,3416.1,7938.22,1,Winter,0
SKU047,2024-01-29,104,825574.88,7938.22,0,59,135,9,32,94,Home Decor,Cabinet,3416.1,7938.22,0,Winter,0
SKU047,2024-02-05,113,897018.86,7938.22,0,59,135,9,32,94,Home Decor,Cabinet,3416.1,7938.22,0,Winter,0
SKU047,2024-02-12,124,984339.28,7938.22,0,59,135,9,32,94,Home Decor,Cabinet,3416.1,7938.22,0,Winter,0
SKU047,2024-02-19,99,785883.78,7938.22,0,59,135,9,32,94,Home Decor,Cabinet,3416.1,7938.22,0,Winter,0
SKU047,2024-02-26,105,833513.1,7938.22,2,56,99,6,38,83,Home Decor,Cabinet,3416.1,7938.22,0,Winter,1
SKU047,2024-03-04,149,1182794.78,7938.22,2,56,99,6,38,83,Home Decor,Cabinet,3416.1,7938.22,0,Spring,1
SKU047,2024-03-11,132,1047845.04,7938.22,2,56,99,6,38,83,Home Decor,Cabinet,3416.1,7938.22,0,Spring,1
SKU047,2024-03-18,135,1071659.7,7938.22,2,56,99,6,38,83,Home Decor,Cabinet,3416.1,7938.22,0,Spring,1
SKU047,2024-03-25,123,976401.0599999999,7938.22,2,56,99,6,38,83,Home Decor,Cabinet,3416.1,7938.22,0,Spring,1
SKU047,2024-04-01,123,976401.06,7938.22,0,119,58,4,36,65,Home Decor,Cabinet,3416.1,7938.22,0,Spring,0
SKU047,2024-04-08,95,754130.9,7938.22,0,119,58,4,36,65,Home Decor,Cabinet,3416.1,7938.22,0,Spring,0
SKU047,2024-04-15,129,1024030.38,7938.22,0,119,58,4,36,65,Home Decor,Cabinet,3416.1,7938.22,0,Spring,0
SKU047,2024-04-22,130,1031968.6,7938.22,0,119,58,4,36,65,Home Decor,Cabinet,3416.1,7938.22,0,Spring,0
SKU047,2024-04-29,123,976401.0599999999,7938.22,0,52,271,14,59,166,Home Decor,Cabinet,3416.1,7938.22,0,Spring,0
SKU047,2024-05-06,112,889080.64,7938.22,0,52,271,14,59,166,Home Decor,Cabinet,3416.1,7938.22,0,Summer,0
SKU047,2024-05-13,102,809698.44,7938.22,0,52,271,14,59,166,Home Decor,Cabinet,3416.1,7938.22,0,Summer,0
SKU047,2024-05-20,127,1008153.94,7938.22,0,52,271,14,59,166,Home Decor,Cabinet,3416.1,7938.22,0,Summer,0
SKU047,2024-05-27,132,1047845.0399999999,7938.22,2,108,9,7,23,72,Home Decor,Cabinet,3416.1,7938.22,0,Summer,1
SKU047,2024-06-03,113,897018.86,7938.22,2,108,9,7,23,72,Home Decor,Cabinet,3416.1,7938.22,0,Summer,1
SKU047,2024-06-10,102,809698.44,7938.22,2,108,9,7,23,72,Home Decor,Cabinet,3416.1,7938.22,0,Summer,1
SKU047,2024-06-17,133,1055783.26,7938.22,2,108,9,7,23,72,Home Decor,Cabinet,3416.1,7938.22,0,Summer,1
SKU047,2024-06-24,128,1016092.16,7938.22,2,108,9,7,23,72,Home Decor,Cabinet,3416.1,7938.22,0,Summer,1
SKU047,2024-07-01,119,944648.1799999999,7938.22,0,95,160,8,43,105,Home Decor,Cabinet,3416.1,7938.22,0,Monsoon,0
SKU047,2024-07-08,84,666810.48,7938.22,0,95,160,8,43,105,Home Decor,Cabinet,3416.1,7938.22,0,Monsoon,0
SKU047,2024-07-15,102,809698.44,7938.22,0,95,160,8,43,105,Home Decor,Cabinet,3416.1,7938.22,0,Monsoon,0
SKU047,2024-07-22,108,857327.76,7938.22,0,95,160,8,43,105,Home Decor,Cabinet,3416.1,7938.22,0,Monsoon,0
SKU047,2024-07-29,99,785883.78,7938.22,0,177,71,4,40,65,Home Decor,Cabinet,3416.1,7938.22,0,Monsoon,0
SKU047,2024-08-05,93,738254.46,7938.22,0,177,71,4,40,65,Home Decor,Cabinet,3416.1,7938.22,0,Monsoon,0
SKU047,2024-08-12,66,523922.52,7938.22,0,177,71,4,40,65,Home Decor,Cabinet,3416.1,7938.22,1,Monsoon,0
SKU047,2024-08-19,101,801760.22,7938.22,0,177,71,4,40,65,Home Decor,Cabinet,3416.1,7938.22,0,Monsoon,0
SKU047,2024-08-26,110,873204.2,7938.22,1,99,8,4,25,49,Home Decor,Cabinet,3416.1,7938.22,0,Monsoon,1
SKU047,2024-09-02,96,762069.12,7938.22,2,99,8,4,25,49,Home Decor,Cabinet,3416.1,7938.22,0,Monsoon,1
SKU047,2024-09-09,75,595366.5,7938.22,2,99,8,4,25,49,Home Decor,Cabinet,3416.1,7938.22,0,Monsoon,1
SKU047,2024-09-16,94,746192.6799999999,7938.22,2,99,8,4,25,49,Home Decor,Cabinet,3416.1,7938.22,0,Monsoon,1
SKU047,2024-09-23,115,912895.3,7938.22,2,99,8,4,25,49,Home Decor,Cabinet,3416.1,7938.22,0,Monsoon,1
SKU047,2024-09-30,75,595366.5,7938.22,0,149,90,3,41,59,Home Decor,Cabinet,3416.1,7938.22,0,Monsoon,0
SKU047,2024-10-07,93,738254.46,7938.22,0,149,90,3,41,59,Home Decor,Cabinet,3416.1,7938.22,0,Autumn,0
SKU047,2024-10-14,84,666810.48,7938.22,0,149,90,3,41,59,Home Decor,Cabinet,3416.1,7938.22,0,Autumn,0
SKU047,2024-10-21,79,627119.38,7938.22,0,149,90,3,41,59,Home Decor,Cabinet,3416.1,7938.22,0,Autumn,0
SKU047,2024-10-28,93,738254.46,7938.22,2,44,113,7,30,65,Home Decor,Cabinet,3416.1,7938.22,1,Autumn,1
SKU047,2024-11-04,93,738254.46,7938.22,2,44,113,7,30,65,Home Decor,Cabinet,3416.1,7938.22,0,Autumn,1
SKU047,2024-11-11,82,650934.04,7938.22,2,44,113,7,30,65,Home Decor,Cabinet,3416.1,7938.22,0,Autumn,1
SKU047,2024-11-18,85,674748.7,7938.22,2,44,113,7,30,65,Home Decor,Cabinet,3416.1,7938.22,0,Autumn,1
SKU047,2024-11-25,78,619181.16,7938.22,1,98,30,7,42,83,Home Decor,Cabinet,3416.1,7938.22,0,Autumn,1
SKU047,2024-12-02,78,619181.16,7938.22,0,98,30,7,42,83,Home Decor,Cabinet,3416.1,7938.22,0,Winter,0
SKU047,2024-12-09,85,674748.7,7938.22,0,98,30,7,42,83,Home Decor,Cabinet,3416.1,7938.22,0,Winter,0
SKU047,2024-12-16,92,730316.24,7938.22,0,98,30,7,42,83,Home Decor,Cabinet,3416.1,7938.22,0,Winter,0
SKU047,2024-12-23,82,650934.04,7938.22,0,98,30,7,42,83,Home Decor,Cabinet,3416.1,7938.22,1,Winter,0
SKU047,2024-12-30,114,904957.08,7938.22,0,191,38,8,31,75,Home Decor,Cabinet,3416.1,7938.22,0,Winter,0
SKU047,2025-01-06,110,873204.2000000001,7938.22,0,191,38,8,31,75,Home Decor,Cabinet,3416.1,7938.22,0,Winter,0
SKU047,2025-01-13,84,666810.48,7938.22,0,191,38,8,31,75,Home Decor,Cabinet,3416.1,7938.22,0,Winter,0
SKU047,2025-01-20,90,714439.8,7938.22,0,191,38,8,31,75,Home Decor,Cabinet,3416.1,7938.22,1,Winter,0
SKU047,2025-01-27,99,785883.78,7938.22,0,168,23,7,46,94,Home Decor,Cabinet,3416.1,7938.22,0,Winter,0
SKU047,2025-02-03,108,857327.76,7938.22,0,168,23,7,46,94,Home Decor,Cabinet,3416.1,7938.22,0,Winter,0
SKU047,2025-02-10,104,825574.88,7938.22,0,168,23,7,46,94,Home Decor,Cabinet,3416.1,7938.22,0,Winter,0
SKU047,2025-02-17,105,833513.1,7938.22,0,168,23,7,46,94,Home Decor,Cabinet,3416.1,7938.22,0,Winter,0
SKU047,2025-02-24,107,849389.54,7938.22,2,148,116,3,57,79,Home Decor,Cabinet,3416.1,7938.22,0,Winter,1
SKU047,2025-03-03,146,1158980.1199999999,7938.22,2,148,116,3,57,79,Home Decor,Cabinet,3416.1,7938.22,0,Spring,1
SKU047,2025-03-10,134,1063721.48,7938.22,2,148,116,3,57,79,Home Decor,Cabinet,3416.1,7938.22,0,Spring,1
SKU047,2025-03-17,128,1016092.16,7938.22,2,148,116,3,57,79,Home Decor,Cabinet,3416.1,7938.22,0,Spring,1
SKU047,2025-03-24,125,992277.5,7938.22,2,148,116,3,57,79,Home Decor,Cabinet,3416.1,7938.22,0,Spring,1
SKU047,2025-03-31,114,904957.08,7938.22,0,162,40,13,39,150,Home Decor,Cabinet,3416.1,7938.22,0,Spring,0
SKU047,2025-04-07,104,825574.88,7938.22,0,162,40,13,39,150,Home Decor,Cabinet,3416.1,7938.22,0,Spring,0
SKU047,2025-04-14,110,873204.2,7938.22,0,162,40,13,39,150,Home Decor,Cabinet,3416.1,7938.22,0,Spring,0
SKU047,2025-04-21,115,912895.2999999999,7938.22,0,162,40,13,39,150,Home Decor,Cabinet,3416.1,7938.22,0,Spring,0
SKU047,2025-04-28,122,968462.84,7938.22,0,120,113,11,48,127,Home Decor,Cabinet,3416.1,7938.22,0,Spring,0
SKU047,2025-05-05,112,889080.64,7938.22,0,120,113,11,48,127,Home Decor,Cabinet,3416.1,7938.22,0,Summer,0
SKU047,2025-05-12,103,817636.6599999999,7938.22,0,120,113,11,48,127,Home Decor,Cabinet,3416.1,7938.22,0,Summer,0
SKU047,2025-05-19,114,904957.0800000001,7938.22,0,120,113,11,48,127,Home Decor,Cabinet,3416.1,7938.22,0,Summer,0
SKU047,2025-05-26,122,968462.84,7938.22,1,53,162,6,43,85,Home Decor,Cabinet,3416.1,7938.22,0,Summer,1
SKU047,2025-06-02,123,976401.0599999999,7938.22,2,53,162,6,43,85,Home Decor,Cabinet,3416.1,7938.22,0,Summer,1
SKU047,2025-06-09,125,992277.5,7938.22,2,53,162,6,43,85,Home Decor,Cabinet,3416.1,7938.22,0,Summer,1
SKU047,2025-06-16,133,1055783.26,7938.22,2,53,162,6,43,85,Home Decor,Cabinet,3416.1,7938.22,0,Summer,1
SKU047,2025-06-23,110,873204.2,7938.22,2,53,162,6,43,85,Home Decor,Cabinet,3416.1,7938.22,0,Summer,1
SKU047,2025-06-30,110,873204.2,7938.22,0,70,198,10,49,124,Home Decor,Cabinet,3416.1,7938.22,0,Summer,0
SKU047,2025-07-07,106,841451.32,7938.22,0,70,198,10,49,124,Home Decor,Cabinet,3416.1,7938.22,0,Monsoon,0
SKU047,2025-07-14,105,833513.1,7938.22,0,70,198,10,49,124,Home Decor,Cabinet,3416.1,7938.22,0,Monsoon,0
SKU047,2025-07-21,107,849389.54,7938.22,0,70,198,10,49,124,Home Decor,Cabinet,3416.1,7938.22,0,Monsoon,0
SKU047,2025-07-28,120,952586.3999999999,7938.22,0,148,68,3,35,55,Home Decor,Cabinet,3416.1,7938.22,0,Monsoon,0
SKU047,2025-08-04,95,754130.9,7938.22,0,148,68,3,35,55,Home Decor,Cabinet,3416.1,7938.22,0,Monsoon,0
SKU047,2025-08-11,101,801760.22,7938.22,0,148,68,3,35,55,Home Decor,Cabinet,3416.1,7938.22,1,Monsoon,0
SKU047,2025-08-18,86,682686.92,7938.22,0,148,68,3,35,55,Home Decor,Cabinet,3416.1,7938.22,0,Monsoon,0
SKU047,2025-08-25,92,730316.24,7938.22,0,148,68,3,35,55,Home Decor,Cabinet,3416.1,7938.22,0,Monsoon,0
SKU047,2025-09-01,103,817636.66,7938.22,2,176,21,5,20,49,Home Decor,Cabinet,3416.1,7938.22,0,Monsoon,1
SKU047,2025-09-08,78,619181.16,7938.22,2,176,21,5,20,49,Home Decor,Cabinet,3416.1,7938.22,0,Monsoon,1
SKU047,2025-09-15,87,690625.14,7938.22,2,176,21,5,20,49,Home Decor,Cabinet,3416.1,7938.22,0,Monsoon,1
SKU047,2025-09-22,94,746192.68,7938.22,2,176,21,5,20,49,Home Decor,Cabinet,3416.1,7938.22,0,Monsoon,1
SKU047,2025-09-29,77,611242.94,7938.22,0,91,75,14,31,110,Home Decor,Cabinet,3416.1,7938.22,0,Monsoon,0
SKU047,2025-10-06,81,642995.8200000001,7938.22,0,91,75,14,31,110,Home Decor,Cabinet,3416.1,7938.22,0,Autumn,0
SKU047,2025-10-13,76,603304.72,7938.22,0,91,75,14,31,110,Home Decor,Cabinet,3416.1,7938.22,0,Autumn,0
SKU047,2025-10-20,75,595366.5,7938.22,0,91,75,14,31,110,Home Decor,Cabinet,3416.1,7938.22,1,Autumn,0
SKU047,2025-10-27,101,801760.22,7938.22,2,98,125,8,44,88,Home Decor,Cabinet,3416.1,7938.22,0,Autumn,1
SKU047,2025-11-03,102,809698.44,7938.22,2,98,125,8,44,88,Home Decor,Cabinet,3416.1,7938.22,0,Autumn,1
SKU047,2025-11-10,101,801760.22,7938.22,2,98,125,8,44,88,Home Decor,Cabinet,3416.1,7938.22,0,Autumn,1
SKU047,2025-11-17,81,642995.82,7938.22,2,98,125,8,44,88,Home Decor,Cabinet,3416.1,7938.22,0,Autumn,1
SKU047,2025-11-24,90,714439.8,7938.22,2,98,125,8,44,88,Home Decor,Cabinet,3416.1,7938.22,0,Autumn,1
SKU047,2025-12-01,108,857327.76,7938.22,0,201,129,9,44,99,Home Decor,Cabinet,3416.1,7938.22,0,Winter,0
SKU047,2025-12-08,86,682686.92,7938.22,0,201,129,9,44,99,Home Decor,Cabinet,3416.1,7938.22,0,Winter,0
SKU047,2025-12-15,100,793822.0,7938.22,0,201,129,9,44,99,Home Decor,Cabinet,3416.1,7938.22,0,Winter,0
SKU047,2025-12-22,88,698563.36,7938.22,0,201,129,9,44,99,Home Decor,Cabinet,3416.1,7938.22,1,Winter,0
SKU048,2024-01-01,76,104845.8,1379.55,0,15,10,8,5,13,Kitchen,Rug,6863.87,1379.55,0,Winter,0
SKU048,2024-01-08,51,70357.05,1379.55,0,15,10,8,5,13,Kitchen,Rug,6863.87,1379.55,0,Winter,0
SKU048,2024-01-15,52,71736.6,1379.55,0,15,10,8,5,13,Kitchen,Rug,6863.87,1379.55,0,Winter,0
SKU048,2024-01-22,42,57941.1,1379.55,0,15,10,8,5,13,Kitchen,Rug,6863.87,1379.55,1,Winter,0
SKU048,2024-01-29,52,71736.6,1379.55,0,134,20,6,24,47,Kitchen,Rug,6863.87,1379.55,0,Winter,0
SKU048,2024-02-05,61,84152.55,1379.55,0,134,20,6,24,47,Kitchen,Rug,6863.87,1379.55,0,Winter,0
SKU048,2024-02-12,54,74495.7,1379.55,0,134,20,6,24,47,Kitchen,Rug,6863.87,1379.55,0,Winter,0
SKU048,2024-02-19,64,88291.2,1379.55,0,134,20,6,24,47,Kitchen,Rug,6863.87,1379.55,0,Winter,0
SKU048,2024-02-26,73,100707.15,1379.55,2,70,12,5,25,43,Kitchen,Rug,6863.87,1379.55,0,Winter,1
SKU048,2024-03-04,65,89670.75,1379.55,2,70,12,5,25,43,Kitchen,Rug,6863.87,1379.55,0,Spring,1
SKU048,2024-03-11,76,104845.8,1379.55,2,70,12,5,25,43,Kitchen,Rug,6863.87,1379.55,0,Spring,1
SKU048,2024-03-18,70,96568.5,1379.55,2,70,12,5,25,43,Kitchen,Rug,6863.87,1379.55,0,Spring,1
SKU048,2024-03-25,79,108984.45,1379.55,2,70,12,5,25,43,Kitchen,Rug,6863.87,1379.55,0,Spring,1
SKU048,2024-04-01,59,81393.45,1379.55,0,73,46,4,21,39,Kitchen,Rug,6863.87,1379.55,0,Spring,0
SKU048,2024-04-08,65,89670.75,1379.55,0,73,46,4,21,39,Kitchen,Rug,6863.87,1379.55,0,Spring,0
SKU048,2024-04-15,74,102086.7,1379.55,0,73,46,4,21,39,Kitchen,Rug,6863.87,1379.55,0,Spring,0
SKU048,2024-04-22,54,74495.7,1379.55,0,73,46,4,21,39,Kitchen,Rug,6863.87,1379.55,0,Spring,0
SKU048,2024-04-29,60,82773.0,1379.55,0,112,91,12,20,67,Kitchen,Rug,6863.87,1379.55,0,Spring,0
SKU048,2024-05-06,71,97948.05,1379.55,0,112,91,12,20,67,Kitchen,Rug,6863.87,1379.55,0,Summer,0
SKU048,2024-05-13,69,95188.95,1379.55,0,112,91,12,20,67,Kitchen,Rug,6863.87,1379.55,0,Summer,0
SKU048,2024-05-20,66,91050.3,1379.55,0,112,91,12,20,67,Kitchen,Rug,6863.87,1379.55,0,Summer,0
SKU048,2024-05-27,76,104845.8,1379.55,2,59,103,8,17,53,Kitchen,Rug,6863.87,1379.55,0,Summer,1
SKU048,2024-06-03,68,93809.4,1379.55,2,59,103,8,17,53,Kitchen,Rug,6863.87,1379.55,0,Summer,1
SKU048,2024-06-10,67,92429.84999999999,1379.55,2,59,103,8,17,53,Kitchen,Rug,6863.87,1379.55,0,Summer,1
SKU048,2024-06-17,74,102086.7,1379.55,2,59,103,8,17,53,Kitchen,Rug,6863.87,1379.55,0,Summer,1
SKU048,2024-06-24,57,78634.35,1379.55,2,59,103,8,17,53,Kitchen,Rug,6863.87,1379.55,0,Summer,1
SKU048,2024-07-01,64,88291.2,1379.55,0,32,141,10,29,74,Kitchen,Rug,6863.87,1379.55,0,Monsoon,0
SKU048,2024-07-08,66,91050.3,1379.55,0,32,141,10,29,74,Kitchen,Rug,6863.87,1379.55,0,Monsoon,0
SKU048,2024-07-15,58,80013.9,1379.55,0,32,141,10,29,74,Kitchen,Rug,6863.87,1379.55,0,Monsoon,0
SKU048,2024-07-22,58,80013.9,1379.55,0,32,141,10,29,74,Kitchen,Rug,6863.87,1379.55,0,Monsoon,0
SKU048,2024-07-29,55,75875.25,1379.55,0,65,63,12,33,85,Kitchen,Rug,6863.87,1379.55,0,Monsoon,0
SKU048,2024-08-05,53,73116.15,1379.55,0,65,63,12,33,85,Kitchen,Rug,6863.87,1379.55,0,Monsoon,0
SKU048,2024-08-12,59,81393.45,1379.55,0,65,63,12,33,85,Kitchen,Rug,6863.87,1379.55,1,Monsoon,0
SKU048,2024-08-19,59,81393.45,1379.55,0,65,63,12,33,85,Kitchen,Rug,6863.87,1379.55,0,Monsoon,0
SKU048,2024-08-26,65,89670.75,1379.55,1,54,60,9,16,44,Kitchen,Rug,6863.87,1379.55,0,Monsoon,1
SKU048,2024-09-02,41,56561.55,1379.55,2,54,60,9,16,44,Kitchen,Rug,6863.87,1379.55,0,Monsoon,1
SKU048,2024-09-09,63,86911.65,1379.55,2,54,60,9,16,44,Kitchen,Rug,6863.87,1379.55,0,Monsoon,1
SKU048,2024-09-16,56,77254.8,1379.55,2,54,60,9,16,44,Kitchen,Rug,6863.87,1379.55,0,Monsoon,1
SKU048,2024-09-23,48,66218.4,1379.55,2,54,60,9,16,44,Kitchen,Rug,6863.87,1379.55,0,Monsoon,1
SKU048,2024-09-30,47,64838.850000000006,1379.55,0,73,29,12,14,57,Kitchen,Rug,6863.87,1379.55,0,Monsoon,0
SKU048,2024-10-07,51,70357.05,1379.55,0,73,29,12,14,57,Kitchen,Rug,6863.87,1379.55,0,Autumn,0
SKU048,2024-10-14,51,70357.05,1379.55,0,73,29,12,14,57,Kitchen,Rug,6863.87,1379.55,0,Autumn,0
SKU048,2024-10-21,53,73116.15,1379.55,0,73,29,12,14,57,Kitchen,Rug,6863.87,1379.55,0,Autumn,0
SKU048,2024-10-28,63,86911.65,1379.55,2,58,89,13,19,61,Kitchen,Rug,6863.87,1379.55,1,Autumn,1
SKU048,2024-11-04,45,62079.75,1379.55,2,58,89,13,19,61,Kitchen,Rug,6863.87,1379.55,0,Autumn,1
SKU048,2024-11-11,57,78634.35,1379.55,2,58,89,13,19,61,Kitchen,Rug,6863.87,1379.55,0,Autumn,1
SKU048,2024-11-18,55,75875.25,1379.55,2,58,89,13,19,61,Kitchen,Rug,6863.87,1379.55,0,Autumn,1
SKU048,2024-11-25,56,77254.8,1379.55,1,43,40,8,20,49,Kitchen,Rug,6863.87,1379.55,0,Autumn,1
SKU048,2024-12-02,50,68977.5,1379.55,0,43,40,8,20,49,Kitchen,Rug,6863.87,1379.55,0,Winter,0
SKU048,2024-12-09,55,75875.25,1379.55,0,43,40,8,20,49,Kitchen,Rug,6863.87,1379.55,0,Winter,0
SKU048,2024-12-16,41,56561.549999999996,1379.55,0,43,40,8,20,49,Kitchen,Rug,6863.87,1379.55,0,Winter,0
SKU048,2024-12-23,62,85532.1,1379.55,0,43,40,8,20,49,Kitchen,Rug,6863.87,1379.55,1,Winter,0
SKU048,2024-12-30,52,71736.6,1379.55,0,94,55,6,27,50,Kitchen,Rug,6863.87,1379.55,0,Winter,0
SKU048,2025-01-06,57,78634.35,1379.55,0,94,55,6,27,50,Kitchen,Rug,6863.87,1379.55,0,Winter,0
SKU048,2025-01-13,61,84152.55,1379.55,0,94,55,6,27,50,Kitchen,Rug,6863.87,1379.55,0,Winter,0
SKU048,2025-01-20,71,97948.05,1379.55,0,94,55,6,27,50,Kitchen,Rug,6863.87,1379.55,1,Winter,0
SKU048,2025-01-27,63,86911.65,1379.55,0,46,23,11,16,53,Kitchen,Rug,6863.87,1379.55,0,Winter,0
SKU048,2025-02-03,53,73116.15,1379.55,0,46,23,11,16,53,Kitchen,Rug,6863.87,1379.55,0,Winter,0
SKU048,2025-02-10,44,60700.2,1379.55,0,46,23,11,16,53,Kitchen,Rug,6863.87,1379.55,0,Winter,0
SKU048,2025-02-17,59,81393.45,1379.55,0,46,23,11,16,53,Kitchen,Rug,6863.87,1379.55,0,Winter,0
SKU048,2025-02-24,72,99327.6,1379.55,2,109,55,7,26,53,Kitchen,Rug,6863.87,1379.55,0,Winter,1
SKU048,2025-03-03,67,92429.85,1379.55,2,109,55,7,26,53,Kitchen,Rug,6863.87,1379.55,0,Spring,1
SKU048,2025-03-10,71,97948.05,1379.55,2,109,55,7,26,53,Kitchen,Rug,6863.87,1379.55,0,Spring,1
SKU048,2025-03-17,64,88291.2,1379.55,2,109,55,7,26,53,Kitchen,Rug,6863.87,1379.55,0,Spring,1
SKU048,2025-03-24,76,104845.8,1379.55,2,109,55,7,26,53,Kitchen,Rug,6863.87,1379.55,0,Spring,1
SKU048,2025-03-31,61,84152.55,1379.55,0,90,26,10,28,77,Kitchen,Rug,6863.87,1379.55,0,Spring,0
SKU048,2025-04-07,80,110364.0,1379.55,0,90,26,10,28,77,Kitchen,Rug,6863.87,1379.55,0,Spring,0
SKU048,2025-04-14,79,108984.45,1379.55,0,90,26,10,28,77,Kitchen,Rug,6863.87,1379.55,0,Spring,0
SKU048,2025-04-21,56,77254.8,1379.55,0,90,26,10,28,77,Kitchen,Rug,6863.87,1379.55,0,Spring,0
SKU048,2025-04-28,73,100707.15,1379.55,0,83,53,5,15,37,Kitchen,Rug,6863.87,1379.55,0,Spring,0
SKU048,2025-05-05,74,102086.70000000001,1379.55,0,83,53,5,15,37,Kitchen,Rug,6863.87,1379.55,0,Summer,0
SKU048,2025-05-12,71,97948.05,1379.55,0,83,53,5,15,37,Kitchen,Rug,6863.87,1379.55,0,Summer,0
SKU048,2025-05-19,61,84152.55,1379.55,0,83,53,5,15,37,Kitchen,Rug,6863.87,1379.55,0,Summer,0
SKU048,2025-05-26,71,97948.04999999999,1379.55,1,121,92,13,32,84,Kitchen,Rug,6863.87,1379.55,0,Summer,1
SKU048,2025-06-02,67,92429.85,1379.55,2,121,92,13,32,84,Kitchen,Rug,6863.87,1379.55,0,Summer,1
SKU048,2025-06-09,59,81393.45,1379.55,2,121,92,13,32,84,Kitchen,Rug,6863.87,1379.55,0,Summer,1
SKU048,2025-06-16,77,106225.35,1379.55,2,121,92,13,32,84,Kitchen,Rug,6863.87,1379.55,0,Summer,1
SKU048,2025-06-23,73,100707.15000000001,1379.55,2,121,92,13,32,84,Kitchen,Rug,6863.87,1379.55,0,Summer,1
SKU048,2025-06-30,50,68977.5,1379.55,0,55,78,5,22,43,Kitchen,Rug,6863.87,1379.55,0,Summer,0
SKU048,2025-07-07,48,66218.4,1379.55,0,55,78,5,22,43,Kitchen,Rug,6863.87,1379.55,0,Monsoon,0
SKU048,2025-07-14,52,71736.6,1379.55,0,55,78,5,22,43,Kitchen,Rug,6863.87,1379.55,0,Monsoon,0
SKU048,2025-07-21,67,92429.85,1379.55,0,55,78,5,22,43,Kitchen,Rug,6863.87,1379.55,0,Monsoon,0
SKU048,2025-07-28,43,59320.65,1379.55,0,31,23,13,15,58,Kitchen,Rug,6863.87,1379.55,0,Monsoon,0
SKU048,2025-08-04,50,68977.5,1379.55,0,31,23,13,15,58,Kitchen,Rug,6863.87,1379.55,0,Monsoon,0
SKU048,2025-08-11,35,48284.25,1379.55,0,31,23,13,15,58,Kitchen,Rug,6863.87,1379.55,1,Monsoon,0
SKU048,2025-08-18,45,62079.75,1379.55,0,31,23,13,15,58,Kitchen,Rug,6863.87,1379.55,0,Monsoon,0
SKU048,2025-08-25,60,82773.0,1379.55,0,31,23,13,15,58,Kitchen,Rug,6863.87,1379.55,0,Monsoon,0
SKU048,2025-09-01,57,78634.35,1379.55,2,99,22,5,15,30,Kitchen,Rug,6863.87,1379.55,0,Monsoon,1
SKU048,2025-09-08,58,80013.9,1379.55,2,99,22,5,15,30,Kitchen,Rug,6863.87,1379.55,0,Monsoon,1
SKU048,2025-09-15,54,74495.7,1379.55,2,99,22,5,15,30,Kitchen,Rug,6863.87,1379.55,0,Monsoon,1
SKU048,2025-09-22,50,68977.5,1379.55,2,99,22,5,15,30,Kitchen,Rug,6863.87,1379.55,0,Monsoon,1
SKU048,2025-09-29,46,63459.3,1379.55,0,70,4,3,20,31,Kitchen,Rug,6863.87,1379.55,0,Monsoon,0
SKU048,2025-10-06,51,70357.05,1379.55,0,70,4,3,20,31,Kitchen,Rug,6863.87,1379.55,0,Autumn,0
SKU048,2025-10-13,59,81393.45,1379.55,0,70,4,3,20,31,Kitchen,Rug,6863.87,1379.55,0,Autumn,0
SKU048,2025-10-20,31,42766.05,1379.55,0,70,4,3,20,31,Kitchen,Rug,6863.87,1379.55,1,Autumn,0
SKU048,2025-10-27,61,84152.55,1379.55,2,73,59,7,17,37,Kitchen,Rug,6863.87,1379.55,0,Autumn,1
SKU048,2025-11-03,63,86911.65,1379.55,2,73,59,7,17,37,Kitchen,Rug,6863.87,1379.55,0,Autumn,1
SKU048,2025-11-10,47,64838.850000000006,1379.55,2,73,59,7,17,37,Kitchen,Rug,6863.87,1379.55,0,Autumn,1
SKU048,2025-11-17,63,86911.65,1379.55,2,73,59,7,17,37,Kitchen,Rug,6863.87,1379.55,0,Autumn,1
SKU048,2025-11-24,36,49663.8,1379.55,2,73,59,7,17,37,Kitchen,Rug,6863.87,1379.55,0,Autumn,1
SKU048,2025-12-01,57,78634.34999999999,1379.55,0,106,50,3,22,31,Kitchen,Rug,6863.87,1379.55,0,Winter,0
SKU048,2025-12-08,55,75875.25,1379.55,0,106,50,3,22,31,Kitchen,Rug,6863.87,1379.55,0,Winter,0
SKU048,2025-12-15,58,80013.9,1379.55,0,106,50,3,22,31,Kitchen,Rug,6863.87,1379.55,0,Winter,0
SKU048,2025-12-22,40,55182.0,1379.55,0,106,50,3,22,31,Kitchen,Rug,6863.87,1379.55,1,Winter,0
SKU049,2024-01-01,177,924536.49,5223.37,0,11,1,11,5,16,Lighting,Organizer,2063.03,5223.37,0,Winter,0
SKU049,2024-01-08,178,929759.86,5223.37,0,11,1,11,5,16,Lighting,Organizer,2063.03,5223.37,0,Winter,0
SKU049,2024-01-15,184,961100.0800000001,5223.37,0,11,1,11,5,16,Lighting,Organizer,2063.03,5223.37,0,Winter,0
SKU049,2024-01-22,181,945429.97,5223.37,0,11,1,11,5,16,Lighting,Organizer,2063.03,5223.37,1,Winter,0
SKU049,2024-01-29,178,929759.86,5223.37,0,730,566,5,167,327,Lighting,Organizer,2063.03,5223.37,0,Winter,0
SKU049,2024-02-05,191,997663.6699999999,5223.37,0,730,566,5,167,327,Lighting,Organizer,2063.03,5223.37,0,Winter,0
SKU049,2024-02-12,194,1013333.78,5223.37,0,730,566,5,167,327,Lighting,Organizer,2063.03,5223.37,0,Winter,0
SKU049,2024-02-19,186,971546.82,5223.37,0,730,566,5,167,327,Lighting,Organizer,2063.03,5223.37,0,Winter,0
SKU049,2024-02-26,192,1002887.04,5223.37,2,813,310,3,216,309,Lighting,Organizer,2063.03,5223.37,0,Winter,1
SKU049,2024-03-04,207,1081237.59,5223.37,2,813,310,3,216,309,Lighting,Organizer,2063.03,5223.37,0,Spring,1
SKU049,2024-03-11,190,992440.3,5223.37,2,813,310,3,216,309,Lighting,Organizer,2063.03,5223.37,0,Spring,1
SKU049,2024-03-18,228,1190928.3599999999,5223.37,2,813,310,3,216,309,Lighting,Organizer,2063.03,5223.37,0,Spring,1
SKU049,2024-03-25,221,1154364.77,5223.37,2,813,310,3,216,309,Lighting,Organizer,2063.03,5223.37,0,Spring,1
SKU049,2024-04-01,219,1143918.03,5223.37,0,697,321,4,184,336,Lighting,Organizer,2063.03,5223.37,0,Spring,0
SKU049,2024-04-08,199,1039450.63,5223.37,0,697,321,4,184,336,Lighting,Organizer,2063.03,5223.37,0,Spring,0
SKU049,2024-04-15,193,1008110.4099999999,5223.37,0,697,321,4,184,336,Lighting,Organizer,2063.03,5223.37,0,Spring,0
SKU049,2024-04-22,222,1159588.14,5223.37,0,697,321,4,184,336,Lighting,Organizer,2063.03,5223.37,0,Spring,0
SKU049,2024-04-29,219,1143918.03,5223.37,0,456,207,8,112,391,Lighting,Organizer,2063.03,5223.37,0,Spring,0
SKU049,2024-05-06,200,1044674.0,5223.37,0,456,207,8,112,391,Lighting,Organizer,2063.03,5223.37,0,Summer,0
SKU049,2024-05-13,192,1002887.04,5223.37,0,456,207,8,112,391,Lighting,Organizer,2063.03,5223.37,0,Summer,0
SKU049,2024-05-20,178,929759.86,5223.37,0,456,207,8,112,391,Lighting,Organizer,2063.03,5223.37,0,Summer,0
SKU049,2024-05-27,196,1023780.52,5223.37,2,418,536,5,138,314,Lighting,Organizer,2063.03,5223.37,0,Summer,1
SKU049,2024-06-03,194,1013333.78,5223.37,2,418,536,5,138,314,Lighting,Organizer,2063.03,5223.37,0,Summer,1
SKU049,2024-06-10,190,992440.3,5223.37,2,418,536,5,138,314,Lighting,Organizer,2063.03,5223.37,0,Summer,1
SKU049,2024-06-17,187,976770.19,5223.37,2,418,536,5,138,314,Lighting,Organizer,2063.03,5223.37,0,Summer,1
SKU049,2024-06-24,200,1044674.0,5223.37,2,418,536,5,138,314,Lighting,Organizer,2063.03,5223.37,0,Summer,1
SKU049,2024-07-01,167,872302.7899999999,5223.37,0,856,822,7,293,552,Lighting,Organizer,2063.03,5223.37,0,Monsoon,0
SKU049,2024-07-08,165,861856.0499999999,5223.37,0,856,822,7,293,552,Lighting,Organizer,2063.03,5223.37,0,Monsoon,0
SKU049,2024-07-15,188,981993.56,5223.37,0,856,822,7,293,552,Lighting,Organizer,2063.03,5223.37,0,Monsoon,0
SKU049,2024-07-22,174,908866.38,5223.37,0,856,822,7,293,552,Lighting,Organizer,2063.03,5223.37,0,Monsoon,0
SKU049,2024-07-29,176,919313.12,5223.37,0,635,127,8,231,463,Lighting,Organizer,2063.03,5223.37,0,Monsoon,0
SKU049,2024-08-05,164,856632.6799999999,5223.37,0,635,127,8,231,463,Lighting,Organizer,2063.03,5223.37,0,Monsoon,0
SKU049,2024-08-12,151,788728.87,5223.37,0,635,127,8,231,463,Lighting,Organizer,2063.03,5223.37,1,Monsoon,0
SKU049,2024-08-19,138,720825.0599999999,5223.37,0,635,127,8,231,463,Lighting,Organizer,2063.03,5223.37,0,Monsoon,0
SKU049,2024-08-26,156,814845.72,5223.37,1,471,170,9,215,457,Lighting,Organizer,2063.03,5223.37,0,Monsoon,1
SKU049,2024-09-02,152,793952.24,5223.37,2,471,170,9,215,457,Lighting,Organizer,2063.03,5223.37,0,Monsoon,1
SKU049,2024-09-09,164,856632.6799999999,5223.37,2,471,170,9,215,457,Lighting,Organizer,2063.03,5223.37,0,Monsoon,1
SKU049,2024-09-16,150,783505.5,5223.37,2,471,170,9,215,457,Lighting,Organizer,2063.03,5223.37,0,Monsoon,1
SKU049,2024-09-23,178,929759.86,5223.37,2,471,170,9,215,457,Lighting,Organizer,2063.03,5223.37,0,Monsoon,1
SKU049,2024-09-30,147,767835.39,5223.37,0,832,178,8,186,405,Lighting,Organizer,2063.03,5223.37,0,Monsoon,0
SKU049,2024-10-07,151,788728.87,5223.37,0,832,178,8,186,405,Lighting,Organizer,2063.03,5223.37,0,Autumn,0
SKU049,2024-10-14,129,673814.73,5223.37,0,832,178,8,186,405,Lighting,Organizer,2063.03,5223.37,0,Autumn,0
SKU049,2024-10-21,148,773058.76,5223.37,0,832,178,8,186,405,Lighting,Organizer,2063.03,5223.37,0,Autumn,0
SKU049,2024-10-28,140,731271.8,5223.37,2,307,215,5,73,190,Lighting,Organizer,2063.03,5223.37,1,Autumn,1
SKU049,2024-11-04,160,835739.2,5223.37,2,307,215,5,73,190,Lighting,Organizer,2063.03,5223.37,0,Autumn,1
SKU049,2024-11-11,141,736495.1699999999,5223.37,2,307,215,5,73,190,Lighting,Organizer,2063.03,5223.37,0,Autumn,1
SKU049,2024-11-18,136,710378.32,5223.37,2,307,215,5,73,190,Lighting,Organizer,2063.03,5223.37,0,Autumn,1
SKU049,2024-11-25,145,757388.6499999999,5223.37,1,180,456,12,131,461,Lighting,Organizer,2063.03,5223.37,0,Autumn,1
SKU049,2024-12-02,149,778282.13,5223.37,0,180,456,12,131,461,Lighting,Organizer,2063.03,5223.37,0,Winter,0
SKU049,2024-12-09,150,783505.5,5223.37,0,180,456,12,131,461,Lighting,Organizer,2063.03,5223.37,0,Winter,0
SKU049,2024-12-16,161,840962.5700000001,5223.37,0,180,456,12,131,461,Lighting,Organizer,2063.03,5223.37,0,Winter,0
SKU049,2024-12-23,135,705154.95,5223.37,0,180,456,12,131,461,Lighting,Organizer,2063.03,5223.37,1,Winter,0
SKU049,2024-12-30,198,1034227.26,5223.37,0,408,532,13,90,467,Lighting,Organizer,2063.03,5223.37,0,Winter,0
SKU049,2025-01-06,177,924536.49,5223.37,0,408,532,13,90,467,Lighting,Organizer,2063.03,5223.37,0,Winter,0
SKU049,2025-01-13,183,955876.71,5223.37,0,408,532,13,90,467,Lighting,Organizer,2063.03,5223.37,0,Winter,0
SKU049,2025-01-20,154,804398.98,5223.37,0,408,532,13,90,467,Lighting,Organizer,2063.03,5223.37,1,Winter,0
SKU049,2025-01-27,160,835739.2,5223.37,0,267,159,3,126,215,Lighting,Organizer,2063.03,5223.37,0,Winter,0
SKU049,2025-02-03,199,1039450.63,5223.37,0,267,159,3,126,215,Lighting,Organizer,2063.03,5223.37,0,Winter,0
SKU049,2025-02-10,182,950653.3400000001,5223.37,0,267,159,3,126,215,Lighting,Organizer,2063.03,5223.37,0,Winter,0
SKU049,2025-02-17,184,961100.08,5223.37,0,267,159,3,126,215,Lighting,Organizer,2063.03,5223.37,0,Winter,0
SKU049,2025-02-24,207,1081237.59,5223.37,2,182,497,12,126,495,Lighting,Organizer,2063.03,5223.37,0,Winter,1
SKU049,2025-03-03,214,1117801.18,5223.37,2,182,497,12,126,495,Lighting,Organizer,2063.03,5223.37,0,Spring,1
SKU049,2025-03-10,190,992440.3,5223.37,2,182,497,12,126,495,Lighting,Organizer,2063.03,5223.37,0,Spring,1
SKU049,2025-03-17,218,1138694.66,5223.37,2,182,497,12,126,495,Lighting,Organizer,2063.03,5223.37,0,Spring,1
SKU049,2025-03-24,230,1201375.1,5223.37,2,182,497,12,126,495,Lighting,Organizer,2063.03,5223.37,0,Spring,1
SKU049,2025-03-31,184,961100.0800000001,5223.37,0,806,632,8,177,476,Lighting,Organizer,2063.03,5223.37,0,Spring,0
SKU049,2025-04-07,213,1112577.81,5223.37,0,806,632,8,177,476,Lighting,Organizer,2063.03,5223.37,0,Spring,0
SKU049,2025-04-14,198,1034227.26,5223.37,0,806,632,8,177,476,Lighting,Organizer,2063.03,5223.37,0,Spring,0
SKU049,2025-04-21,203,1060344.1099999999,5223.37,0,806,632,8,177,476,Lighting,Organizer,2063.03,5223.37,0,Spring,0
SKU049,2025-04-28,202,1055120.74,5223.37,0,407,723,10,199,552,Lighting,Organizer,2063.03,5223.37,0,Spring,0
SKU049,2025-05-05,222,1159588.1400000001,5223.37,0,407,723,10,199,552,Lighting,Organizer,2063.03,5223.37,0,Summer,0
SKU049,2025-05-12,185,966323.45,5223.37,0,407,723,10,199,552,Lighting,Organizer,2063.03,5223.37,0,Summer,0
SKU049,2025-05-19,187,976770.19,5223.37,0,407,723,10,199,552,Lighting,Organizer,2063.03,5223.37,0,Summer,0
SKU049,2025-05-26,213,1112577.81,5223.37,1,720,860,12,252,672,Lighting,Organizer,2063.03,5223.37,0,Summer,1
SKU049,2025-06-02,206,1076014.22,5223.37,2,720,860,12,252,672,Lighting,Organizer,2063.03,5223.37,0,Summer,1
SKU049,2025-06-09,206,1076014.22,5223.37,2,720,860,12,252,672,Lighting,Organizer,2063.03,5223.37,0,Summer,1
SKU049,2025-06-16,197,1029003.8899999999,5223.37,2,720,860,12,252,672,Lighting,Organizer,2063.03,5223.37,0,Summer,1
SKU049,2025-06-23,220,1149141.4,5223.37,2,720,860,12,252,672,Lighting,Organizer,2063.03,5223.37,0,Summer,1
SKU049,2025-06-30,156,814845.72,5223.37,0,1119,127,5,195,372,Lighting,Organizer,2063.03,5223.37,0,Summer,0
SKU049,2025-07-07,179,934983.23,5223.37,0,1119,127,5,195,372,Lighting,Organizer,2063.03,5223.37,0,Monsoon,0
SKU049,2025-07-14,171,893196.27,5223.37,0,1119,127,5,195,372,Lighting,Organizer,2063.03,5223.37,0,Monsoon,0
SKU049,2025-07-21,168,877526.1599999999,5223.37,0,1119,127,5,195,372,Lighting,Organizer,2063.03,5223.37,0,Monsoon,0
SKU049,2025-07-28,158,825292.46,5223.37,0,674,344,5,239,392,Lighting,Organizer,2063.03,5223.37,0,Monsoon,0
SKU049,2025-08-04,159,830515.8300000001,5223.37,0,674,344,5,239,392,Lighting,Organizer,2063.03,5223.37,0,Monsoon,0
SKU049,2025-08-11,163,851409.3099999999,5223.37,0,674,344,5,239,392,Lighting,Organizer,2063.03,5223.37,1,Monsoon,0
SKU049,2025-08-18,145,757388.65,5223.37,0,674,344,5,239,392,Lighting,Organizer,2063.03,5223.37,0,Monsoon,0
SKU049,2025-08-25,159,830515.83,5223.37,0,674,344,5,239,392,Lighting,Organizer,2063.03,5223.37,0,Monsoon,0
SKU049,2025-09-01,152,793952.24,5223.37,2,349,247,10,136,408,Lighting,Organizer,2063.03,5223.37,0,Monsoon,1
SKU049,2025-09-08,167,872302.79,5223.37,2,349,247,10,136,408,Lighting,Organizer,2063.03,5223.37,0,Monsoon,1
SKU049,2025-09-15,158,825292.46,5223.37,2,349,247,10,136,408,Lighting,Organizer,2063.03,5223.37,0,Monsoon,1
SKU049,2025-09-22,168,877526.1599999999,5223.37,2,349,247,10,136,408,Lighting,Organizer,2063.03,5223.37,0,Monsoon,1
SKU049,2025-09-29,142,741718.54,5223.37,0,751,177,14,99,491,Lighting,Organizer,2063.03,5223.37,0,Monsoon,0
SKU049,2025-10-06,137,715601.69,5223.37,0,751,177,14,99,491,Lighting,Organizer,2063.03,5223.37,0,Autumn,0
SKU049,2025-10-13,152,793952.24,5223.37,0,751,177,14,99,491,Lighting,Organizer,2063.03,5223.37,0,Autumn,0
SKU049,2025-10-20,138,720825.06,5223.37,0,751,177,14,99,491,Lighting,Organizer,2063.03,5223.37,1,Autumn,0
SKU049,2025-10-27,150,783505.5,5223.37,2,410,337,12,113,407,Lighting,Organizer,2063.03,5223.37,0,Autumn,1
SKU049,2025-11-03,152,793952.24,5223.37,2,410,337,12,113,407,Lighting,Organizer,2063.03,5223.37,0,Autumn,1
SKU049,2025-11-10,160,835739.2,5223.37,2,410,337,12,113,407,Lighting,Organizer,2063.03,5223.37,0,Autumn,1
SKU049,2025-11-17,139,726048.4299999999,5223.37,2,410,337,12,113,407,Lighting,Organizer,2063.03,5223.37,0,Autumn,1
SKU049,2025-11-24,159,830515.8300000001,5223.37,2,410,337,12,113,407,Lighting,Organizer,2063.03,5223.37,0,Autumn,1
SKU049,2025-12-01,167,872302.79,5223.37,0,780,599,5,206,344,Lighting,Organizer,2063.03,5223.37,0,Winter,0
SKU049,2025-12-08,171,893196.27,5223.37,0,780,599,5,206,344,Lighting,Organizer,2063.03,5223.37,0,Winter,0
SKU049,2025-12-15,147,767835.39,5223.37,0,780,599,5,206,344,Lighting,Organizer,2063.03,5223.37,0,Winter,0
SKU049,2025-12-22,166,867079.4199999999,5223.37,0,780,599,5,206,344,Lighting,Organizer,2063.03,5223.37,1,Winter,0
SKU050,2024-01-01,49,43253.28,882.72,0,19,18,11,6,17,Storage,Sofa,701.85,882.72,0,Winter,0
SKU050,2024-01-08,40,35308.8,882.72,0,19,18,11,6,17,Storage,Sofa,701.85,882.72,0,Winter,0
SKU050,2024-01-15,25,22068.0,882.72,0,19,18,11,6,17,Storage,Sofa,701.85,882.72,0,Winter,0
SKU050,2024-01-22,37,32660.64,882.72,0,19,18,11,6,17,Storage,Sofa,701.85,882.72,1,Winter,0
SKU050,2024-01-29,42,37074.24,882.72,0,312,154,5,114,205,Storage,Sofa,701.85,882.72,0,Winter,0
SKU050,2024-02-05,38,33543.36,882.72,0,312,154,5,114,205,Storage,Sofa,701.85,882.72,0,Winter,0
SKU050,2024-02-12,33,29129.76,882.72,0,312,154,5,114,205,Storage,Sofa,701.85,882.72,0,Winter,0
SKU050,2024-02-19,35,30895.2,882.72,0,312,154,5,114,205,Storage,Sofa,701.85,882.72,0,Winter,0
SKU050,2024-02-26,57,50315.04,882.72,2,458,35,4,108,186,Storage,Sofa,701.85,882.72,0,Winter,1
SKU050,2024-03-04,49,43253.28,882.72,2,458,35,4,108,186,Storage,Sofa,701.85,882.72,0,Spring,1
SKU050,2024-03-11,55,48549.6,882.72,2,458,35,4,108,186,Storage,Sofa,701.85,882.72,0,Spring,1
SKU050,2024-03-18,51,45018.72,882.72,2,458,35,4,108,186,Storage,Sofa,701.85,882.72,0,Spring,1
SKU050,2024-03-25,60,52963.2,882.72,2,458,35,4,108,186,Storage,Sofa,701.85,882.72,0,Spring,1
SKU050,2024-04-01,41,36191.520000000004,882.72,0,214,491,4,172,258,Storage,Sofa,701.85,882.72,0,Spring,0
SKU050,2024-04-08,43,37956.96,882.72,0,214,491,4,172,258,Storage,Sofa,701.85,882.72,0,Spring,0
SKU050,2024-04-15,49,43253.28,882.72,0,214,491,4,172,258,Storage,Sofa,701.85,882.72,0,Spring,0
SKU050,2024-04-22,55,48549.600000000006,882.72,0,214,491,4,172,258,Storage,Sofa,701.85,882.72,0,Spring,0
SKU050,2024-04-29,50,44136.0,882.72,0,621,258,7,86,220,Storage,Sofa,701.85,882.72,0,Spring,0
SKU050,2024-05-06,45,39722.4,882.72,0,621,258,7,86,220,Storage,Sofa,701.85,882.72,0,Summer,0
SKU050,2024-05-13,58,51197.76,882.72,0,621,258,7,86,220,Storage,Sofa,701.85,882.72,0,Summer,0
SKU050,2024-05-20,37,32660.64,882.72,0,621,258,7,86,220,Storage,Sofa,701.85,882.72,0,Summer,0
SKU050,2024-05-27,50,44136.0,882.72,2,504,179,5,155,255,Storage,Sofa,701.85,882.72,0,Summer,1
SKU050,2024-06-03,52,45901.44,882.72,2,504,179,5,155,255,Storage,Sofa,701.85,882.72,0,Summer,1
SKU050,2024-06-10,49,43253.28,882.72,2,504,179,5,155,255,Storage,Sofa,701.85,882.72,0,Summer,1
SKU050,2024-06-17,50,44136.0,882.72,2,504,179,5,155,255,Storage,Sofa,701.85,882.72,0,Summer,1
SKU050,2024-06-24,47,41487.84,882.72,2,504,179,5,155,255,Storage,Sofa,701.85,882.72,0,Summer,1
SKU050,2024-07-01,44,38839.68,882.72,0,440,147,12,152,400,Storage,Sofa,701.85,882.72,0,Monsoon,0
SKU050,2024-07-08,42,37074.24,882.72,0,440,147,12,152,400,Storage,Sofa,701.85,882.72,0,Monsoon,0
SKU050,2024-07-15,50,44136.0,882.72,0,440,147,12,152,400,Storage,Sofa,701.85,882.72,0,Monsoon,0
SKU050,2024-07-22,29,25598.88,882.72,0,440,147,12,152,400,Storage,Sofa,701.85,882.72,0,Monsoon,0
SKU050,2024-07-29,39,34426.08,882.72,0,360,104,6,83,186,Storage,Sofa,701.85,882.72,0,Monsoon,0
SKU050,2024-08-05,33,29129.76,882.72,0,360,104,6,83,186,Storage,Sofa,701.85,882.72,0,Monsoon,0
SKU050,2024-08-12,49,43253.28,882.72,0,360,104,6,83,186,Storage,Sofa,701.85,882.72,1,Monsoon,0
SKU050,2024-08-19,29,25598.88,882.72,0,360,104,6,83,186,Storage,Sofa,701.85,882.72,0,Monsoon,0
SKU050,2024-08-26,37,32660.64,882.72,1,116,133,8,69,191,Storage,Sofa,701.85,882.72,0,Monsoon,1
SKU050,2024-09-02,37,32660.64,882.72,2,116,133,8,69,191,Storage,Sofa,701.85,882.72,0,Monsoon,1
SKU050,2024-09-09,52,45901.44,882.72,2,116,133,8,69,191,Storage,Sofa,701.85,882.72,0,Monsoon,1
SKU050,2024-09-16,27,23833.440000000002,882.72,2,116,133,8,69,191,Storage,Sofa,701.85,882.72,0,Monsoon,1
SKU050,2024-09-23,25,22068.0,882.72,2,116,133,8,69,191,Storage,Sofa,701.85,882.72,0,Monsoon,1
SKU050,2024-09-30,34,30012.48,882.72,0,372,380,9,59,205,Storage,Sofa,701.85,882.72,0,Monsoon,0
SKU050,2024-10-07,33,29129.760000000002,882.72,0,372,380,9,59,205,Storage,Sofa,701.85,882.72,0,Autumn,0
SKU050,2024-10-14,38,33543.36,882.72,0,372,380,9,59,205,Storage,Sofa,701.85,882.72,0,Autumn,0
SKU050,2024-10-21,38,33543.36,882.72,0,372,380,9,59,205,Storage,Sofa,701.85,882.72,0,Autumn,0
SKU050,2024-10-28,36,31777.92,882.72,2,296,364,8,103,222,Storage,Sofa,701.85,882.72,1,Autumn,1
SKU050,2024-11-04,54,47666.880000000005,882.72,2,296,364,8,103,222,Storage,Sofa,701.85,882.72,0,Autumn,1
SKU050,2024-11-11,48,42370.56,882.72,2,296,364,8,103,222,Storage,Sofa,701.85,882.72,0,Autumn,1
SKU050,2024-11-18,39,34426.08,882.72,2,296,364,8,103,222,Storage,Sofa,701.85,882.72,0,Autumn,1
SKU050,2024-11-25,37,32660.64,882.72,1,160,268,8,56,183,Storage,Sofa,701.85,882.72,0,Autumn,1
SKU050,2024-12-02,33,29129.760000000002,882.72,0,160,268,8,56,183,Storage,Sofa,701.85,882.72,0,Winter,0
SKU050,2024-12-09,37,32660.64,882.72,0,160,268,8,56,183,Storage,Sofa,701.85,882.72,0,Winter,0
SKU050,2024-12-16,32,28247.04,882.72,0,160,268,8,56,183,Storage,Sofa,701.85,882.72,0,Winter,0
SKU050,2024-12-23,54,47666.880000000005,882.72,0,160,268,8,56,183,Storage,Sofa,701.85,882.72,1,Winter,0
SKU050,2024-12-30,47,41487.84,882.72,0,500,101,11,51,230,Storage,Sofa,701.85,882.72,0,Winter,0
SKU050,2025-01-06,40,35308.8,882.72,0,500,101,11,51,230,Storage,Sofa,701.85,882.72,0,Winter,0
SKU050,2025-01-13,40,35308.8,882.72,0,500,101,11,51,230,Storage,Sofa,701.85,882.72,0,Winter,0
SKU050,2025-01-20,45,39722.4,882.72,0,500,101,11,51,230,Storage,Sofa,701.85,882.72,1,Winter,0
SKU050,2025-01-27,36,31777.920000000002,882.72,0,547,381,11,54,245,Storage,Sofa,701.85,882.72,0,Winter,0
SKU050,2025-02-03,41,36191.520000000004,882.72,0,547,381,11,54,245,Storage,Sofa,701.85,882.72,0,Winter,0
SKU050,2025-02-10,51,45018.72,882.72,0,547,381,11,54,245,Storage,Sofa,701.85,882.72,0,Winter,0
SKU050,2025-02-17,44,38839.68,882.72,0,547,381,11,54,245,Storage,Sofa,701.85,882.72,0,Winter,0
SKU050,2025-02-24,53,46784.16,882.72,2,552,272,6,76,198,Storage,Sofa,701.85,882.72,0,Winter,1
SKU050,2025-03-03,67,59142.240000000005,882.72,2,552,272,6,76,198,Storage,Sofa,701.85,882.72,0,Spring,1
SKU050,2025-03-10,52,45901.44,882.72,2,552,272,6,76,198,Storage,Sofa,701.85,882.72,0,Spring,1
SKU050,2025-03-17,61,53845.92,882.72,2,552,272,6,76,198,Storage,Sofa,701.85,882.72,0,Spring,1
SKU050,2025-03-24,49,43253.28,882.72,2,552,272,6,76,198,Storage,Sofa,701.85,882.72,0,Spring,1
SKU050,2025-03-31,65,57376.8,882.72,0,456,87,5,118,235,Storage,Sofa,701.85,882.72,0,Spring,0
SKU050,2025-04-07,48,42370.56,882.72,0,456,87,5,118,235,Storage,Sofa,701.85,882.72,0,Spring,0
SKU050,2025-04-14,46,40605.12,882.72,0,456,87,5,118,235,Storage,Sofa,701.85,882.72,0,Spring,0
SKU050,2025-04-21,46,40605.12,882.72,0,456,87,5,118,235,Storage,Sofa,701.85,882.72,0,Spring,0
SKU050,2025-04-28,45,39722.4,882.72,0,684,96,9,121,309,Storage,Sofa,701.85,882.72,0,Spring,0
SKU050,2025-05-05,53,46784.16,882.72,0,684,96,9,121,309,Storage,Sofa,701.85,882.72,0,Summer,0
SKU050,2025-05-12,51,45018.72,882.72,0,684,96,9,121,309,Storage,Sofa,701.85,882.72,0,Summer,0
SKU050,2025-05-19,70,61790.4,882.72,0,684,96,9,121,309,Storage,Sofa,701.85,882.72,0,Summer,0
SKU050,2025-05-26,61,53845.92,882.72,1,370,439,14,151,440,Storage,Sofa,701.85,882.72,0,Summer,1
SKU050,2025-06-02,45,39722.4,882.72,2,370,439,14,151,440,Storage,Sofa,701.85,882.72,0,Summer,1
SKU050,2025-06-09,49,43253.28,882.72,2,370,439,14,151,440,Storage,Sofa,701.85,882.72,0,Summer,1
SKU050,2025-06-16,63,55611.36,882.72,2,370,439,14,151,440,Storage,Sofa,701.85,882.72,0,Summer,1
SKU050,2025-06-23,55,48549.6,882.72,2,370,439,14,151,440,Storage,Sofa,701.85,882.72,0,Summer,1
SKU050,2025-06-30,44,38839.68,882.72,0,202,220,7,106,249,Storage,Sofa,701.85,882.72,0,Summer,0
SKU050,2025-07-07,49,43253.28,882.72,0,202,220,7,106,249,Storage,Sofa,701.85,882.72,0,Monsoon,0
SKU050,2025-07-14,53,46784.159999999996,882.72,0,202,220,7,106,249,Storage,Sofa,701.85,882.72,0,Monsoon,0
SKU050,2025-07-21,43,37956.96,882.72,0,202,220,7,106,249,Storage,Sofa,701.85,882.72,0,Monsoon,0
SKU050,2025-07-28,36,31777.92,882.72,0,499,98,9,59,207,Storage,Sofa,701.85,882.72,0,Monsoon,0
SKU050,2025-08-04,35,30895.2,882.72,0,499,98,9,59,207,Storage,Sofa,701.85,882.72,0,Monsoon,0
SKU050,2025-08-11,43,37956.96,882.72,0,499,98,9,59,207,Storage,Sofa,701.85,882.72,1,Monsoon,0
SKU050,2025-08-18,35,30895.2,882.72,0,499,98,9,59,207,Storage,Sofa,701.85,882.72,0,Monsoon,0
SKU050,2025-08-25,34,30012.48,882.72,0,499,98,9,59,207,Storage,Sofa,701.85,882.72,0,Monsoon,0
SKU050,2025-09-01,29,25598.879999999997,882.72,2,405,45,14,113,355,Storage,Sofa,701.85,882.72,0,Monsoon,1
SKU050,2025-09-08,33,29129.760000000002,882.72,2,405,45,14,113,355,Storage,Sofa,701.85,882.72,0,Monsoon,1
SKU050,2025-09-15,30,26481.6,882.72,2,405,45,14,113,355,Storage,Sofa,701.85,882.72,0,Monsoon,1
SKU050,2025-09-22,38,33543.36,882.72,2,405,45,14,113,355,Storage,Sofa,701.85,882.72,0,Monsoon,1
SKU050,2025-09-29,35,30895.2,882.72,0,519,206,4,105,172,Storage,Sofa,701.85,882.72,0,Monsoon,0
SKU050,2025-10-06,39,34426.08,882.72,0,519,206,4,105,172,Storage,Sofa,701.85,882.72,0,Autumn,0
SKU050,2025-10-13,31,27364.32,882.72,0,519,206,4,105,172,Storage,Sofa,701.85,882.72,0,Autumn,0
SKU050,2025-10-20,31,27364.32,882.72,0,519,206,4,105,172,Storage,Sofa,701.85,882.72,1,Autumn,0
SKU050,2025-10-27,32,28247.04,882.72,2,94,132,13,87,266,Storage,Sofa,701.85,882.72,0,Autumn,1
SKU050,2025-11-03,46,40605.12,882.72,2,94,132,13,87,266,Storage,Sofa,701.85,882.72,0,Autumn,1
SKU050,2025-11-10,40,35308.8,882.72,2,94,132,13,87,266,Storage,Sofa,701.85,882.72,0,Autumn,1
SKU050,2025-11-17,41,36191.520000000004,882.72,2,94,132,13,87,266,Storage,Sofa,701.85,882.72,0,Autumn,1
SKU050,2025-11-24,30,26481.600000000002,882.72,2,94,132,13,87,266,Storage,Sofa,701.85,882.72,0,Autumn,1
SKU050,2025-12-01,40,35308.8,882.72,0,328,525,14,69,316,Storage,Sofa,701.85,882.72,0,Winter,0
SKU050,2025-12-08,34,30012.48,882.72,0,328,525,14,69,316,Storage,Sofa,701.85,882.72,0,Winter,0
SKU050,2025-12-15,34,30012.48,882.72,0,328,525,14,69,316,Storage,Sofa,701.85,882.72,0,Winter,0
SKU050,2025-12-22,49,43253.28,882.72,0,328,525,14,69,316,Storage,Sofa,701.85,882.72,1,Winter,0
